Classical	I
dressage	I

Classical	I
dressage	I
evolved	O
from	O
cavalry	I
movements	I
and	O
training	I
for	O
the	O
battlefield	O
,	O
and	O
has	O
since	O
developed	O
into	O
the	O
competitive	I
dressage	I
seen	O
today	O
.	O

Classical	I
riding	I
is	O
the	O
art	O
of	O
riding	I
in	O
harmony	O
with	O
,	O
rather	O
than	O
against	O
,	O
the	O
horse	I
.	O

Correct	O
classical	I
riding	I
only	O
occurs	O
when	O
the	O
rider	I
has	O
a	O
good	O
seat	I
and	O
a	O
correct	O
and	O
well-balanced	I
body	O
position	O
,	O
moves	O
with	O
the	O
horse	I
's	O
motion	O
,	O
and	O
applies	O
and	O
times	O
the	O
aids	I
correctly	O
.	O

Natural	O
abilities	O
of	O
the	O
horse	I

The	O
origins	O
of	O
classical	I
dressage	I
and	O
collection	I
lie	O
in	O
the	O
natural	O
ability	O
of	O
the	O
horse	I
and	O
its	O
movements	O
in	O
the	O
wild	O
.	O

In	O
fact	O
,	O
most	O
modern	O
definitions	O
of	O
dressage	I
state	O
that	O
the	O
goal	O
is	O
to	O
have	O
the	O
horse	I
perform	O
under	I
saddle	I
with	O
the	O
degree	O
of	O
athleticism	O
and	O
grace	O
that	O
it	O
naturally	O
shows	O
when	O
free	O
.	O

Horses	I
naturally	O
use	O
collection	I
when	O
playing	O
,	O
fighting	O
,	O
competing	O
and	O
courting	O
with	O
each	O
other	O
.	O

When	O
trying	O
to	O
impress	O
other	O
horses	I
,	O
they	O
make	O
themselves	O
look	O
bigger	O
,	O
just	O
as	O
other	O
animals	O
do	O
.	O

They	O
achieve	O
this	O
by	O
lifting	O
the	O
forehand	I
,	O
raising	O
the	O
neck	I
and	O
making	O
it	O
bigger	O
by	O
flexing	O
the	O
poll	I
,	O
while	O
at	O
the	O
same	O
time	O
transforming	O
their	O
gaits	I
to	O
emphasize	O
more	O
upwards	I
movement	I
.	O

When	O
fighting	O
,	O
the	O
horse	I
will	O
collect	I
because	O
in	O
collection	I
he	O
can	O
produce	O
lightning	O
speed	O
reactions	O
for	O
kicking	I
,	O
rearing	I
,	O
spinning	O
,	O
striking	O
with	O
the	O
front	I
feet	I
,	O
bucking	I
and	O
jumping	I
.	O

This	O
natural	O
ability	O
to	O
collect	I
is	O
visible	O
in	O
every	O
horse	I
of	O
any	O
breed	I
,	O
and	O
probably	O
inspired	O
early	O
trainers	I
to	O
reproduce	O
that	O
kind	O
of	O
behavior	O
in	O
more	O
controlled	O
circumstances	O
.	O

This	O
origin	O
also	O
points	O
out	O
why	O
,	O
according	O
to	O
most	O
Classical	I
dressage	I
trainers	I
,	O
every	O
healthy	O
horse	I
,	O
regardless	O
of	O
its	O
breed	I
,	O
can	O
perform	O
classical	I
dressage	I
movements	I
,	O
including	O
the	O
Haute	I
Ecole	I
jumps	I
,	O
or	O
Airs	I
above	I
the	I
ground	I
,	O
even	O
though	O
it	O
may	O
perform	O
them	O
a	O
little	O
differently	O
from	O
the	O
ideal	O
performance	O
due	O
to	O
the	O
build	O
of	O
its	O
body	O
.	O

The	O
ultimate	O
goal	O
of	O
dressage	I
training	I
is	O
to	O
develop	O
a	O
horse	I
to	O
its	O
ability	O
as	O
an	O
athlete	O
:	O
maximum	O
performance	O
with	O
a	O
minimum	O
of	O
effort	O
.	O

The	O
training	I
scale	I
(	O
as	O
set	O
for	O
in	O
the	O
German	O
riding	I
instruction	I
)	O
is	O
to	O
physically	O
develop	O
the	O
horse	I
in	O
a	O
consistent	O
manner	O
with	O
longevity	O
in	O
mind	O
.	O

Dressage	I
is	O
fitness	O
training	I
and	O
needs	O
to	O
be	O
treated	O
as	O
such	O
,	O
with	O
thought	O
,	O
compassion	O
and	O
patience	O
.	O

A	O
history	O
of	O
classical	I
dressage	I

The	O
Western	O
World	O
's	O
earliest	O
complete	O
surviving	O
work	O
on	O
many	O
of	O
the	O
principles	O
of	O
classical	I
dressage	I
is	O
Xenophon	O
's	O
On	O
Horsemanship	I
.	O

Xenophon	O
emphasized	O
training	I
the	O
horse	I
through	O
kindness	O
and	O
reward	I
.	O

In	O
the	O
15th	O
century	O
,	O
brute	O
force	O
training	I
fell	O
out	O
of	O
favour	O
,	O
while	O
artistry	O
in	O
riding	I
came	O
to	O
the	O
fore	O
.	O

Along	O
with	O
these	O
developments	O
came	O
an	O
increase	O
in	O
indoor	I
riding	I
.	O

The	O
Renaissance	O
gave	O
rise	O
to	O
a	O
new	O
and	O
more	O
enlightened	O
approach	O
to	O
riding	I
,	O
as	O
a	O
part	O
of	O
the	O
general	O
cultivation	O
of	O
the	O
classical	O
arts	O
.	O

By	O
the	O
Victorian	O
age	O
,	O
indoor	I
riding	I
had	O
become	O
a	O
sophisticated	O
art	O
,	O
with	O
both	O
rider	I
and	O
horse	I
spending	O
many	O
years	O
perfecting	O
their	O
form	O
.	O

Gueriniere	O
,	O
Eisenberg	O
,	O
Ruy	O
d'Andrade	O
and	O
Marialva	O
wrote	O
treatises	O
on	O
technique	O
and	O
theory	O
during	O
these	O
periods	O
.	O

The	O
horses	I
were	O
trained	I
to	O
perform	O
a	O
number	O
of	O
airs	I
above	I
the	I
ground	I
(	O
or	O
sauts	I
d'école	I
)	O
movements	I
,	O
which	O
could	O
enable	O
their	O
riders	I
to	O
escape	O
if	O
surrounded	O
,	O
or	O
to	O
fight	O
more	O
easily	O
.	O

These	O
included	O
movements	I
such	O
as	O
levade	I
,	O
capriole	I
,	O
courbette	I
,	O
and	O
ballotade	I
.	O

Movements	I
still	O
seen	O
today	O
in	O
competitive	I
dressage	I
include	O
the	O
piaffe	I
,	O
passage	I
,	O
and	O
half-pass	I
.	O

Classical	I
dressage	I
vs.	O
competitive	I
dressage	I

Modern	I
dressage	I
evolved	O
from	O
the	O
classical	O
school	O
,	O
although	O
it	O
now	O
exists	O
in	O
a	O
somewhat	O
different	O
form	O
from	O
its	O
ancestor	O
.	O

Competitive	I
dressage	I
is	O
an	O
international	O
sport	O
ranging	O
from	O
beginner	O
levels	O
to	O
the	O
Olympics	O
.	O

Unlike	O
classical	I
dressage	I
,	O
competitive	I
dressage	I
does	O
not	O
require	O
the	O
airs	I
above	I
ground	I
,	O
which	O
most	O
horses	I
can	O
not	O
perform	O
well	O
even	O
with	O
correct	O
training	I
,	O
due	O
to	O
physical	O
limitations	O
.	O

Instead	O
,	O
competitive	I
dressage	I
focuses	O
on	O
movements	I
such	O
as	O
the	O
piaffe	I
,	O
passage	I
,	O
half-pass	I
,	O
extended	I
trot	I
,	O
pirouette	I
,	O
and	O
tempi	I
changes	I
.	O

In	O
theory	O
,	O
competitive	I
dressage	I
should	O
follow	O
the	O
same	O
principles	O
as	O
classical	I
dressage	I
.	O

However	O
,	O
there	O
has	O
been	O
criticism	O
by	O
some	O
riders	I
for	O
the	O
trend	O
at	O
all	O
levels	O
for	O
quick	O
fixes	O
and	O
incorrect	O
training	I
that	O
makes	O
the	O
horse	I
appear	O
correct	O
,	O
but	O
that	O
is	O
in	O
fact	O
neglecting	O
the	O
fundamentals	O
.	O

Classical	I
riders	I
criticize	O
such	O
training	I
methods	O
on	O
the	O
grounds	O
that	O
they	O
are	O
biomechanically	O
incompatible	O
with	O
correct	O
movement	O
,	O
are	O
painful	O
to	O
the	O
horse	I
,	O
and	O
cause	O
long-term	O
physical	O
damage	O
.	O

These	O
short-cuts	O
usually	O
catch	O
up	O
to	O
the	O
rider	I
as	O
they	O
move	O
up	O
the	O
levels	O
and	O
need	O
to	O
be	O
corrected	O
to	O
perform	O
certain	O
movements	I
.	O

While	O
these	O
modern	O
methods	O
,	O
such	O
as	O
the	O
highly	O
controversial	O
rollkur	I
technique	O
,	O
can	O
produce	O
winning	O
animals	O
,	O
classical	I
dressage	I
riders	I
argue	O
that	O
such	O
training	I
is	O
incorrect	O
and	O
even	O
abusive	O
.	O

It	O
is	O
also	O
believed	O
by	O
some	O
that	O
competitive	I
dressage	I
does	O
not	O
always	O
reward	O
the	O
most	O
correctly	O
trained	I
horse	I
and	O
rider	I
,	O
especially	O
at	O
the	O
lower	O
levels	O
.	O

For	O
example	O
,	O
some	O
riders	I
who	O
consider	O
themselves	O
to	O
be	O
training	I
classically	O
would	O
not	O
ask	O
their	O
horse	I
to	O
hold	O
his	O
head	I
near-vertical	O
when	O
he	O
first	O
began	O
training	I
,	O
and	O
this	O
would	O
be	O
penalized	O
at	O
the	O
lower	O
levels	O
of	O
competitive	I
dressage	I
,	O
marked	O
down	O
because	O
the	O
horse	I
is	O
not	O
considered	O
to	O
be	O
correctly	O
on	I
the	I
bit	I
.	O

Other	O
riders	I
,	O
who	O
also	O
would	O
consider	O
themselves	O
classically	I
trained	I
,	O
would	O
disagree	O
,	O
saying	O
that	O
if	O
a	O
horse	I
is	O
not	O
ready	O
to	O
travel	O
in	O
a	O
correct	O
outline	O
(	O
on	I
the	I
bit	I
)	O
he	O
is	O
not	O
ready	O
for	O
competition	I
,	O
and	O
this	O
is	O
the	O
reason	O
such	O
horses	I
would	O
be	O
marked	O
down	O
.	O

The	O
highest	O
form	O
of	O
classical	I
riding	I
,	O
as	O
well	O
as	O
dressage	I
,	O
high	I
school	I
dressage	I
,	O
or	O
haute	I
école	I
,	O
takes	O
years	O
for	O
both	O
the	O
horse	I
and	O
rider	I
to	O
master	O
.	O

When	O
a	O
horse	I
is	O
advanced	O
in	O
its	O
training	I
,	O
it	O
can	O
perform	O
not	O
only	O
Grand	I
Prix	I
dressage	I
movements	I
such	O
as	O
collected	I
and	O
extended	I
gaits	I
,	O
passage	I
and	O
piaffe	I
,	O
but	O
some	O
can	O
also	O
perform	O
certain	O
Airs	I
Above	I
the	I
Ground	I
,	O
although	O
usually	O
a	O
horse	I
will	O
only	O
be	O
trained	I
in	O
one	O
air	I
,	O
and	O
only	O
if	O
it	O
is	O
particularly	O
able	O
.	O

The	O
School	I
Jumps	I

Main	O
article	O
:	O
Airs	I
above	I
the	I
ground	I

The	O
high	I
school	I
or	O
'	O
haute	I
ecole	I
'	O
school	I
jumps	I
,	O
popularly	O
known	O
as	O
the	O
airs	I
above	I
the	I
ground	I
,	O
include	O
the	O
courbette	I
,	O
capriole	I
,	O
levade	I
,	O
and	O
ballotade	I
.	O

Though	O
these	O
movements	I
are	O
said	O
to	O
come	O
from	O
when	O
the	O
horse	I
was	O
used	O
in	O
war	O
,	O
in	O
their	O
modern	O
form	O
,	O
it	O
is	O
unlikely	O
the	O
airs	I
were	O
used	O
in	O
actual	O
battle	O
,	O
as	O
all	O
but	O
the	O
Capriole	I
expose	O
the	O
horse	I
's	O
sensitive	O
underbelly	I
to	O
the	O
weapons	O
of	O
foot	O
soldiers	O
,	O
and	O
it	O
is	O
more	O
likely	O
that	O
they	O
were	O
training	I
exercises	I
used	O
off	O
the	O
battlefield	O
.	O

The	O
courbette	I
is	O
a	O
movement	I
where	O
the	O
horse	I
balances	I
on	O
its	O
hindlegs	I
and	O
jumps	I
,	O
keeping	O
its	O
forelegs	I
off	O
the	O
ground	O
,	O
thus	O
it	O
hops	O
on	O
its	O
hindlegs	I
.	O

The	O
capriole	I
is	O
a	O
movement	I
where	O
the	O
horse	I
leaps	O
into	O
the	O
air	O
and	O
pulls	O
his	O
forelegs	I
in	O
towards	O
his	O
chest	I
at	O
the	O
height	O
of	O
elevation	I
,	O
while	O
kicking	I
out	O
with	O
his	O
hindlegs	I
.	O

The	O
levade	I
is	O
a	O
movement	I
where	O
the	O
horse	I
is	O
balanced	I
on	O
its	O
haunches	I
at	O
a	O
45	O
degree	O
angle	O
from	O
the	O
ground	O
.	O

It	O
requires	O
great	O
control	O
and	O
balance	I
,	O
and	O
is	O
very	O
strenuous	O
.	O

There	O
are	O
two	O
main	O
breeds	I
that	O
are	O
most	O
well	O
known	O
for	O
their	O
abilities	O
for	O
airs	I
above	I
ground	I
:	O
the	O
Lipizzaner	I
and	O
the	O
Andalusian	I
.	O

Other	O
breeds	I
that	O
are	O
known	O
for	O
their	O
abilities	O
in	O
High	I
School	I
dressage	I
include	O
the	O
Friesian	I
and	O
Lusitano	I
.	O

The	O
Spanish	O
Riding	I
School	I
in	O
Vienna	O
,	O
as	O
well	O
as	O
the	O
Cadre	O
Noir	O
in	O
Saumur	O
,	O
still	O
practice	O
and	O
teach	O
the	O
Haute	I
Ecole	I
.	O

The	O
Spanish	O
Riding	I
School	I
exclusively	O
uses	O
Lipizzan	I
stallions	I
for	O
their	O
work	O
.	O

Today	O
the	O
only	O
remaining	O
large	O
schools	O
of	O
classical	I
dressage	I
are	O
the	O
Cadre	O
Noir	O
,	O
the	O
Spanish	O
Riding	I
School	I
,	O
the	O
Royal	O
Andalusian	I
School	O
of	O
Equestrian	I
Art	O
in	O
Jerez	O
de	O
la	O
Frontera	O
,	O
the	O
Portuguese	O
School	O
of	O
Equestrian	I
Art	O
in	O
Lisbon	O
,	O
the	O
Mexican	O
Haute	I
École	I
of	O
Riders	I
Domecq	O
in	O
Texcoco	O
and	O
the	O
South	O
African	O
Lipizzaners	I
in	O
South	O
Africa	O
.	O

There	O
are	O
independent	O
classical	I
dressage	I
trainers	I
who	O
also	O
endeavor	O
to	O
keep	O
this	O
branch	O
of	O
the	O
art	O
alive	O
,	O
including	O
the	O
Portuguese	O
riding	I
master	O
Nuno	O
Oliveira	O
and	O
his	O
students	O
,	O
Bent	O
Branderup	O
and	O
the	O
American	O
clinician	O
,	O
Paul	O
Belasik	O
.	O

Dressage	I
masters	I
and	O
authors	O

Xenophon	O
(	O
427	O
-	O
355	O
BC	O
)	O
:	O
Greek	O
general	O
,	O
the	O
earliest	O
European	O
master	O
with	O
surviving	O
treatises	O
,	O
wrote	O
On	O
Horsemanship	I
which	O
advocated	O
the	O
use	O
of	O
sympathetic	O
training	I
of	O
the	O
horse	I
.	O

Despite	O
living	O
over	O
2000	O
years	O
ago	O
,	O
his	O
ideas	O
are	O
still	O
widely	O
praised	O

Federico	O
Grisone	O
(	O
mid-16th	O
century	O
)	O
:	O
one	O
of	O
the	O
few	O
to	O
write	O
on	O
horsemanship	I
to	O
that	O
point	O
since	O
Xenophon	O
.	O

Was	O
considered	O
a	O
master	O
of	O
his	O
time	O
;	O
his	O
methods	O
are	O
viewed	O
as	O
harsh	O
and	O
cruel	O
by	O
modern	O
standards	O

Giovanni	O
Battista	O
Pignatelli	O
(	O
mid	O
-	O
to	O
late-16th	O
century	O
)	O

Salomon	O
de	O
La	O
Broue	O
(	O
1530–1610	O
)	O

Antoine	O
de	O
Pluvinel	O
(	O
1555–1620	O
)	O
:	O
the	O
first	O
of	O
the	O
French	O
riding	I
masters	I
,	O
author	O
of	O
L'Instruction	O
du	O
Roy	O
en	O
l'Exercise	O
de	O
Monter	O
a	O
Cheval	O
,	O
tutor	O
to	O
King	O
Louis	O
XIII	O
,	O
and	O
is	O
the	O
first	O
notable	O
writer	O
to	O
advocate	O
for	O
gentle	O
training	I
since	O
Xenophon	O

William	O
Cavendish	O
,	O
1st	O
Duke	O
of	O
Newcastle	O
(	O
1592–1676	O
)	O
:	O
Master	I
of	I
Horse	I
to	O
Charles	O
II	O
of	O
England	O

François	O
Robichon	O
de	O
La	O
Guérinière	O
(	O
1688–1751	O
)	O
:	O
taught	O
the	O
classical	I
position	I
still	O
used	O
today	O
,	O
introduced	O
the	O
flying	I
change	I
,	O
and	O
had	O
great	O
impact	O
on	O
the	O
Spanish	O
Riding	I
School	I

Maximilian	O
Weyrother	O
(	O
1783–1833	O
)	O
director	O
of	O
the	O
Spanish	O
Riding	I
School	I

François	O
Baucher	O
(	O
1796–1873	O
)	O
:	O
introduced	O
the	O
one-tempi	I
flying	I
change	I
,	O
his	O
method	O
,	O
which	O
is	O
still	O
hotly	O
contested	O
,	O
was	O
based	O
on	O
the	O
fact	O
that	O
the	O
horse	I
's	O
jaw	I
is	O
the	O
source	O
of	O
all	O
resistance	O
;	O
there	O
are	O
two	O
'	O
manners	O
'	O
by	O
which	O
Baucher	O
is	O
known	O
,	O
the	O
first	O
a	O
more	O
dominant	O
form	O
of	O
riding	I
comparable	O
to	O
the	O
modern	O
rollkur	I
,	O
the	O
second	O
more	O
associated	O
with	O
'	O
lightness	I
'	O
and	O
a	O
lessening	O
of	O
the	O
hands	I
and	O
legs	I
as	O
the	O
horse	I
progresses	O

Count	O
Antoine	O
Cartier	O
D'Aure	O
(	O
1799–1863	O
)	O

Gustav	O
Steinbrecht	O
(	O
1808–1885	O
)	O

James	O
Fillis	O
(	O
1834	O
-	O
1913	O
)	O

Alois	O
Podhajsky	O
(	O
1898–1973	O
)	O
:	O
became	O
director	O
of	O
the	O
Spanish	O
Riding	I
School	I
in	O
1939	O
;	O
his	O
books	O
in	O
English	O
translation	O
form	O
the	O
basis	O
of	O
Classical	I
Dressage	I
today	O

Nuno	O
Oliveira	O
(	O
1925–1989	O
)	O

Egon	O
von	O
Neindorff	O
(	O
1923–2004	O
)	O
:	O
author	O
of	O
The	O
Art	O
of	O
Classical	O
Horsemanship	I

