COMMUNICATION	O
FROM	O
THE	O
COMMISSION	I
TO	O
THE	O
EUROPEAN	I
PARLIAMENT	I
,	O
THE	O
COUNCIL	I
AND	O
THE	O
EUROPEAN	I
ECONOMIC	I
AND	I
SOCIAL	I
COMMITTEE	I
Fighting	I
Corruption	I
in	O
the	O
EU	I
/	O
*	O
COM	O
/	O
2011	O
/	O
0308	O
final	O
*	O
/	O

COMMUNICATION	O
FROM	O
THE	O
COMMISSION	I
TO	O
THE	O
EUROPEAN	I
PARLIAMENT	I
,	O
THE	O
COUNCIL	I
AND	O
THE	O
EUROPEAN	I
ECONOMIC	I
AND	I
SOCIAL	I
COMMITTEE	I

Fighting	I
Corruption	I
in	O
the	O
EU	I

1	O
.	O

Introduction	O

Four	O
out	O
of	O
five	O
EU	I
citizens	O
regard	O
corruption	I
as	O
a	O
serious	O
problem	O
in	O
their	O
Member	O
State	O
.	O

Despite	O
the	O
fact	O
that	O
the	O
European	I
Union	I
over	O
the	O
last	O
decades	O
has	O
contributed	O
significantly	O
to	O
opening	O
up	O
Europe	I
and	O
making	O
it	O
more	O
transparent	I
,	O
it	O
is	O
evident	O
that	O
a	O
lot	O
remains	O
to	O
be	O
done	O
.	O

It	O
is	O
not	O
acceptable	O
that	O
an	O
estimated	O
120	O
billion	O
Euros	O
per	O
year	O
,	O
or	O
one	O
percent	O
of	O
the	O
EU	I
GDP	I
,	O
is	O
lost	O
to	O
corruption	I
.	O

This	O
is	O
certainly	O
not	O
a	O
new	O
problem	O
to	O
the	O
EU	I
,	O
and	O
we	O
will	O
not	O
be	O
able	O
to	O
totally	O
eradicate	O
corruption	I
from	O
our	O
societies	I
,	O
but	O
it	O
is	O
telling	O
that	O
the	O
average	O
score	O
of	O
the	O
EU27	I
in	O
Transparency	I
International	I
's	O
Corruption	I
Perception	I
Index	I
has	O
improved	O
only	O
modestly	O
over	O
the	O
last	O
ten	O
years	O
.	O

Although	O
the	O
nature	O
and	O
extent	O
of	O
corruption	I
vary	O
,	O
it	O
harms	O
all	O
EU	I
Member	O
States	O
and	O
the	O
EU	I
as	O
a	O
whole	O
.	O

It	O
inflicts	O
financial	I
damage	O
by	O
lowering	O
investment	I
levels	I
,	O
hampering	O
the	O
fair	O
operation	O
of	O
the	O
internal	I
market	I
and	O
reducing	O
public	I
finances	I
.	O

It	O
causes	O
social	O
harm	O
as	O
organised	I
crime	I
groups	I
use	O
corruption	I
to	O
commit	O
other	O
serious	O
crimes	I
,	O
such	O
as	O
trafficking	O
in	O
drugs	O
and	O
human	O
beings	O
.	O

Moreover	O
,	O
if	O
not	O
addressed	O
,	O
corruption	I
can	O
undermine	O
trust	O
in	O
democratic	O
institutions	O
and	O
weaken	O
the	O
accountability	I
of	O
political	I
leadership	O
.	O

Over	O
the	O
last	O
decade	O
,	O
some	O
efforts	O
have	O
been	O
made	O
at	O
international	O
,	O
EU	I
and	O
national	O
level	O
to	O
reduce	O
corruption[5	I
]	O
.	O

At	O
EU	I
level	O
,	O
the	O
anti-corruption	I
legal	I
framework	I
has	O
developed	O
by	O
the	O
adoption	O
of	O
legislation	I
on	I
corruption	I
in	O
the	O
private	I
sector	I
and	O
the	O
accession	O
of	O
the	O
EU	I
to	O
the	O
United	I
Nations	I
Convention	I
against	I
Corruption	I
(	O
UNCAC	I
)	O
.	O

The	O
Treaty	I
on	I
the	I
Functioning	I
of	I
the	I
European	I
Union	I
recognises	O
that	O
corruption	I
is	O
a	O
serious	O
crime	I
with	O
a	O
cross-border	O
dimension	O
which	O
Member	O
States	O
are	O
not	O
fully	O
equipped	O
to	O
tackle	O
on	O
their	O
own	O
.	O

Anti-corruption	I
measures	I
have	O
,	O
to	O
some	O
extent	O
,	O
been	O
integrated	O
within	O
a	O
range	O
of	O
EU	I
policies	I
.	O

However	O
,	O
the	O
implementation	O
of	O
the	O
anti-corruption	I
legal	I
framework	I
remains	O
uneven	O
among	O
EU	I
Member	O
States	O
and	O
unsatisfactory	O
overall	O
.	O

The	O
EU	I
anti-corruption	I
legislation	I
is	O
not	O
transposed	I
in	O
all	O
Member	O
States	O
.	O

Some	O
countries	O
have	O
not	O
ratified	O
the	O
most	O
important	O
international	O
anti-corruption	I
instruments	I
.	O

More	O
importantly	O
,	O
even	O
where	O
anti-corruption	I
institutions	O
and	O
legislation	I
are	O
in	O
place	O
its	O
enforcement	I
is	O
often	O
insufficient	O
in	O
practice	O
.	O

This	O
reflects	O
a	O
lack	O
of	O
firm	O
political	I
commitment	O
on	O
the	O
part	O
of	O
leaders	O
and	O
decision-makers	O
to	O
combat	I
corruption	I
in	O
all	O
its	O
forms	O
-	O
political	I
corruption	I
,	O
corrupt	I
activities	I
committed	O
by	O
and	O
with	O
organised	I
crime	I
groups	I
,	O
private-to-private	I
corruption	I
and	O
so-called	O
petty	I
corruption	I
.	O

There	O
is	O
thus	O
an	O
evident	O
need	O
to	O
stimulate	O
political	I
will	O
to	O
fight	I
corruption	I
,	O
and	O
improve	O
the	O
coherence	O
of	O
anti-corruption	I
policies	I
and	O
actions	O
taken	O
by	O
Member	O
States	O
.	O

That	O
is	O
why	O
the	O
Commission	I
will	O
set	O
up	O
a	O
new	O
mechanism	O
,	O
the	O
EU	I
Anti-Corruption	I
Report	I
,	O
to	O
monitor	O
and	O
assess	O
Member	O
States	O
'	O
efforts	O
against	O
corruption	I
,	O
and	O
consequently	O
encourage	O
more	O
political	I
engagement	O
.	O

Supported	O
by	O
an	O
expert	O
group	O
and	O
a	O
network	O
of	O
research	O
correspondents	O
,	O
and	O
the	O
necessary	O
EU	I
budget	I
,	O
the	O
Report	O
will	O
be	O
managed	O
by	O
the	O
Commission	I
and	O
published	O
every	O
two	O
years	O
,	O
starting	O
in	O
2013	O
.	O

It	O
will	O
give	O
a	O
fair	O
reflection	O
of	O
the	O
achievements	O
,	O
vulnerabilities	O
and	O
commitments	O
of	O
all	O
Member	O
States	O
.	O

It	O
will	O
identify	O
trends	O
and	O
weaknesses	O
that	O
need	O
to	O
be	O
addressed	O
,	O
as	O
well	O
as	O
stimulate	O
peer	O
learning	O
and	O
exchange	O
of	O
best	O
practices	O
.	O

Alongside	O
this	O
mechanism	O
,	O
the	O
EU	I
should	O
participate	O
in	O
the	O
Council	I
of	I
Europe	I
Group	I
of	I
States	I
against	I
Corruption	I
(	O
GRECO	I
)	O
.	O

The	O
EU	I
should	O
also	O
put	O
stronger	O
focus	O
on	O
corruption	I
in	O
all	O
relevant	O
EU	I
policies	I
–	O
internal	O
as	O
well	O
as	O
external	O
.	O

The	O
Commission	I
will	O
therefore	O
,	O
in	O
particular	O
,	O
propose	O
modernised	O
EU	I
rules	I
on	O
confiscation	I
of	I
criminal	I
assets	I
in	O
2011	O
,	O
a	O
strategy	O
to	O
improve	O
criminal	I
financial	I
investigations	I
in	O
Member	O
States	O
in	O
2012	O
,	O
and	O
adopt	O
in	O
2011	O
an	O
Action	I
Plan	I
for	O
how	O
to	O
improve	O
crime	I
statistics	O
.	O

The	O
Commission	I
will	O
also	O
work	O
with	O
EU	I
agencies	O
such	O
as	O
Europol	I
,	O
Eurojust	I
and	O
CEPOL	I
,	O
as	O
well	O
as	O
with	O
OLAF	I
to	O
step	O
up	O
judicial	I
and	O
police	I
cooperation	O
and	O
improve	O
training	O
of	O
law	I
enforcement	I
officials	I
.	O

It	O
will	O
continue	O
to	O
prepare	O
modernised	O
EU	I
rules	I
on	O
procurement	I
and	O
on	O
accounting	I
standards	I
and	O
statutory	I
audit	I
for	O
EU	I
companies	I
.	O

Also	O
,	O
the	O
Commission	I
will	O
adopt	O
a	O
strategy	O
to	O
combat	O
fraud	I
affecting	O
the	O
financial	I
interests	I
of	O
the	O
EU	I
in	O
2011	O
.	O

In	O
parallel	O
,	O
the	O
Commission	I
will	O
put	O
a	O
stronger	O
focus	O
on	O
anti-corruption	I
issues	O
within	O
the	O
EU	I
enlargement	O
process	O
and	O
-	O
together	O
with	O
the	O
High	O
Representative	O
-	O
in	O
our	O
neighbourhood	I
policy	I
,	O
as	O
well	O
as	O
make	O
greater	O
use	O
of	O
conditionality	O
in	O
cooperation	O
and	O
development	O
policies	I
.	O

Business	I
sector	O
initiatives	O
and	O
private-public	I
dialogue	I
at	O
EU	I
level	O
on	O
how	O
to	O
prevent	O
corruption	I
should	O
be	O
further	O
developed	O
.	O

This	O
Communication	O
presents	O
the	O
objectives	O
of	O
the	O
EU	I
Anti-Corruption	I
Report	I
and	O
how	O
it	O
will	O
operate	O
in	O
practice	O
,	O
and	O
explains	O
how	O
the	O
EU	I
should	O
place	O
greater	O
emphasis	O
on	O
corruption	I
in	O
internal	O
and	O
external	O
policies	I
.	O

It	O
will	O
be	O
complemented	O
by	O
a	O
Commission	I
Anti-Fraud	I
Strategy	I
.	O

While	O
the	O
former	O
focuses	O
on	O
the	O
enforcement	I
of	O
anti-corruption	I
policies	I
by	O
the	O
Member	O
States	O
,	O
the	O
latter	O
will	O
mainly	O
cover	O
measures	O
under	O
the	O
responsibility	O
of	O
the	O
Commission	I
for	O
the	O
protection	O
of	O
EU	I
financial	I
interests	I
.	O

2	O
.	O

Stronger	O
monitoring	O
of	O
anti-corruption	I
efforts	O

2.1	O
.	O

Current	O
monitoring	I
and	O
evaluation	I
mechanisms	I

To	O
date	O
there	O
is	O
no	O
mechanism	O
in	O
place	O
monitoring	O
the	O
existence	O
,	O
and	O
assessing	O
the	O
effectiveness	O
,	O
of	O
anti-corruption	I
policies	I
at	O
EU	I
and	O
Member	O
State	O
level	O
in	O
a	O
coherent	O
cross-cutting	O
manner	O
.	O

At	O
international	O
level	O
,	O
the	O
main	O
existing	O
monitoring	I
and	O
evaluation	I
mechanisms	I
are	O
the	O
Council	I
of	I
Europe	I
Group	I
of	I
States	I
against	I
Corruption	I
(	O
GRECO	I
)	O
,	O
the	O
OECD	I
Working	I
Group	I
on	I
Bribery	I
,	O
and	O
the	O
review	I
mechanism	I
of	O
the	O
UN	I
Convention	I
against	I
Corruption	I
(	O
UNCAC	I
)	O
.	O

Those	O
mechanisms	O
provide	O
an	O
impetus	O
for	O
states	O
parties	O
to	O
implement	O
and	O
enforce	O
anti-corruption	I
standards	I
.	O

However	O
,	O
they	O
each	O
have	O
several	O
features	O
limiting	O
their	O
potential	O
to	O
address	O
effectively	O
the	O
problems	O
associated	O
with	O
corruption	I
at	O
EU	I
level	O
.	O

The	O
most	O
inclusive	O
existing	O
instrument	O
relevant	O
for	O
the	O
EU	I
is	O
GRECO	I
,	O
in	O
as	O
much	O
as	O
all	O
Member	O
States	O
are	O
participating	O
.	O

Through	O
GRECO	I
,	O
the	O
Council	I
of	I
Europe	I
contributes	O
to	O
ensuring	O
minimum	O
standards	O
in	O
a	O
pan-European	O
legal	I
area	I
.	O

However	O
,	O
given	O
the	O
limited	O
visibility	O
of	O
the	O
intergovernmental	I
GRECO	I
evaluation	O
process	O
and	O
its	O
follow-up	I
mechanism	I
,	O
it	O
has	O
,	O
so	O
far	O
,	O
not	O
generated	O
the	O
necessary	O
political	I
will	O
in	O
the	O
Member	O
States	O
to	O
tackle	O
corruption	I
effectively	O
.	O

Furthermore	O
,	O
GRECO	I
monitors	O
compliance	I
with	O
a	O
spectrum	O
of	O
anti-corruption	I
standards	I
established	O
by	O
the	O
Council	I
of	I
Europe	I
and	O
accordingly	O
focuses	O
less	O
on	O
specific	O
areas	O
of	O
the	O
EU	I
legislation	I
,	O
such	O
as	O
public	I
procurement	I
.	O

The	O
GRECO	I
system	O
,	O
moreover	O
,	O
does	O
not	O
allow	O
for	O
comparative	O
analysis	O
and	O
hence	O
the	O
identification	O
of	O
corruption	I
trends	O
in	O
the	O
EU	I
,	O
nor	O
does	O
it	O
actively	O
stimulate	O
the	O
exchange	O
of	O
best	O
practices	O
and	O
peer	O
learning	O
.	O

The	O
OECD	I
's	I
Convention	I
on	I
Combating	I
Bribery	I
of	I
Foreign	I
Officials	I
in	I
International	I
Business	I
Transactions	I
(	O
Anti-Bribery	I
Convention	I
)	O
focuses	O
on	O
the	O
specific	O
issue	O
of	O
bribery	I
of	O
foreign	O
public	I
officials	I
in	O
international	O
business	I
transactions	I
,	O
and	O
can	O
not	O
be	O
extended	O
to	O
other	O
areas	O
of	O
importance	O
for	O
the	O
fight	I
against	I
corruption	I
in	O
the	O
EU	I
.	O

The	O
seventh	O
annual	O
Progress	O
Report	O
prepared	O
by	O
Transparency	I
International	I
indicated	O
that	O
enforcement	I
of	O
the	O
Anti-Bribery	I
Convention	I
has	O
been	O
uneven	O
:	O
active	O
enforcement	I
occurred	O
in	O
only	O
four	O
EU	I
Member	O
States	O
and	O
little	O
or	O
no	O
enforcement	I
in	O
12	O
EU	I
Member	O
States	O
.	O

In	O
spite	O
of	O
a	O
thorough	O
evaluation	O
system	O
in	O
the	O
form	O
of	O
the	O
OECD	I
Working	I
Group	I
on	I
Bribery	I
,	O
political	I
commitment	O
to	O
effective	O
implementation	O
of	O
the	O
OECD	I
Anti-Bribery	I
Convention	I
has	O
remained	O
insufficient	O
.	O

The	O
UN	I
Convention	I
against	I
Corruption	I
(	O
UNCAC	I
)	O
entered	O
into	O
force	O
in	O
December	O
2005	O
,	O
and	O
the	O
EU	I
joined	O
in	O
September	O
2008	O
.	O

The	O
Conference	O
of	O
States	O
Parties	O
to	O
UNCAC	I
adopted	O
the	O
terms	O
of	O
reference	O
of	O
the	O
Mechanism	O
for	O
the	O
Review	O
of	O
Implementation	O
of	O
UNCAC	I
in	O
November	O
2009	O
.	O

The	O
EU	I
supports	O
the	O
involvement	O
of	O
civil	I
society	I
and	O
transparency	I
in	O
the	O
findings	O
of	O
the	O
evaluations	O
under	O
the	O
Mechanism	O
.	O

However	O
,	O
several	O
features	O
are	O
likely	O
to	O
limit	O
the	O
potential	O
of	O
the	O
UNCAC	I
review	I
mechanism	I
to	O
address	O
problems	O
associated	O
with	O
corruption	I
at	O
EU	I
level	O
:	O
it	O
is	O
an	O
intergovernmental	I
instrument	O
,	O
the	O
cross-review	O
system	O
is	O
likely	O
to	O
leave	O
out	O
policy	I
areas	I
of	O
particular	O
relevance	O
to	O
the	O
EU	I
,	O
it	O
includes	O
states	O
parties	O
which	O
may	O
have	O
lower	O
anti-corruption	I
standards	I
than	O
the	O
EU	I
,	O
the	O
review	O
cycles	O
will	O
be	O
of	O
relatively	O
long	O
duration	O
,	O
and	O
recommendations	O
to	O
states	O
parties	O
which	O
are	O
not	O
implemented	O
might	O
be	O
followed	O
up	O
only	O
a	O
limited	O
number	O
of	O
times	O
.	O

2.2	O
.	O

The	O
EU	I
Anti-Corruption	I
Report	I

Given	O
the	O
limitations	O
of	O
the	O
existing	O
international	O
monitoring	I
and	O
evaluation	I
mechanisms	I
explained	O
above	O
,	O
a	O
specific	O
EU	I
monitoring	I
and	O
assessment	I
mechanism	I
,	O
the	O
EU	I
Anti-Corruption	I
Report	I
,	O
should	O
be	O
established	O
to	O
prompt	O
stronger	O
political	I
will	O
in	O
the	O
Member	O
States	O
and	O
enforcement	I
of	O
the	O
existing	O
legal	I
and	O
institutional	O
tools	O
.	O

That	O
mechanism	O
should	O
be	O
combined	O
with	O
EU	I
participation	O
in	O
GRECO	I
.	O

The	O
EU	I
Anti-Corruption	I
Report	I
will	O
be	O
issued	O
by	O
the	O
Commission	I
every	O
two	O
years	O
,	O
starting	O
in	O
2013	O
.	O

The	O
establishment	O
of	O
the	O
EU	I
Anti-Corruption	I
Report	I
is	O
the	O
Commission	I
's	O
response	O
to	O
the	O
call	O
from	O
Member	O
States	O
,	O
in	O
the	O
Stockholm	I
Programme	I
,	O
to	O
'	O
develop	O
indicators	O
,	O
on	O
the	O
basis	O
of	O
existing	O
systems	O
and	O
common	O
criteria	O
,	O
to	O
measure	O
anti-corruption	I
efforts	O
within	O
the	O
Union	O
'	O
,	O
and	O
from	O
the	O
European	I
Parliament	I
to	O
monitor	O
anti-corruption	I
efforts	O
in	O
the	O
Member	O
States	O
on	O
a	O
regular	O
basis	O
.	O

The	O
establishment	O
of	O
the	O
EU	I
Anti-Corruption	I
Report	I
starts	O
from	O
the	O
principle	O
that	O
although	O
there	O
is	O
no	O
'	O
one-size-fits-all	O
'	O
solution	O
to	O
fighting	I
corruption	I
,	O
corruption	I
is	O
a	O
concern	O
for	O
all	O
EU	I
Member	O
States	O
.	O

Through	O
periodical	O
assessment	O
and	O
publication	O
of	O
objective	O
fact-based	O
reports	O
,	O
the	O
Report	O
will	O
create	O
an	O
additional	O
impetus	O
for	O
Member	O
States	O
to	O
tackle	O
corruption	I
effectively	O
,	O
notably	O
by	O
implementing	O
and	O
enforcing	O
internationally	O
agreed	O
anti-corruption	I
standards	I
.	O

The	O
mechanism	O
,	O
applicable	O
equally	O
to	O
all	O
Member	O
States	O
,	O
will	O
provide	O
a	O
clearer	O
overview	O
of	O
the	O
existence	O
and	O
effectiveness	O
of	O
anti-corruption	I
efforts	O
in	O
the	O
EU	I
,	O
help	O
identify	O
specific	O
causes	O
of	O
corruption	I
,	O
and	O
thus	O
provide	O
grounds	O
for	O
sound	O
preparation	O
of	O
future	O
EU	I
policy	I
actions	O
.	O

It	O
will	O
moreover	O
act	O
as	O
a	O
'	O
crisis	O
alert	O
'	O
to	O
mitigate	O
the	O
potential	O
risks	O
of	O
deeply-rooted	O
problems	O
which	O
could	O
evolve	O
into	O
a	O
crisis	O
.	O

When	O
preparing	O
the	O
EU	I
Anti-Corruption	I
Report	I
the	O
Commission	I
will	O
cooperate	O
with	O
existing	O
monitoring	I
and	O
evaluation	I
mechanisms	I
to	O
avoid	O
additional	O
administrative	I
burdens	O
for	O
Member	O
States	O
and	O
duplication	O
of	O
efforts	O
.	O

It	O
will	O
draw	O
on	O
the	O
minimum	O
standards	O
against	O
corruption	I
established	O
by	O
existing	O
international	O
instruments	O
such	O
as	O
the	O
Council	I
of	I
Europe	I
's	O
Criminal	I
Law	I
Convention	I
on	I
Corruption	I
,	O
Civil	I
Law	I
Convention	I
on	I
Corruption	I
,	O
Twenty	O
guiding	O
principles	O
for	O
the	O
fight	I
against	I
corruption	I
,	O
the	O
UNCAC	I
and	O
the	O
OECD	I
Anti-Bribery	I
Convention	I
.	O

Given	O
that	O
almost	O
all	O
forms	O
of	O
corruption	I
may	O
have	O
cross-border	O
implications	O
,	O
the	O
Report	O
will	O
not	O
be	O
limited	O
to	O
an	O
exhaustive	O
list	O
of	O
priority	O
areas	O
.	O

Each	O
EU	I
Anti-Corruption	I
Report	I
will	O
however	O
focus	O
on	O
a	O
number	O
of	O
cross-cutting	O
issues	O
of	O
particular	O
relevance	O
at	O
EU	I
level	O
,	O
as	O
well	O
as	O
selected	O
issues	O
specific	O
to	O
each	O
Member	O
State	O
.	O

These	O
will	O
be	O
assessed	O
against	O
a	O
number	O
of	O
indicators	O
,	O
based	O
on	O
the	O
already	O
existing	O
standards	O
in	O
the	O
respective	O
fields	O
and	O
some	O
newly	O
developed	O
in	O
the	O
process	O
of	O
preparing	O
the	O
Report	O
.	O

New	O
indicators	O
will	O
be	O
developed	O
where	O
relevant	O
standards	O
are	O
not	O
yet	O
laid	O
down	O
in	O
an	O
existing	O
instrument	O
or	O
where	O
higher	O
standards	O
are	O
required	O
at	O
EU	I
level	O
.	O

In	O
the	O
selection	O
of	O
existing	O
and	O
the	O
development	O
of	O
new	O
indicators	O
,	O
the	O
Commission	I
will	O
consult	O
competent	O
anti-corruption	I
authorities	I
in	O
the	O
Member	O
States	O
.	O

Indicators	O
may	O
include	O
:	O
perceptions	O
of	O
corruption	I
,	O
respondents	O
'	O
behaviour	O
linked	O
to	O
corrupt	I
activities	I
,	O
and	O
criminal	I
justice	I
statistics	O
,	O
including	O
on	O
seizures	I
and	O
confiscations	I
of	O
the	O
proceeds	I
of	O
corruption-related	I
crime	I
.	O

The	O
EU	I
Anti-Corruption	I
Report	I
will	O
include	O
a	O
quantitative	O
assessment	O
of	O
those	O
indicators	O
and	O
a	O
qualitative	O
analysis	O
of	O
corruption	I
trends	O
and	O
results	O
.	O

The	O
Anti-Corruption	I
Report	I
will	O
comprise	O
:	O

A	O
thematic	O
section	O
,	O
highlighting	O
specific	O
aspects	O
of	O
the	O
fight	I
against	I
corruption	I
in	O
the	O
EU	I
based	O
on	O
research	O
and	O
including	O
thematic	O
case	O
studies	O
,	O
examples	O
of	O
best	O
practices	O
and	O
recommendations	O
.	O

Country	O
analyses	O
,	O
including	O
tailor-made	O
recommendations	O
directed	O
to	O
individual	O
Member	O
States	O
,	O
based	O
on	O
the	O
results	O
of	O
existing	O
monitoring	I
mechanisms	I
and	O
reviews	O
of	O
available	O
evidence	I
from	O
relevant	O
sources	O
.	O

This	O
section	O
may	O
be	O
accompanied	O
by	O
recommendations	O
for	O
appropriate	O
action	O
at	O
EU	I
level	O
.	O

Trends	O
at	O
EU	I
level	O
,	O
including	O
the	O
results	O
of	O
a	O
Eurobarometer	I
survey	O
on	O
corruption	I
conducted	O
every	O
two	O
years	O
,	O
measuring	O
perception	O
of	O
corruption	I
in	O
various	O
areas	O
among	O
EU	I
citizens	O
,	O
as	O
well	O
as	O
other	O
relevant	O
sources	O
of	O
information	O
on	O
the	O
experiences	O
with	O
corruption	I
at	O
EU	I
level	O
.	O

In	O
drawing	O
up	O
the	O
Report	O
,	O
the	O
Commission	I
will	O
rely	O
on	O
a	O
variety	O
of	O
sources	O
of	O
information	O
,	O
including	O
existing	O
monitoring	I
mechanisms	I
(	O
GRECO	I
,	O
OECD	I
,	O
UNCAC	I
)	O
,	O
independent	O
experts	O
,	O
research	O
findings	O
,	O
Commission	I
services	O
and	O
the	O
European	I
Anti-Fraud	I
Office	I
(	O
OLAF	I
)	O
,	O
Member	O
States	O
,	O
EU	I
agencies	O
such	O
as	O
Europol	I
and	O
Eurojust	I
,	O
the	O
European	I
Anti-Corruption	I
Network	I
,	O
Eurobarometer	I
surveys	O
and	O
civil	I
society	I
.	O

The	O
EU	I
Anti-Corruption	I
Report	I
will	O
be	O
managed	O
by	O
the	O
Commission	I
assisted	O
by	O
:	O

An	O
expert	O
group	O
advising	O
on	O
:	O
(	O
1	O
)	O
establishing	O
indicators	O
,	O
(	O
2	O
)	O
assessing	O
Member	O
States	O
'	O
performance	O
,	O
(	O
3	O
)	O
identifying	O
best	O
practices	O
,	O
(	O
4	O
)	O
identifying	O
EU	I
trends	O
,	O
(	O
5	O
)	O
making	O
recommendations	O
,	O
and	O
(	O
6	O
)	O
proposing	O
new	O
EU	I
measures	O
where	O
appropriate	O
.	O

The	O
group	O
will	O
be	O
set	O
up	O
by	O
the	O
Commission	I
,	O
following	O
an	O
open	O
call	O
procedure	O
.	O

The	O
selected	O
experts	O
may	O
come	O
from	O
a	O
wide	O
range	O
of	O
backgrounds	O
(	O
law	I
enforcement	I
,	O
prevention	O
of	O
corruption	I
,	O
civil	I
society	I
,	O
research	O
etc.	O
)	O
,	O
must	O
enjoy	O
undisputed	O
anti-corruption	I
expertise	O
,	O
a	O
high	O
reputation	O
for	O
integrity	I
and	O
commit	O
to	O
act	O
in	O
their	O
personal	O
professional	O
capacity	O
.	O

A	O
network	O
of	O
local	O
research	O
correspondents	O
set	O
up	O
by	O
the	O
Commission	I
and	O
consisting	O
of	O
representatives	O
of	O
civil	I
society	I
and	O
academia	O
,	O
who	O
will	O
collect	O
relevant	O
information	O
in	O
each	O
Member	O
State	O
to	O
feed	O
and	O
complement	O
the	O
work	O
of	O
the	O
expert	O
group	O
.	O

Directly	O
linked	O
to	O
the	O
EU	I
Anti-Corruption	I
Report	I
,	O
the	O
development	O
of	O
an	O
experience	O
sharing	O
programme	O
may	O
be	O
considered	O
to	O
help	O
Member	O
States	O
,	O
local	O
NGOs	I
and	O
other	O
stakeholders	O
to	O
identify	O
shortcomings	O
in	O
anti-corruption	I
policies	I
and	O
best	O
practices	O
,	O
raise	O
awareness	O
or	O
provide	O
training	O
.	O

The	O
Commission	I
will	O
bear	O
all	O
expenses	I
associated	O
with	O
the	O
EU	I
Anti-Corruption	I
Report	I
,	O
including	O
those	O
of	O
the	O
independent	O
expert	O
group	O
,	O
the	O
network	O
of	O
research	O
correspondents	O
and	O
,	O
if	O
set	O
up	O
,	O
the	O
experience	O
sharing	O
programme	O
.	O

EU	I
participation	O
in	O
GRECO	I
,	O
although	O
not	O
fully	O
responding	O
to	O
the	O
EU	I
's	O
needs	O
for	O
periodic	O
reporting	I
on	O
anti-corruption	I
efforts	O
across	O
the	O
EU	I
,	O
would	O
create	O
synergies	O
between	O
the	O
two	O
mechanisms	O
.	O

GRECO	I
could	O
,	O
in	O
particular	O
,	O
provide	O
input	O
to	O
the	O
EU	I
monitoring	I
mechanism	I
in	O
the	O
form	O
of	O
comparative	O
analyses	O
of	O
the	O
existing	O
GRECO	I
evaluation	O
and	O
compliance	I
reports	I
on	O
the	O
EU	I
Member	O
States	O
,	O
and	O
indication	O
of	O
key	O
outstanding	O
recommendations	O
requiring	O
additional	O
follow-up	O
.	O

In	O
the	O
light	O
of	O
the	O
above	O
,	O
the	O
Commission	I
is	O
setting	O
up	O
an	O
EU	I
anti-corruption	I
reporting	I
mechanism	I
to	O
periodically	O
assess	O
the	O
Member	O
States	O
'	O
efforts	O
in	O
fighting	I
corruption	I
and	O
will	O
request	O
the	O
authorisation	O
of	O
the	O
Council	I
to	O
negotiate	O
EU	I
participation	O
in	O
GRECO	I
with	O
the	O
Council	I
of	I
Europe	I
.	O

The	O
Commission	I
will	O
consider	O
in	O
the	O
medium	O
and	O
long	O
term	O
,	O
based	O
on	O
the	O
findings	O
of	O
the	O
EU	I
Anti-Corruption	I
Report	I
,	O
the	O
need	O
for	O
additional	O
EU	I
policy	I
initiatives	O
,	O
including	O
the	O
approximation	O
of	O
criminal	I
law	I
in	O
the	O
field	O
of	O
corruption	I
.	O

3	O
.	O

Better	O
implementation	O
of	O
existing	O
anti-corruption	I
instruments	I

A	O
number	O
of	O
anti-corruption	I
legal	I
instruments	I
are	O
already	O
in	O
place	O
at	O
EU	I
,	O
European	O
and	O
international	O
level	O
.	O

This	O
includes	O
the	O
EU	I
Convention	O
on	O
the	O
fight	I
against	I
corruption	I
involving	O
officials	I
of	O
the	O
European	I
Communities	I
or	O
officials	I
of	O
the	O
EU	I
Member	O
States	O
which	O
entered	O
into	O
force	O
on	O
28	O
September	O
2005	O
.	O

With	O
the	O
exception	O
of	O
that	O
Convention	O
,	O
the	O
existing	O
instruments	O
have	O
,	O
however	O
,	O
not	O
yet	O
been	O
ratified	O
and	O
transposed	I
into	O
the	O
law	I
of	O
all	O
EU	I
Member	O
States	O
.	O

To	O
address	O
corruption	I
effectively	O
,	O
Member	O
States	O
should	O
,	O
as	O
a	O
minimum	O
,	O
take	O
steps	O
to	O
complete	O
the	O
process	O
of	O
ratification	O
and	O
transposition	I
.	O

3.1	O
.	O

Framework	I
Decision	I
2003	O
/	O
568	O
/	O
JHA	O
on	O
combating	I
corruption	I
in	O
the	O
private	I
sector	I

Framework	I
Decision	I
2003	O
/	O
568	O
/	O
JHA	O
on	O
combating	I
corruption	I
in	O
the	O
private	I
sector	I
,	O
adopted	O
in	O
July	O
2003	O
,	O
aims	O
to	O
criminalise	I
both	O
active	I
and	O
passive	I
bribery	I
,	O
establishing	O
more	O
detailed	O
rules	I
on	O
the	O
liability	I
of	O
legal	I
persons	I
and	O
deterrent	O
sanctions	I
.	O

The	O
first	O
implementation	O
report	O
issued	O
in	O
2007	O
showed	O
that	O
many	O
Member	O
States	O
had	O
done	O
little	O
to	O
apply	O
it	O
.	O

Shortcomings	O
were	O
found	O
in	O
the	O
criminalisation	I
of	O
all	O
elements	O
of	O
active	I
and	O
passive	I
bribery	I
and	O
the	O
provisions	O
on	O
the	O
liability	I
of	O
legal	I
persons	I
.	O

The	O
second	O
implementation	O
report	O
accompanying	O
this	O
Communication	O
shows	O
that	O
several	O
Member	O
States	O
have	O
still	O
not	O
transposed	I
the	O
most	O
detailed	O
provisions	O
on	O
criminalisation	I
of	O
all	O
elements	O
of	O
active	I
and	O
passive	I
bribery	I
.	O

Moreover	O
,	O
the	O
liability	I
of	O
legal	I
persons	I
continues	O
to	O
be	O
regulated	O
in	O
an	O
uneven	O
manner	O
at	O
national	O
level	O
.	O

The	O
Commission	I
urges	O
the	O
Member	O
States	O
to	O
fully	O
transpose	I
all	O
provisions	O
of	O
Framework	I
Decision	I
2003	O
/	O
568	O
/	O
JHA	O
without	O
delay	O
and	O
to	O
ensure	O
that	O
it	O
is	O
effectively	O
implemented	O
.	O

Depending	O
on	O
progress	O
,	O
the	O
Commission	I
will	O
consider	O
proposing	O
a	O
Directive	I
replacing	O
the	O
Framework	I
Decision	I
.	O

In	O
this	O
context	O
,	O
the	O
Commission	I
welcomes	O
the	O
adoption	O
by	O
certain	O
Member	O
States	O
of	O
stricter	O
rules	I
to	O
prevent	O
private	I
sector	I
corruption	I
and	O
reinforced	O
corporate	I
liability	I
for	O
corruption	I
offences	I
.	O

The	O
Commission	I
intends	O
to	O
support	O
the	O
public-private	I
dialogue	O
and	O
the	O
exchange	O
of	O
best	O
practices	O
in	O
this	O
area	O
.	O

Private	I
undertakings	O
are	O
encouraged	O
to	O
develop	O
and	O
implement	O
clear	O
common	O
standard	O
rules	I
for	O
their	O
respective	O
fields	O
on	O
accounting	I
,	O
internal	I
audit	I
,	O
codes	I
of	I
conduct	I
and	O
protection	O
of	O
whistleblowers	I
.	O

3.2	O
.	O

Other	O
international	O
anti-corruption	I
instruments	I

Several	O
EU	I
Member	O
States	O
have	O
ratified	O
all	O
or	O
most	O
of	O
the	O
existing	O
international	O
anti-corruption	I
instruments	I
.	O

However	O
,	O
three	O
EU	I
Member	O
States	O
have	O
not	O
ratified	O
the	O
Council	I
of	I
Europe	I
's	O
Criminal	I
Law	I
Convention	I
on	I
Corruption	I
,	O
twelve	O
have	O
not	O
ratified	O
its	O
additional	O
Protocol	O
and	O
seven	O
have	O
not	O
ratified	O
the	O
Civil	I
Law	I
Convention	I
on	I
Corruption	I
.	O

Three	O
Member	O
States	O
have	O
not	O
yet	O
ratified	O
the	O
UNCAC	I
.	O

Five	O
EU	I
Member	O
States	O
have	O
not	O
ratified	O
the	O
OECD	I
Anti-Bribery	I
Convention	I
.	O

The	O
Commission	I
urges	O
Member	O
States	O
that	O
have	O
not	O
ratified	O
those	O
instruments	O
to	O
do	O
so	O
without	O
delay	O
,	O
taking	O
into	O
account	O
where	O
appropriate	O
the	O
exclusive	O
external	O
competence	O
of	O
the	O
Union	O
,	O
and	O
to	O
fully	O
implement	O
them	O
.	O

The	O
Commission	I
requests	O
the	O
Member	O
States	O
to	O
notify	O
the	O
Commission	I
without	O
delay	O
of	O
the	O
steps	O
they	O
have	O
taken	O
with	O
a	O
view	O
to	O
ratifying	O
these	O
instruments	O
and	O
any	O
reasons	O
for	O
non-ratification	O
.	O

In	O
this	O
context	O
,	O
ratification	O
and	O
effective	O
enforcement	I
of	O
the	O
OECD	I
Anti-Bribery	I
Convention	I
by	O
all	O
EU	I
Member	O
States	O
is	O
of	O
particular	O
importance	O
.	O

The	O
Commission	I
will	O
analyse	O
possible	O
difficulties	O
encountered	O
by	O
non-OECD	I
EU	I
Member	O
States	O
in	O
the	O
ratification	O
process	O
,	O
as	O
well	O
as	O
deficiencies	O
in	O
implementation	O
and	O
enforcement	I
.	O

3.3	O
.	O

Cooperation	O
between	O
the	O
EU	I
and	O
the	O
existing	O
international	O
anti-corruption	I
instruments	I

The	O
Stockholm	I
Programme	I
calls	O
for	O
increased	O
coordination	O
between	O
Member	O
States	O
in	O
the	O
framework	O
of	O
UNCAC	I
,	O
GRECO	I
and	O
OECD	I
work	O
.	O

To	O
that	O
end	O
,	O
the	O
Commission	I
will	O
act	O
,	O
in	O
particular	O
,	O
in	O
the	O
following	O
areas	O
.	O

As	O
regards	O
UNCAC	I
,	O
the	O
Convention	O
contains	O
a	O
legal	I
obligation	O
to	O
carry	O
out	O
self-assessments	O
.	O

In	O
the	O
case	O
of	O
the	O
EU	I
,	O
that	O
process	O
is	O
complex	O
as	O
it	O
involves	O
cooperation	O
between	O
all	O
EU	I
institutions	O
,	O
as	O
well	O
as	O
with	O
Member	O
States	O
in	O
the	O
matters	O
falling	O
under	O
shared	O
competence	O
.	O

The	O
Commission	I
has	O
however	O
initiated	O
the	O
process	O
and	O
is	O
analysing	O
the	O
impact	O
of	O
the	O
changes	O
brought	O
by	O
the	O
Lisbon	I
Treaty	I
on	O
the	O
scope	O
of	O
the	O
obligations	O
of	O
the	O
EU	I
within	O
UNCAC	I
.	O

Once	O
that	O
analysis	O
is	O
completed	O
,	O
the	O
modalities	O
of	O
participation	O
in	O
the	O
review	I
mechanism	I
,	O
including	O
the	O
appointment	O
of	O
experts	O
,	O
will	O
be	O
determined	O
.	O

The	O
Commission	I
will	O
enhance	O
cooperation	O
with	O
the	O
OECD	I
,	O
possibly	O
through	O
the	O
conclusion	O
of	O
a	O
Memorandum	I
of	I
Understanding	I
.	O

The	O
findings	O
of	O
the	O
OECD	I
's	I
Working	I
Group	I
on	I
Bribery	I
will	O
be	O
used	O
as	O
input	O
for	O
the	O
EU	I
Anti-Corruption	I
Report	I
.	O

The	O
Commission	I
has	O
analysed	O
the	O
possible	O
modalities	O
for	O
the	O
EU	I
's	O
participation	O
in	O
GRECO	I
and	O
will	O
initiate	O
,	O
within	O
the	O
limits	O
of	O
EU	I
competence	O
,	O
the	O
necessary	O
procedures	O
in	O
this	O
regard[40	O
]	O
.	O

Member	O
States	O
should	O
support	O
the	O
EU	I
's	O
application	O
to	O
participate	O
in	O
GRECO	I
within	O
the	O
Committee	I
of	I
Ministers	I
of	O
the	O
Council	I
of	I
Europe	I
.	O

The	O
Commission	I
also	O
supports	O
the	O
anti-corruption	I
efforts	O
made	O
within	O
the	O
context	O
of	O
the	O
G-20	I
and	O
will	O
contribute	O
to	O
the	O
implementation	O
of	O
the	O
G-20	I
anti-corruption	I
action	I
plan	I
endorsed	O
at	O
the	O
Seoul	I
Summit	I
in	O
November	O
2010	O
.	O

4	O
.	O

Stronger	O
focus	O
on	O
corruption	I
in	O
EU	I
internal	O
policies	I

In	O
addition	O
to	O
stronger	O
monitoring	O
and	O
implementation	O
of	O
existing	O
legal	I
instruments	I
,	O
anti-corruption	I
considerations	O
should	O
,	O
as	O
part	O
of	O
a	O
comprehensive	O
approach	O
,	O
be	O
integrated	O
into	O
all	O
relevant	O
EU	I
policies	I
–	O
internal	O
as	O
well	O
as	O
external	O
.	O

A	O
stronger	O
focus	O
should	O
be	O
put	O
on	O
corruption	I
,	O
in	O
particular	O
,	O
in	O
the	O
following	O
policy	I
areas	I
.	O

4.1	O
.	O

Law	I
enforcement	I
,	O
judicial	I
and	O
police	I
cooperation	O
within	O
the	O
EU	I

Member	O
States	O
should	O
take	O
all	O
necessary	O
steps	O
to	O
ensure	O
the	O
effective	O
detection	O
,	O
prosecution	I
and	O
a	O
stable	O
track	O
record	O
of	O
dissuasive	O
penalties	I
and	O
recovery	I
of	I
criminally	I
acquired	I
assets	I
in	O
corruption	I
cases	I
.	O

In	O
this	O
context	O
,	O
judicial	I
and	O
police	I
cooperation	O
between	O
EU	I
Member	O
States	O
,	O
financial	I
investigations	I
,	O
training	O
of	O
law	I
enforcement	I
personnel	O
,	O
and	O
the	O
protection	O
of	O
whistleblowers	I
is	O
of	O
particular	O
importance	O
.	O

4.1.1	O
.	O

Judicial	I
and	O
police	I
cooperation	O

Under	O
its	O
2010	O
-	O
2014	O
strategy	O
,	O
Europol	I
is	O
committed	O
to	O
providing	O
increased	O
support	O
for	O
law	I
enforcement	I
operations	O
and	O
function	O
as	O
the	O
EU	I
criminal	I
information	O
hub	O
and	O
EU	I
centre	O
for	O
law	I
enforcement	I
expertise	O
.	O

The	O
Commission	I
urges	O
Europol	I
to	O
step	O
up	O
its	O
efforts	O
to	O
combat	I
corruption	I
as	O
a	O
facilitator	O
for	O
organised	I
crime	I
activity	O
.	O

This	O
should	O
include	O
the	O
production	O
of	O
regular	O
threat	O
assessments	O
.	O

Since	O
2004	O
,	O
Eurojust	I
has	O
been	O
involved	O
in	O
a	O
slightly	O
increasing	O
number	O
of	O
corruption	I
cases	I
.	O

Although	O
in	O
2010	O
these	O
cases	O
represented	O
only	O
2	O
%	O
of	O
its	O
total	O
workload	O
,	O
the	O
growing	O
number	O
of	O
Member	O
States	O
involved	O
attests	O
to	O
an	O
increasing	O
need	O
for	O
judicial	I
cooperation	O
in	O
corruption	I
cases	I
with	O
a	O
cross-border	O
dimension	O
.	O

The	O
Commission	I
urges	O
Eurojust	I
to	O
strengthen	O
its	O
efforts	O
to	O
facilitate	O
the	O
exchange	O
of	O
information	O
among	O
Member	O
States	O
'	O
authorities	I
on	O
corruption	I
cases	I
with	O
cross-border	O
implications	O
.	O

Finally	O
,	O
since	O
2008	O
the	O
EU	I
contact-point	O
network	O
against	O
corruption	I
(	O
EACN	I
)	O
has	O
brought	O
together	O
Member	O
States	O
'	O
anti-corruption	I
authorities	I
,	O
as	O
well	O
as	O
the	O
Commission	I
,	O
OLAF	I
,	O
Europol	I
and	O
Eurojust	I
.	O

The	O
EACN	I
is	O
managed	O
by	O
the	O
Austrian-led	O
network	O
European	I
Partners	I
against	I
Corruption	I
(	O
EPAC	I
)	O
.	O

The	O
Commission	I
will	O
work	O
with	O
the	O
EACN	I
towards	O
more	O
concrete	O
deliverables	O
,	O
stronger	O
focus	O
on	O
operational	O
issues	O
of	O
relevance	O
for	O
corruption	I
investigators	O
,	O
and	O
a	O
clearer	O
delimitation	O
of	O
the	O
respective	O
roles	O
of	O
EPAC	I
and	O
the	O
EACN	I
.	O

The	O
Commission	I
considers	O
preparing	O
a	O
proposal	O
to	O
modify	O
the	O
Council	I
Decision	I
establishing	O
the	O
EACN	I
.	O

4.1.2	O
.	O

Financial	I
investigations	I
and	O
asset	I
recovery	I

Four	O
implementation	O
reports	O
issued	O
by	O
the	O
Commission	I
have	O
pointed	O
to	O
delays	O
in	O
the	O
efforts	O
by	O
many	O
Member	O
States	O
to	O
adopt	O
measures	O
regarding	O
confiscation	I
of	I
the	I
proceeds	I
of	I
crime	I
.	O

In	O
2011	O
the	O
Commission	I
will	O
propose	O
a	O
revised	O
EU	I
legal	I
framework	I
on	O
confiscation	I
and	O
asset	I
recovery	I
to	O
ensure	O
that	O
courts	I
in	O
Member	O
States	O
are	O
able	O
to	O
effectively	O
confiscate	I
criminal	I
and	O
criminally	I
tainted	I
assets	I
and	O
to	O
fully	O
recover	O
the	O
corresponding	O
values	O
,	O
including	O
in	O
cases	O
involving	O
corruption	I
.	O

The	O
third	O
Anti-Money	I
Laundering	I
Directive	I
lists	O
corruption	I
as	O
one	O
of	O
the	O
predicate	I
offences	I
for	O
money	I
laundering	I
.	O

Evaluations	O
conducted	O
by	O
the	O
OECD	I
's	I
Working	I
Group	I
on	I
Bribery	I
suggest	O
that	O
very	O
few	O
foreign	O
bribery	I
cases	I
are	O
detected	O
through	O
the	O
national	O
anti-money	I
laundering	I
systems	I
.	O

The	O
Commission	I
stresses	O
the	O
need	O
for	O
further	O
cooperation	O
between	O
the	O
Financial	I
Intelligence	I
Units	I
,	O
specialized	O
anti-corruption	I
agencies	I
and	O
law	I
enforcement	I
bodies	O
in	O
Member	O
States	O
.	O

Member	O
States	O
should	O
ensure	O
that	O
financial	I
investigations	I
are	O
pursued	O
effectively	O
and	O
consistently	O
in	O
corruption	I
cases	I
and	O
that	O
any	O
potential	O
link	O
with	O
organized	I
crime	I
and	O
money	I
laundering	I
is	O
always	O
considered	O
.	O

The	O
Commission	I
will	O
adopt	O
a	O
strategy	O
in	O
2012	O
to	O
strengthen	O
the	O
quality	O
of	O
financial	I
investigations	I
in	O
Member	O
States	O
and	O
the	O
development	O
of	O
financial	I
intelligence	I
to	O
be	O
shared	O
between	O
authorities	I
within	O
Member	O
States	O
,	O
as	O
well	O
as	O
between	O
Member	O
States	O
and	O
EU	I
agencies	O
and	O
at	O
international	O
level	O
.	O

4.1.3	O
.	O

Protection	O
of	O
whistleblowers	I

Effective	O
protection	O
of	O
whistleblowers	I
against	O
retaliation	I
is	O
a	O
key	O
element	O
of	O
anti-corruption	I
policies	I
.	O

The	O
relevant	O
legal	I
framework	I
in	O
the	O
EU	I
is	O
uneven	O
,	O
creating	O
difficulties	O
in	O
handling	O
cases	O
with	O
a	O
cross-border	O
dimension	O
.	O

The	O
Commission	I
will	O
carry	O
out	O
an	O
assessment	O
of	O
the	O
protection	O
of	O
persons	O
reporting	I
financial	I
crimes	I
that	O
will	O
also	O
cover	O
protection	O
of	O
whistleblowers	I
,	O
and	O
related	O
data	I
protection	I
issues	O
,	O
as	O
a	O
basis	O
for	O
further	O
action	O
at	O
EU	I
level	O
.	O

4.1.4	O
.	O

Training	O
of	O
law	I
enforcement	I
officials	I

The	O
Commission	I
will	O
support	O
the	O
development	O
of	O
targeted	O
training	O
programmes	O
on	O
corruption	I
for	O
law	I
enforcement	I
agencies	O
through	O
the	O
European	I
Police	I
College	I
(	O
CEPOL	I
)	O
.	O

Those	O
programmes	O
should	O
cover	O
specific	O
aspects	O
of	O
handling	O
corruption	I
cases	I
with	O
cross-border	O
implications	O
,	O
for	O
example	O
,	O
the	O
gathering	O
and	O
exchanging	O
of	O
evidence	I
,	O
the	O
link	O
with	O
financial	I
investigations	I
,	O
and	O
the	O
link	O
with	O
investigations	O
of	O
organised	I
crime	I
offences	I
.	O

4.2	O
.	O

Public	I
procurement	I

Public	I
expenditure	I
on	O
works	O
,	O
goods	I
and	O
services	O
accounts	O
for	O
roughly	O
19	O
%	O
of	O
EU	I
GDP	I
(	O
2009	O
)	O
.	O

Almost	O
a	O
fifth	O
of	O
this	O
expenditure	I
falls	O
within	O
the	O
scope	O
of	O
the	O
EU	I
Directives	I
on	O
public	I
procurement	I
(	O
i.e.	O
approx	O
.	O

€420	O
billion	O
,	O
or	O
3.6	O
%	O
of	O
EU	I
GDP	I
)	O
.	O

The	O
current	O
EU	I
legal	I
framework	I
on	O
public	I
procurementdoes	O
not	O
include	O
specific	O
provisions	O
on	O
prevention	O
and	O
sanctioning	I
of	O
conflicts	I
of	I
interest	I
,	O
and	O
comprises	O
only	O
few	O
specific	O
rules	I
on	O
sanctioning	I
favouritism	I
and	O
corruption	I
.	O

In	O
January	O
2011	O
,	O
the	O
Commission	I
launched	O
a	O
consultation	O
on	O
the	O
modernisation	O
of	O
EU	I
public	I
procurement	I
policy	I
.	O

It	O
raises	O
the	O
question	O
whether	O
a	O
common	O
definition	O
of	O
conflict	I
of	I
interest	I
and	O
possible	O
safeguards	O
against	O
such	O
situations	O
are	O
needed	O
at	O
EU	I
level	O
,	O
including	O
the	O
publication	O
of	O
concluded	O
contracts	I
to	O
enhance	O
transparency	I
,	O
the	O
extension	O
of	O
exclusion	I
grounds	I
and	O
'	O
self-cleaning	I
'	O
measures	O
.	O

In	O
the	O
preparation	O
of	O
a	O
modernised	O
EU	I
public	I
procurement	I
legislation	I
,	O
the	O
Commission	I
will	O
carefully	O
consider	O
these	O
issues	O
.	O

In	O
this	O
context	O
,	O
the	O
Commission	I
will	O
also	O
consider	O
proposing	O
legislation	I
on	O
concessions	I
to	O
create	O
better	O
conditions	O
for	O
the	O
fair	O
and	O
competitive	O
award	O
of	O
these	O
contracts	I
,	O
thus	O
reducing	O
the	O
risks	O
of	O
corruption	I
.	O

4.3	O
.	O

Cohesion	I
policy	I
to	O
support	O
administrative	I
capacity	I
building	O

The	O
EU	I
's	O
cohesion	I
policy	I
supports	O
the	O
strengthening	O
of	O
institutional	O
capacity	O
in	O
Member	O
States	O
to	O
make	O
public	I
services	I
and	O
administrations	I
more	O
efficient	O
.	O

Administrative	I
capacity	I
and	O
good	I
governance	I
are	O
included	O
as	O
main	O
priorities	O
in	O
the	O
2007	O
-	O
2013	O
Community	O
Strategic	O
Guidelines	O
for	O
cohesion	O
.	O

A	O
total	O
of	O
3.5	O
billion	O
Euros	O
have	O
been	O
allocated	O
under	O
those	O
guidelines	O
to	O
strengthen	O
institutional	O
capacity	O
at	O
national	O
,	O
regional	O
and	O
local	O
level	O
of	O
which	O
2	O
billion	O
Euros	O
stem	O
from	O
the	O
European	I
Social	I
Fund	I
.	O

The	O
2007	O
-	O
2013	O
European	I
Social	I
Fund	I
regulation	I
introduced	O
a	O
specific	O
priority	O
for	O
strengthening	O
administrative	I
capacity	I
in	O
less	O
developed	O
regions	O
and	O
Member	O
States	O
.	O

Such	O
support	O
for	O
institutional	O
capacity	O
will	O
have	O
a	O
positive	O
impact	O
on	O
preventing	O
corruption	I
,	O
by	O
making	O
public	I
services	I
and	O
administrations	I
more	O
efficient	O
and	O
transparent	I
.	O

Some	O
Member	O
States	O
have	O
included	O
measures	O
to	O
fight	O
corrcuption	I
in	O
their	O
operation	O
programmes	O
.	O

The	O
Commission	I
intends	O
to	O
continue	O
support	O
for	O
the	O
strengthening	O
of	O
institutional	O
capacity	O
and	O
make	O
it	O
available	O
to	O
all	O
Member	O
States	O
and	O
regions	O
.	O

4.4	O
.	O

Accounting	I
standards	I
and	O
statutory	I
audit	I
for	O
EU	I
companies	I

The	O
use	O
of	O
International	I
Financial	I
Reporting	I
Standards	I
for	O
consolidated	O
financial	I
statements	I
of	O
companies	I
listed	O
on	O
the	O
EU	I
's	O
stock	I
markets	I
became	O
mandatory	O
in	O
2005	O
.	O

The	O
procedures	O
on	O
statutory	I
audit	I
were	O
harmonised	O
,	O
introducing	O
a	O
requirement	O
for	O
external	I
quality	I
assurance	I
,	O
provisions	O
on	O
public	I
supervision	O
,	O
duties	O
and	O
independence	O
of	O
statutory	I
auditors	I
and	O
the	O
application	O
of	O
international	O
standards	O
.	O

These	O
measures	O
increased	O
the	O
credibility	O
,	O
quality	O
and	O
transparency	I
of	O
financial	I
reporting	I
,	O
reducing	O
the	O
risks	O
of	O
corruption	I
.	O

The	O
Commission	I
conducted	O
public	I
consultations	O
in	O
2010	O
on	O
the	O
audit	I
policy	I
lessons	O
from	O
the	O
financial	I
crisis	I
.	O

The	O
results	O
of	O
the	O
consultation	O
will	O
assist	O
the	O
Commission	I
in	O
deciding	O
on	O
future	O
measures	O
aimed	O
at	O
ensuring	O
consolidated	O
checks	O
and	O
control	O
systems	O
within	O
EU	I
companies	I
to	O
reduce	O
the	O
risk	O
of	O
corrupt	I
practices	I
.	O

These	O
may	O
cover	O
matters	O
such	O
as	O
:	O
clarifications	O
of	O
the	O
role	O
of	O
auditors	I
,	O
governance	I
and	O
the	O
independence	O
of	O
audit	I
firms	O
,	O
supervision	O
of	O
auditors	I
,	O
creation	O
of	O
a	O
single	I
market	I
for	O
the	O
provision	O
of	O
audit	I
services	O
,	O
and	O
the	O
simplification	O
of	O
rules	I
for	O
SMEs	I
.	O

4.5	O
.	O

Preventing	O
and	O
fighting	O
political	I
corruption	I

As	O
political	I
scandals	I
have	O
repeatedly	O
shown	O
,	O
complex	O
connections	O
are	O
sometimes	O
developed	O
between	O
political	I
actors	O
,	O
private	I
undertakings	O
,	O
media	O
,	O
trade	I
associations	I
and	O
foundations	O
.	O

These	O
connections	O
are	O
driven	O
by	O
mutual	O
benefits	O
in	O
influencing	O
key	O
political	I
and	O
economic	I
decisions	O
,	O
putting	O
democratic	O
institutions	O
and	O
procedures	O
at	O
risk	O
and	O
rendering	O
the	O
detection	O
of	O
corrupt	I
practices	I
more	O
difficult	O
.	O

Under	O
the	O
impetus	O
of	O
the	O
GRECO	I
monitoring	O
process	O
,	O
some	O
progress	O
has	O
been	O
seen	O
in	O
the	O
legal	I
and	O
institutional	O
setting	O
for	O
the	O
financing	I
of	I
political	I
parties	I
in	O
several	O
Member	O
States	O
.	O

Unfortunately	O
,	O
the	O
enforcement	I
of	O
transparency	I
and	O
supervision	I
rules	I
is	O
still	O
unsatisfactory	O
in	O
some	O
Member	O
States	O
.	O

The	O
Commission	I
calls	O
upon	O
the	O
Member	O
States	O
,	O
the	O
national	O
Parliaments	O
and	O
the	O
European	I
Parliament	I
to	O
ensure	O
more	O
transparency	I
and	O
allow	O
effective	O
supervision	O
of	O
the	O
financing	I
of	I
political	I
parties	I
and	O
other	O
interest	O
groups	O
.	O

The	O
Commission	I
is	O
also	O
committed	O
to	O
respecting	O
its	O
obligations	O
to	O
defend	O
the	O
general	O
interest	O
of	O
the	O
Union	O
,	O
in	O
conformity	O
with	O
the	O
obligations	O
laid	O
down	O
by	O
the	O
Treaties	O
,	O
in	O
its	O
own	O
Code	I
of	I
conduct	I
and	O
in	O
other	O
relevant	O
rules	I
.	O

The	O
media	O
have	O
a	O
key	O
role	O
in	O
increasing	O
transparency	I
and	O
accountability	I
of	O
political	I
figures	O
and	O
are	O
often	O
a	O
resourceful	O
tool	O
for	O
fighting	O
political	I
corruption	I
.	O

The	O
Commission	I
urges	O
Member	O
States	O
to	O
take	O
all	O
necessary	O
measures	O
to	O
ensure	O
effective	O
implementation	O
of	O
the	O
existing	O
legal	I
framework	I
guaranteeing	O
the	O
independence	O
and	O
freedom	O
of	O
the	O
media	O
,	O
including	O
on	O
media	O
funding	I
.	O

The	O
Commission	I
will	O
support	O
,	O
through	O
its	O
existing	O
programmes	O
,	O
training	O
of	O
media	O
to	O
strengthen	O
knowledge	O
in	O
specific	O
areas	O
relevant	O
for	O
the	O
detection	O
of	O
corruption	I
(	O
e.g.	O
money	I
laundering	I
,	O
political	I
party	I
financing	I
,	O
banking	I
,	O
stock	I
exchange	I
markets	I
)	O
.	O

The	O
Commission	I
also	O
supports	O
in	O
other	O
ways	O
action	O
limiting	O
political	I
corruption	I
,	O
including	O
through	O
funding	I
of	O
civil	I
society	I
initiatives	O
.	O

4.6	O
.	O

Improving	O
statistics	O

Currently	O
there	O
is	O
no	O
uniform	O
statistical	O
system	O
across	O
the	O
EU	I
to	O
measure	O
the	O
nature	O
and	O
extent	O
of	O
corruption	I
or	O
the	O
effectiveness	O
of	O
anti-corruption	I
measures	I
.	O

As	O
a	O
follow-up	O
to	O
the	O
EU	I
Action	I
Plan	I
to	O
develop	O
a	O
comprehensive	O
and	O
coherent	O
EU	I
strategy	O
to	O
measure	O
crime	I
and	O
criminal	I
justice[54	I
]	O
,	O
a	O
new	O
Action	I
Plan	I
(	O
2011	O
-	O
2015	O
)	O
is	O
under	O
preparation	O
.	O

The	O
Commission	I
will	O
set	O
up	O
a	O
sub-group	O
of	O
experts	O
in	O
statistics	O
,	O
as	O
a	O
first	O
step	O
in	O
work	O
aimed	O
at	O
establishing	O
a	O
uniform	O
EU	I
statistics	O
system	O
on	O
corruption	I
.	O

4.7	O
.	O

Integrity	I
in	O
sport	O

Corruption	I
in	O
sport	O
is	O
an	O
increasingly	O
visible	O
problem	O
with	O
cross-border	O
dimensions	O
,	O
mainly	O
related	O
to	O
opacity	I
of	O
transfers	O
and	O
match-fixing	I
.	O

The	O
Commission	I
will	O
analyse	O
possible	O
solutions	O
to	O
addres	O
match-fixing	I
more	O
effectively	O
by	O
first	O
launching	O
a	O
study	O
on	O
how	O
corruption	I
in	O
sport	O
is	O
being	O
covered	O
in	O
national	O
legislation	I
.	O

This	O
may	O
offer	O
grounds	O
for	O
further	O
policy	I
actions	O
in	O
this	O
area	O
,	O
such	O
as	O
possibly	O
establishing	O
minimum	O
rules	I
concerning	O
the	O
definition	O
of	O
criminal	I
offences	I
in	O
this	O
field	O
.	O

4.8	O
.	O

Protecting	O
EU	I
public	I
money	I
against	O
corruption	I

More	O
than	O
a	O
decade	O
ago	O
,	O
corruption	I
charges	O
led	O
to	O
the	O
entire	O
resignation	O
of	O
the	O
Commission	I
and	O
the	O
setting	O
up	O
of	O
the	O
European	I
Anti-Fraud	I
Office	I
(	O
OLAF	I
)	O
.	O

One	O
of	O
the	O
core	O
tasks	O
of	O
OLAF	I
is	O
to	O
conduct	O
administrative	I
investigations	I
for	O
the	O
purpose	O
of	O
fighting	O
fraud	I
,	O
corruption	I
and	O
any	O
other	O
illegal	I
activity	I
affecting	O
the	O
financial	I
interests	I
of	O
the	O
EU	I
.	O

In	O
2011	O
,	O
several	O
initiatives	O
will	O
be	O
taken	O
to	O
step	O
up	O
the	O
fight	I
against	I
fraud	I
and	O
corruption	I
affecting	O
EU	I
public	I
money	I
.	O

The	O
Communication	O
on	O
the	O
protection	O
of	O
EU	I
financial	I
interests	I
by	O
criminal	I
law	I
and	O
administrative	I
investigations	I
sets	O
out	O
how	O
the	O
Commission	I
intends	O
to	O
safeguard	O
taxpayers	I
'	O
money	I
at	O
EU	I
level	O
against	O
illegal	I
activities	I
,	O
including	O
against	O
threats	O
posed	O
by	O
corruption	I
inside	O
and	O
outside	O
the	O
EU	I
institutions	O
.	O

The	O
Communication	O
points	O
to	O
opportunities	O
for	O
the	O
improvement	O
of	O
the	O
criminal	I
law	I
framework	I
,	O
of	O
procedural	O
tools	O
for	O
investigators	O
and	O
prosecutors	I
,	O
as	O
well	O
as	O
possible	O
institutional	O
developments	O
such	O
as	O
the	O
setting	O
up	O
of	O
a	O
European	O
Public	I
Prosecutor	I
's	I
Office	I
.	O

The	O
Commission	I
also	O
intends	O
to	O
adopt	O
a	O
new	O
anti-fraud	I
strategy	I
reinforcing	O
the	O
Union	O
's	O
financial	I
policies	I
with	O
a	O
view	O
to	O
better	O
protect	O
the	O
EU	I
's	O
financial	I
interests	I
.	O

The	O
strategy	O
will	O
identify	O
priorities	O
and	O
specific	O
areas	O
of	O
activity	O
in	O
order	O
to	O
enhance	O
the	O
current	O
Commission	I
anti-fraud	I
framework	I
,	O
with	O
a	O
focus	O
on	O
prevention	O
.	O

Complementing	O
those	O
initiatives	O
,	O
the	O
Commission	I
's	O
proposal	O
for	O
amending	O
the	O
legal	I
framework	I
of	O
OLAF	I
aims	O
at	O
increasing	O
the	O
efficiency	O
and	O
speed	O
of	O
OLAF	I
investigations	O
,	O
at	O
strengthening	O
procedural	I
guarantees	I
,	O
as	O
well	O
as	O
at	O
reinforcing	O
OLAF	I
's	O
cooperation	O
with	O
Member	O
States	O
and	O
at	O
improving	O
its	O
governance	I
.	O

5	O
.	O

Stronger	O
focus	O
on	O
corruption	I
in	O
EU	I
external	O
policies	I
5.1	O
.	O

Candidate	O
countries	O
,	O
potential	O
candidates	O
and	O
neighbourhood	O
countries	O

The	O
process	O
of	O
enlargement	O
of	O
the	O
EU	I
has	O
been	O
a	O
key	O
vehicle	O
for	O
major	O
anti-corruption	I
reforms	I
in	O
the	O
candidate	O
countries	O
and	O
potential	O
candidates	O
.	O

The	O
most	O
recent	O
accessions	O
had	O
a	O
considerable	O
impact	O
on	O
the	O
actual	O
weight	O
of	O
anti-corruption	I
policies	I
within	O
the	O
EU	I
.	O

They	O
also	O
showed	O
that	O
at	O
the	O
time	O
of	O
accession	O
it	O
was	O
still	O
very	O
difficult	O
to	O
demonstrate	O
a	O
track	O
record	O
of	O
implementation	O
and	O
the	O
irreversibility	O
of	O
anti-corruption	I
reforms	I
.	O

Moreover	O
,	O
following	O
accession	O
,	O
efforts	O
to	O
fight	I
corruption	I
still	O
had	O
to	O
be	O
monitored	O
.	O

The	O
2005	O
negotiating	O
frameworks	O
for	O
Croatia	I
and	O
Turkey	I
introduced	O
a	O
specific	O
chapter	O
covering	O
a	O
range	O
of	O
rule	I
of	I
law	I
issues	O
,	O
including	O
judicial	I
reform	O
and	O
the	O
fight	I
against	I
corruption	I
.	O

The	O
renewed	O
consensus	O
on	O
enlargement	O
,	O
has	O
further	O
strengthened	O
the	O
focus	O
on	O
the	O
rule	I
of	I
law	I
.	O

Aware	O
of	O
the	O
fact	O
that	O
,	O
without	O
a	O
strong	O
political	I
will	O
,	O
investing	I
EU	I
funds	I
in	O
institution	O
building	O
alone	O
can	O
not	O
guarantee	O
the	O
success	O
of	O
anti-corruption	I
policies	I
,	O
the	O
Commission	I
intensified	O
in	O
2010	O
its	O
dialogue	O
on	O
rule	I
of	I
law	I
with	O
the	O
candidate	O
countries	O
and	O
potential	O
candidates	O
.	O

The	O
reinforced	O
dialogue	O
builds	O
on	O
the	O
experience	O
gained	O
during	O
the	O
visa	O
liberalisation	O
process	O
.	O

The	O
roadmaps	O
containing	O
benchmarks	O
to	O
which	O
countries	O
had	O
to	O
conform	O
in	O
order	O
to	O
obtain	O
visa	O
liberalisation	O
proved	O
to	O
be	O
an	O
efficient	O
tool	O
to	O
motivate	O
and	O
prioritise	O
reform	O
.	O

The	O
aim	O
of	O
the	O
dialogue	O
on	O
rule	I
of	I
law	I
is	O
to	O
strengthen	O
such	O
benchmarking	O
at	O
earlier	O
stages	O
of	O
the	O
pre-accession	O
process	O
.	O

The	O
Commission	I
Opinions	O
on	O
Albania	I
's	O
and	O
Montenegro	I
's	O
applications	O
for	O
EU	I
membership	O
already	O
set	O
recommendations	O
that	O
should	O
be	O
met	O
before	O
the	O
opening	O
of	O
negotiations	O
.	O

The	O
dialogue	O
will	O
be	O
accompanied	O
by	O
yearly	O
expert	O
missions	O
to	O
be	O
carried	O
out	O
with	O
participation	O
of	O
experts	O
from	O
EU	I
Member	O
States	O
,	O
which	O
will	O
in	O
this	O
way	O
be	O
associated	O
to	O
the	O
process	O
more	O
closely	O
.	O

Based	O
on	O
these	O
tools	O
,	O
the	O
Commission	I
will	O
continue	O
to	O
give	O
high	O
priority	O
to	O
the	O
monitoring	O
of	O
anti-corruption	I
policies	I
and	O
will	O
enforce	O
thorough	O
scrutiny	O
from	O
the	O
early	O
stages	O
of	O
accession	O
preparations	O
with	O
the	O
aim	O
of	O
securing	O
guarantees	O
for	O
the	O
sustainability	O
of	O
reforms	O
.	O

The	O
Commission	I
will	O
also	O
promote	O
close	O
coordination	O
of	O
the	O
international	O
donors	O
to	O
avoid	O
any	O
overlapping	O
and	O
to	O
better	O
channel	O
the	O
resources	O
invested	I
.	O

Under	O
the	O
umbrella	O
of	O
the	O
European	O
Neighbourhood	I
Policy	I
,	O
the	O
High	O
Representative	O
and	O
the	O
Commission	I
will	O
promote	O
reinforcing	O
the	O
capacity	O
to	O
fight	I
corruption	I
in	O
the	O
neighbourhood	O
countries	O
as	O
a	O
key	O
aspect	O
of	O
the	O
support	O
given	O
.	O

This	O
is	O
especially	O
important	O
given	O
the	O
recent	O
events	O
in	O
North	I
Africa	I
,	O
where	O
uprisings	O
against	O
the	O
regimes	O
were	O
also	O
prompted	O
by	O
the	O
urge	O
to	O
eradicate	O
a	O
culture	I
of	I
corruption	I
in	O
their	O
countries	O
.	O

5.2	O
.	O

Cooperation	O
and	O
development	O
policies	I

The	O
support	O
for	O
strengthening	O
good	I
governance	I
and	O
democratisation	O
granted	O
by	O
the	O
EU	I
as	O
part	O
of	O
cooperation	O
and	O
development	O
policy	I
also	O
covers	O
anti-corruption	I
policies	I
.	O

The	O
Commission	I
follows	O
in	O
this	O
context	O
a	O
partnership-based	O
approach	O
,	O
engaging	O
dialogue	O
with	O
partner	O
countries	O
'	O
governments	I
and	O
civil	I
society	I
,	O
EU	I
Member	O
States	O
and	O
other	O
donors	O
.	O

While	O
recognising	O
that	O
without	O
political	I
will	O
inside	O
the	O
country	O
,	O
outside	O
support	O
is	O
unlikely	O
to	O
deliver	O
results	O
,	O
the	O
Commission	I
considers	O
that	O
incentive-based	O
approaches	O
may	O
prove	O
their	O
benefits	O
.	O

The	O
Commission	I
intends	O
to	O
strengthen	O
dialogue	O
with	O
partner	O
countries	O
on	O
anti-fraud	I
and	O
anti-corruption	I
issues	O
and	O
its	O
support	O
to	O
capacity	O
building	O
,	O
leading	O
towards	O
the	O
adoption	O
of	O
national	O
strategies	O
to	O
fight	I
corruption	I
in	O
all	O
its	O
forms	O
.	O

During	O
the	O
programming	O
period	O
as	O
well	O
as	O
throughout	O
the	O
implementation	O
process	O
particular	O
attention	O
will	O
be	O
paid	I
to	O
such	O
strategies	O
and	O
their	O
effective	O
implementation	O
.	O

In	O
line	O
with	O
that	O
objective	O
,	O
the	O
Commission	I
will	O
promote	O
greater	O
use	O
of	O
the	O
conditionality	O
principle	O
in	O
the	O
field	O
of	O
development	O
to	O
encourage	O
compliance	I
with	O
minimum	O
international	O
anti-corruption	I
standards	I
as	O
set	O
out	O
in	O
UNCAC	I
and	O
other	O
international	O
and	O
regional	O
conventions	O
these	O
countries	O
are	O
party	O
to	O
.	O

In	O
the	O
same	O
vein	O
,	O
the	O
Commission	I
will	O
promote	O
a	O
stronger	O
use	O
of	O
the	O
provisions	O
covering	O
anti-corruption	I
matters	O
already	O
existing	O
in	O
the	O
legal	I
bases	I
for	O
cooperation	O
with	O
partner	O
countries	O
,	O
undertaking	O
specific	O
consultations	O
in	O
response	O
to	O
instances	O
of	O
serious	O
corruption	I
cases	I
,	O
and	O
applying	O
sanctions	I
if	O
appropriate	O
measures	O
are	O
not	O
put	O
in	O
place	O
.	O

Finally	O
,	O
the	O
Commission	I
has	O
established	O
,	O
and	O
will	O
continue	O
to	O
support	O
,	O
global	O
frameworks	O
aiming	O
at	O
setting	O
transparent	I
systems	O
for	O
extracting	O
and	O
trading	I
natural	O
resources	O
and	O
raw	O
materials	O
,	O
such	O
as	O
the	O
Forest	O
Law	I
Enforcement	I
Governance	I
and	O
Trade	I
and	O
the	O
Extractive	O
Industries	O
Transparency	I
Initiative	O
.	O

5.3	O
.	O

Trade	I
policy	I

EU	I
trade	I
policy	I
contributes	O
to	O
encouraging	O
third	O
countries	O
to	O
respect	O
,	O
inter	O
alia	O
,	O
human	O
rights	I
and	O
good	I
governance	I
through	O
bilateral	O
trade	I
relations	I
and	O
through	O
tools	O
such	O
as	O
the	O
Generalised	I
System	I
of	I
Preferences	I
.	O

The	O
Commission	I
recently	O
proposed	O
a	O
reshape	O
of	O
the	O
Generalized	I
System	I
of	I
Preferences	I
,	O
reinforcing	O
the	O
incentives	O
for	O
the	O
respect	O
of	O
good	I
governance	I
standards	O
through	O
the	O
adherence	O
and	O
implementation	O
of	O
key	O
international	O
conventions	O
such	O
as	O
the	O
UNCAC	I
.	O

The	O
Commission	I
will	O
continue	O
to	O
promote	O
the	O
inclusion	O
of	O
specific	O
provisions	O
in	O
Free	I
Trade	I
Agreements	I
on	O
transparency	I
in	O
international	O
government	I
procurement	I
,	O
and	O
in	O
the	O
content	O
of	O
World	I
Trade	I
Organization	I
the	O
extension	O
to	O
other	O
WTO	I
Parties	O
of	O
the	O
Agreement	I
on	I
Government	I
Procurement	I
which	O
contains	O
provisions	O
on	O
enhanced	O
transparency	I
in	O
international	O
procurement	I
,	O
limiting	O
the	O
risk	O
of	O
corruption	I
.	O

6	O
.	O

Conclusion	O

Corruption	I
continues	O
to	O
be	O
a	O
cause	O
of	O
concern	O
in	O
the	O
EU	I
,	O
as	O
it	O
is	O
globally	O
.	O

Although	O
the	O
nature	O
and	O
extent	O
of	O
corruption	I
vary	O
,	O
it	O
exists	O
in	O
all	O
Member	O
States	O
,	O
causing	O
serious	O
economic	I
,	O
social	O
,	O
and	O
democratic	O
harm	O
.	O

International	O
instruments	O
,	O
and	O
EU	I
anti-corruption	I
legislation	I
,	O
are	O
already	O
in	O
place	O
,	O
but	O
implementation	O
remains	O
insufficient	O
.	O

The	O
Commission	I
calls	O
on	O
EU	I
Member	O
States	O
to	O
ensure	O
that	O
all	O
relevant	O
legal	I
instruments	I
are	O
fully	O
transposed	I
into	O
their	O
legislation	I
and	O
,	O
crucially	O
,	O
effectively	O
followed	O
up	O
and	O
enforced	O
through	O
the	O
detection	O
and	O
prosecution	I
of	O
corruption	I
offences	I
,	O
backed	O
up	O
by	O
criminal	I
law	I
provisions	O
and	O
a	O
systematic	O
track	O
record	O
of	O
deterrent	O
penalties	I
and	O
asset	I
recovery	I
.	O

To	O
achieve	O
this	O
,	O
firmer	O
political	I
commitment	O
by	O
all	O
decision-makers	O
in	O
the	O
EU	I
is	O
needed	O
.	O

The	O
existing	O
international	O
monitoring	I
and	O
evaluation	I
mechanisms	I
have	O
,	O
so	O
far	O
,	O
not	O
produced	O
the	O
necessary	O
momentum	O
.	O

Action	O
at	O
EU	I
level	O
is	O
therefore	O
needed	O
to	O
strengthen	O
the	O
political	I
will	O
,	O
in	O
all	O
EU	I
Member	O
States	O
,	O
to	O
vigorously	O
tackle	O
corruption	I
.	O

To	O
that	O
end	O
,	O
the	O
Commission	I
will	O
set	O
up	O
the	O
EU	I
Anti-Corruption	I
Report	I
to	O
periodically	O
assess	O
Member	O
States	O
'	O
efforts	O
,	O
starting	O
in	O
2013	O
.	O

In	O
parallel	O
,	O
the	O
EU	I
should	O
negotiate	O
its	O
participation	O
in	O
the	O
Council	I
of	I
Europe	I
Group	I
of	I
State	I
against	I
Corruption	I
(	O
GRECO	I
)	O
.	O

The	O
EU	I
should	O
also	O
continue	O
,	O
as	O
part	O
of	O
a	O
comprehensive	O
approach	O
,	O
to	O
address	O
corruption	I
through	O
all	O
relevant	O
EU	I
policies	I
–	O
internal	O
as	O
well	O
as	O
external	O
.	O

Greater	O
focus	O
should	O
be	O
put	O
on	O
corruption	I
in	O
the	O
areas	O
of	O
judicial	I
and	O
police	I
cooperation	O
,	O
modernised	O
EU	I
rules	I
on	O
confiscation	I
of	I
criminal	I
assets	I
,	O
a	O
revised	O
EU	I
public	I
procurement	I
legislation	I
,	O
better	O
EU	I
crime	I
statistics	O
,	O
an	O
enhanced	O
anti-fraud	I
policy	I
to	O
protect	O
EU	I
financial	I
interests	I
,	O
the	O
EU	I
enlargement	O
process	O
,	O
and	O
greater	O
use	O
of	O
conditionality	O
in	O
EU	I
cooperation	O
and	O
development	O
policies	I
.	O

At	O
the	O
same	O
time	O
,	O
private-public	I
dialogue	I
at	O
EU	I
level	O
on	O
how	O
to	O
prevent	O
corruption	I
within	O
the	O
business	I
sector	O
should	O
be	O
further	O
developed	O
with	O
the	O
support	O
of	O
the	O
Commission	I
.	O

These	O
initiatives	O
will	O
not	O
,	O
realistically	O
,	O
eradicate	O
corruption	I
,	O
within	O
or	O
outside	O
the	O
EU	I
.	O

Taken	O
together	O
,	O
they	O
will	O
however	O
help	O
to	O
reduce	O
the	O
problem	O
,	O
to	O
the	O
benefit	O
of	O
all	O
.	O

This	O
Communication	O
uses	O
the	O
broad	O
definition	O
of	O
corruption	I
adopted	O
by	O
the	O
Global	I
Programme	I
against	I
Corruption	I
run	O
by	O
the	O
United	I
Nations	I
:	O
'	O
abuse	I
of	I
power	I
for	O
private	I
gain	I
'	O
,	O
which	O
therefore	O
covers	O
corruption	I
in	O
both	O
public	I
and	O
private	I
sectors	I
.	O

78	O
%	O
,	O
according	O
to	O
the	O
2009	O
Eurobarometer	I
on	O
corruption	I
.	O

This	O
survey	O
is	O
conducted	O
every	O
two	O
years	O
.	O

According	O
to	O
research	O
by	O
Transparency	I
International	I
,	O
5	O
%	O
of	O
the	O
EU	I
citizens	O
pay	I
a	O
bribe	I
annually	O
.	O

One	O
study	O
suggests	O
that	O
corruption	I
may	O
add	O
as	O
much	O
as	O
20	O
-	O
25	O
%	O
to	O
the	O
total	O
cost	I
public	I
procurement	I
contracts	I
.	O

The	O
total	O
economic	I
costs	I
of	O
corruption	I
can	O
not	O
easily	O
be	O
calculated	O
.	O

The	O
cited	O
figure	O
is	O
based	O
on	O
estimates	O
by	O
specialised	O
institutions	O
and	O
bodies	O
,	O
such	O
as	O
the	O
International	I
Chamber	I
of	I
Commerce	I
,	O
Transparency	I
International	I
,	O
UN	I
Global	I
Compact	I
,	O
World	I
Economic	I
Forum	I
,	O
Clean	I
Business	I
is	I
Good	I
Business	I
,	O
2009	O
,	O
which	O
suggest	O
that	O
corruption	I
amounts	O
to	O
5	O
%	O
of	O
GDP	I
at	O
world	O
level	O
.	O

.	O

From	O
6.23	O
in	O
2000	O
to	O
6.30	O
in	O
2010	O
,	O
out	O
of	O
the	O
maximum	O
10	O
.	O

In	O
the	O
2010	O
Index	O
,	O
although	O
nine	O
Member	O
States	O
were	O
ranked	O
amongst	O
the	O
20	O
least	O
corrupt	I
countries	O
in	O
the	O
world	O
,	O
eight	O
Member	O
States	O
were	O
ranked	O
below	O
5	O
.	O

The	O
main	O
findings	O
and	O
tendencies	O
of	O
the	O
Index	O
for	O
the	O
EU	I
have	O
been	O
confirmed	O
by	O
the	O
World	I
Bank	I
's	O
worldwide	O
governance	I
indicators	O
,	O
i.e.	O
a	O
clear	O
differences	O
among	O
individual	O
Member	O
States	O
,	O
with	O
nine	O
EU	I
Member	O
States	O
ranked	O
as	O
best	O
anti-corruption	I
performers	O
and	O
ten	O
as	O
worst	O
performers	O
.	O

Article	O
83(1	O
)	O
of	O
the	O
Treaty	I
on	I
the	I
Functioning	I
of	I
the	I
European	I
Union	I
lists	O
corruption	I
among	O
those	O
crimes	I
for	O
which	O
directives	I
providing	O
minimum	O
rules	I
on	O
definition	O
of	O
criminal	I
offences	I
and	O
sanctions	I
may	O
be	O
established	O
,	O
since	O
corruption	I
often	O
has	O
implications	O
across	O
,	O
and	O
beyond	O
,	O
internal	O
EU	I
borders	O
.	O

Bribery	I
across	O
borders	O
,	O
but	O
also	O
other	O
forms	O
of	O
corruption	I
,	O
such	O
as	O
corruption	I
in	O
the	O
judiciary	I
,	O
may	O
affect	O
competition	I
and	O
investment	I
flows	O
.	O

The	O
Commission	I
does	O
not	O
have	O
the	O
power	O
to	O
bring	O
legal	I
proceedings	I
against	O
Member	O
States	O
for	O
failure	O
to	O
transpose	I
measures	O
adopted	O
under	O
the	O
Third	O
Pillar	O
of	O
the	O
Treaty	O
,	O
prior	O
to	O
the	O
entry	O
into	O
force	O
of	O
the	O
TFEU	I
.	O

Such	O
proceedings	O
will	O
be	O
possible	O
from	O
1	O
December	O
2014	O
,	O
pursuant	O
to	O
Article	O
10	O
of	O
Protocol	O
No	O
36	O
on	O
Transitional	O
Provisions	O
of	O
the	O
Treaty	I
of	I
Lisbon	I
.	O

A	O
specific	O
monitoring	I
mechanism	I
applicable	O
to	O
two	O
Member	O
States	O
,	O
the	O
Cooperation	I
and	I
Verification	I
Mechanism	I
(	O
CVM	I
)	O
for	O
Romania	I
and	O
Bulgaria	I
,	O
has	O
existed	O
since	O
2006	O
(	O
Commission	I
Decisions	I
2006	O
/	O
928	O
/	O
EC	O
and	O
2006	O
/	O
929	O
/	O
EC	O
of	O
13	O
December	O
2006	O
(	O
OJ	I
L	O
354	O
,	O
14.12.2006	O
,	O
pp	O
.	O

56	O
,	O
58	O
)	O
.	O

The	O
CVM	I
surfaced	O
as	O
an	O
ad-hoc	O
solution	O
for	O
the	O
outstanding	O
shortcomings	O
found	O
on	O
the	O
eve	O
of	O
EU	I
accession	O
.	O

In	O
this	O
context	O
,	O
the	O
Commission	I
carries	O
out	O
verifications	O
against	O
a	O
number	O
of	O
pre-defined	O
benchmarks	O
in	O
the	O
area	O
of	O
justice	I
reforms	O
and	O
anti-corruption	I
,	O
as	O
well	O
as	O
,	O
in	O
the	O
case	O
of	O
Bulgaria	I
,	O
the	O
fight	O
against	O
organised	I
crime	I
.	O

Criminal	I
Law	I
Convention	I
on	I
Corruption	I
(	O
STE	O
173	O
,	O
adopted	O
on	O
27	O
January	O
1999	O
)	O
and	O
its	O
additional	O
Protocol	O
(	O
ETS	O
191	O
,	O
adopted	O
on	O
15	O
May	O
2003	O
)	O
;	O
Civil	I
Law	I
Convention	I
on	I
Corruption	I
(	O
STE	O
174	O
,	O
adopted	O
on	O
4	O
November	O
1999	O
)	O
and	O
the	O
Twenty	O
Guiding	O
Principles	O
against	O
Corruption	I
(	O
Council	I
of	I
Europe	I
's	O
Committee	I
of	I
Ministers	I
'	O
Resolution	I
(	O
97	O
)	O
24	O
)	O
.	O

Council	I
document	O
17024	O
/	O
09	O
,	O
adopted	O
by	O
the	O
European	I
Council	I
on	O
10	O
/	O
11	O
December	O
2009	O
.	O

(	O
OJ	I
C	O
115	O
,	O
p	O
.	O

1	O
)	O
.	O

See	O
also	O
the	O
Resolution	I
of	O
the	O
Council	I
6902	O
/	O
05	O
,	O
adopted	O
on	O
14.4.2005	O
,	O
which	O
called	O
upon	O
the	O
Commission	I
to	O
also	O
consider	O
the	O
development	O
of	O
a	O
mutual	O
evaluation	I
and	O
monitoring	I
mechanism	I
.	O

Written	O
Declaration	O
No	O
2	O
/	O
2010	O
on	O
the	O
Union	O
's	O
efforts	O
in	O
combating	I
corruption	I
,	O
adopted	O
by	O
the	O
European	I
Parliament	I
on	O
18	O
May	O
2010	O
.	O

Assessments	O
carried	O
out	O
by	O
civil	I
society	I
of	O
relevance	O
will	O
be	O
considered	O
.	O

This	O
may	O
include	O
the	O
on-going	O
Transparency	I
International	I
study	O
on	O
the	O
National	O
Integrity	I
Systems	I
in	O
the	O
EU	I
.	O

See	O
the	O
Report	O
from	O
Commission	I
to	O
the	O
Council	I
on	O
the	O
modalities	O
of	O
EU	I
participation	O
in	O
GRECO	I
,	O
COM	O
(	O
2011	O
)	O
307	O
.	O

COM	O
(	O
2011	O
)	O
309	O
final	O
.	O

The	O
Report	O
found	O
that	O
only	O
9	O
Member	O
States	O
(	O
i.e.	O
Belgium	I
,	O
Bulgaria	I
,	O
Czech	I
Republic	I
,	O
France	I
,	O
Ireland	I
,	O
Cyprus	I
,	O
Portugal	I
,	O
Finland	I
and	O
UK	I
)	O
have	O
correctly	O
transposed	I
all	O
elements	O
of	O
the	O
offence	I
as	O
laid	O
down	O
in	O
Article	O
2	O
of	O
the	O
Framework	I
Decision	I
.	O

OLAF	I
has	O
started	O
with	O
a	O
systematic	O
analysis	O
of	O
the	O
corruption	I
cases	I
in	O
order	O
to	O
identify	O
the	O
threats	O
and	O
vulnerabilities	O
the	O
EU	I
budget	I
is	O
exposed	O
to	O
.	O

See	O
the	O
Report	O
from	O
Commission	I
to	O
the	O
Council	I
on	O
the	O
modalities	O
of	O
EU	I
participation	O
in	O
GRECO	I
,	O
COM	O
(	O
2011	O
)	O
307	O
.	O

Report	O
from	O
the	O
Commission	I
to	O
the	O
European	I
Parliament	I
and	O
to	O
the	O
Council	I
based	O
on	O
Article	O
8	O
of	O
the	O
Council	I
Decision	I
2007	O
/	O
845	O
/	O
JHA	O
of	O
6	O
December	O
2007	O
concerning	O
cooperation	O
between	O
Asset	I
Recovery	I
Offices	O
of	O
the	O
Member	O
States	O
in	O
the	O
field	O
of	O
tracing	O
and	O
identification	O
of	O
proceeds	I
from	O
,	O
or	O
other	O
property	O
related	O
to	O
crime	I
(	O
COM	O
(	O
2011	O
)	O
176	O
final	O
)	O
;	O
Report	O
from	O
the	O
Commission	I
to	O
the	O
European	I
Parliament	I
and	O
the	O
Council	I
based	O
on	O
Article	O
22	O
of	O
the	O
Council	I
Framework	I
Decision	I
2006	O
/	O
783	O
/	O
JHA	O
of	O
6	O
October	O
2006	O
on	O
the	O
application	O
of	O
the	O
principle	O
of	O
mutual	O
recognition	O
to	O
confiscation	I
orders	O
(	O
COM	O
(	O
2010	O
)	O
428	O
)	O
;	O
Report	O
from	O
the	O
Commission	I
pursuant	O
to	O
Article	O
6	O
of	O
the	O
Council	I
Framework	I
Decision	I
2005	O
/	O
212	O
/	O
JHA	O
of	O
24	O
February	O
2005	O
on	O
confiscation	I
of	O
crime	I
related	O
proceeds	I
,	O
instrumentalities	I
and	O
property	O
(	O
COM	O
(	O
2007	O
)	O
805	O
final	O
)	O
;	O
Report	O
from	O
the	O
Commission	I
based	O
on	O
Article	O
14	O
of	O
the	O
Council	I
Framework	I
Decision	I
2003	O
/	O
577	O
/	O
JHA	O
of	O
22	O
July	O
2003	O
on	O
the	O
execution	O
in	O
the	O
European	I
Union	I
of	O
orders	O
freezing	I
property	O
or	O
evidence	I
(	O
COM	O
(	O
2008	O
)	O
885	O
final	O
)	O
.	O

According	O
to	O
Article	O
21(2)(b	O
)	O
of	O
Directive	I
2005	O
/	O
60	O
/	O
EC	O
of	O
the	O
European	I
Parliament	I
and	O
of	O
the	O
Council	I
of	O
26	O
October	O
2005	O
on	O
the	O
prevention	O
of	O
the	O
use	O
of	O
the	O
financial	I
system	I
for	O
the	O
purpose	O
of	O
money	I
laundering	I
and	O
terrorist	I
financing	I
,	O
the	O
FIU	I
shall	O
be	O
established	O
as	O
a	O
central	O
national	O
unit	O
.	O

It	O
shall	O
be	O
responsible	O
for	O
receiving	O
(	O
and	O
to	O
the	O
extent	O
permitted	O
,	O
requesting	O
)	O
,	O
analyzing	O
and	O
disseminating	O
to	O
the	O
competent	O
authorities	I
,	O
disclosures	O
of	O
information	O
which	O
concern	O
potential	O
money	I
laundering	I
,	O
potential	O
terrorist	I
financing	I
or	O
are	O
required	O
by	O
national	O
legislation	I
or	O
regulation	I
.	O

It	O
shall	O
be	O
provided	O
with	O
adequate	O
resources	O
in	O
order	O
to	O
fulfill	O
its	O
tasks	O
.	O

Directive	I
2004	O
/	O
18	O
/	O
EC	O
on	O
the	O
coordination	O
of	O
procedures	O
for	O
the	O
award	O
of	O
public	I
works	I
contracts	I
,	O
public	I
supply	O
contracts	I
and	O
public	I
service	I
contracts	I
(	O
OJ	I
L	O
134	O
,	O
30.4.2004	O
,	O
p	O
.	O

114	O
)	O
and	O
Directive	I
2004	O
/	O
17	O
/	O
EC	O
coordinating	O
the	O
procurement	I
procedures	I
of	O
entities	O
operating	O
in	O
the	O
water	O
,	O
energy	O
,	O
transport	O
and	O
postal	O
services	O
sectors	O
(	O
OJ	I
L	O
134	O
,	O
30.4.2004	O
,	O
p	O
.	O

1	O
)	O
.	O

Green	I
Paper	I
on	O
the	O
modernisation	O
of	O
EU	I
public	I
procurement	I
policy	I
.	O

Towards	O
a	O
more	O
efficient	O
European	O
Public	I
Procurement	I
Market	I
,	O
COM	O
(	O
2011	O
)	O
15	O
final	O
.	O

Conclusions	O
of	O
the	O
fifth	O
report	O
on	O
economic	I
,	O
social	O
and	O
territorial	O
cohesion	O
:	O
the	O
future	O
of	O
cohesion	I
policy	I
,	O
COM	O
(	O
2010	O
)	O
642	O
final	O
.	O

Directive	I
2006	O
/	O
43	O
/	O
EC	O
on	O
statutory	I
audits	I
of	O
annual	I
accounts	I
and	O
consolidated	I
accounts	I
,	O
amending	O
Council	I
Directives	I
78	O
/	O
660	O
/	O
EEC	O
and	O
83	O
/	O
349	O
/	O
EEC	O
and	O
repealing	I
Council	I
Directive	I
84	O
/	O
253	O
/	O
EEC	O
(	O
OJ	I
L	O
157	O
,	O
9.6.2006	O
,	O
p	O
.	O

87	O
)	O
.	O

Green	I
Paper	I
on	O
Audit	I
Policy	I
:	O
Lessons	O
from	O
the	O
Crisis	O
,	O
COM	O
(	O
2010	O
)	O
561	O
final	O
.	O

Allegations	I
of	O
links	O
between	O
politicians	I
and	O
influential	O
businesses	I
or	O
media	O
owners	O
have	O
been	O
made	O
repeatedly	O
in	O
recent	O
years	O
,	O
notably	O
regarding	O
financing	I
of	I
electoral	I
campaigns	I
.	O

This	O
support	O
is	O
ensured	O
through	O
the	O
specific	O
programme	O
on	O
'	O
Prevention	O
and	O
Fight	O
against	O
Crime	I
'	O
.	O

Communication	O
on	O
the	O
protection	O
of	O
the	O
financial	I
interests	I
of	O
the	O
European	I
Union	I
by	O
criminal	I
law	I
and	O
by	O
administrative	I
investigations	I
:	O
An	O
integrated	O
policy	I
to	O
safeguard	O
the	O
taxpayers	I
'	O
money	I
,	O
COM	O
(	O
2011	O
)	O
293	O
final	O
.	O

Joint	O
Communication	O
to	O
the	O
European	I
Parliament	I
,	O
the	O
Council	I
,	O
the	O
European	I
Economic	I
and	I
Social	I
Committee	I
and	O
the	O
Committee	I
of	I
the	I
Regions	I
-	O
A	O
new	O
response	O
to	O
a	O
changing	O
Neighbourhood	O
,	O
COM	O
(	O
2011	O
)	O
303	O
.	O

Communication	O
on	O
Governance	I
and	O
Development	O
,	O
COM	O
(	O
2003	O
)	O
615	O
final	O
,	O
and	O
Communication	O
on	O
Governance	I
in	O
the	O
European	O
consensus	O
on	O
development	O
:	O
towards	O
an	O
harmonised	O
approach	O
within	O
the	O
European	I
Union	I
,	O
COM	O
(	O
2006	O
)	O
421	O
final	O
.	O

E.g.	O
the	O
governance	I
initiative	O
for	O
African	O
,	O
Caribbean	O
and	O
Pacific	O
countries	O
which	O
took	O
the	O
form	O
of	O
an	O
'	O
incentive	O
tranche	O
'	O
of	O
2.7	O
billion	O
Euros	O
to	O
encourage	O
political	I
will	O
to	O
reform	O
.	O

Communication	O
on	O
the	O
Forest	O
Law	I
Enforcement	I
,	O
Governance	I
and	O
Trade	I
Action	I
Plan	I
,	O
COM	O
(	O
2003	O
)	O
251	O
final	O
.	O

