10-meter circle	Specific_Term
10-meter circles	Specific_Term
12-meter circle	Specific_Term
15-meter circle	Specific_Term
15-meter circles	Specific_Term
18-meter circle	Specific_Term
20-meter circle	Specific_Term
20-meter circles	Specific_Term
4-beat	Specific_Term
a	Specific_Term
abdomen	Common_Term
abdominal muscles	Common_Term
acceptance of the bit	Specific_Term
activate	Specific_Term
active	Specific_Term
active aid	Specific_Term
actively	Specific_Term
activity	Specific_Term
addy-crow	Named_Entity
adequan®	Named_Entity
adrienne	Named_Entity
adrienne bessey	Named_Entity
aerc	Named_Entity
afghanistan	Named_Entity
africa	Named_Entity
ahsa	Named_Entity
aid	Specific_Term
aids	Specific_Term
air	Specific_Term
airs	Specific_Term
airs above ground	Specific_Term
airs above the ground	Specific_Term
akhal-teke	Specific_Term
alexandria	Named_Entity
alexandria belton	Named_Entity
alois	Named_Entity
alois podhajsky	Named_Entity
amateur rider	Common_Term
ambling	Specific_Term
ambling gait	Specific_Term
america	Named_Entity
american endurance ride conference	Named_Entity
american horse shows association	Named_Entity
american paint	Specific_Term
american quarter horse association	Named_Entity
american saddlebred	Specific_Term
american west	OOD_Term
americas	Named_Entity
andalusian	Specific_Term
angel	Named_Entity
angela	Named_Entity
angela cook	Named_Entity
anlehnung	Specific_Term
anna	Named_Entity
anna wood	Named_Entity
annemarie	Named_Entity
annemarie field	Named_Entity
annual pony club national championships	Named_Entity
antoine	Named_Entity
antoine cartier d'aure	Named_Entity
antoine de pluvinel	Named_Entity
appaloosas	Specific_Term
arabian	Specific_Term
arabians	Specific_Term
arena	Specific_Term
arena letters	Specific_Term
arenas	Specific_Term
argentina	Named_Entity
aristo	Named_Entity
arm	Common_Term
arms	Common_Term
arnd	Named_Entity
arnd bronkhorst	Named_Entity
ashley	Named_Entity
ashley fornell	Named_Entity
ashlyn	Named_Entity
ashlyn degroot	Named_Entity
asia	Named_Entity
astm / sei	Named_Entity
at the girth	Specific_Term
atlanta	Named_Entity
australia	Named_Entity
austria	Named_Entity
automatic stirrup release	Specific_Term
ayscha	Named_Entity
ayscha 's angels	Named_Entity
b	Specific_Term
b.f. skinner	Named_Entity
back	Common_Term
back issues	Common_Term
back legs	Common_Term
back muscles	Common_Term
backed	Specific_Term
backing	Specific_Term
balance	Common_Term
balanced	Common_Term
balances	Common_Term
balancing	Common_Term
ballotade	Specific_Term
bandages	Specific_Term
barcelona	Named_Entity
bareback	Specific_Term
barker	Named_Entity
baroque	Specific_Term
baroque horse	Specific_Term
baroque horse breeds	Specific_Term
barrel	Specific_Term
barrel race	OOD_Term
barrel racing	OOD_Term
barrette	Specific_Term
bascule	OOD_Term
battista pignatelli	Named_Entity
baucher	Named_Entity
baumert	Named_Entity
beat	Common_Term
beats	Common_Term
beats per minute	Specific_Term
behind the girth	Specific_Term
behind the leg	Specific_Term
beijing	Named_Entity
belasik	Named_Entity
belinda	Named_Entity
belinda nairn-wertman	Named_Entity
bell boots	Specific_Term
belton	Named_Entity
bend	Specific_Term
bending	Specific_Term
bending aids	Specific_Term
bends	Specific_Term
bent	Specific_Term
bent branderup	Named_Entity
bessey	Named_Entity
beth	Named_Entity
beth baumert	Named_Entity
big tour	Specific_Term
billets	Specific_Term
bit	Specific_Term
bits	Specific_Term
bitting	Specific_Term
body protectors	Specific_Term
boldt	Named_Entity
boot	Common_Term
boots	Common_Term
bound	Common_Term
box stall	Specific_Term
box stalls	Specific_Term
bpm	Specific_Term
bradoon	Specific_Term
branderup	Named_Entity
breakaway roping	OOD_Term
bred	Common_Term
bredahl-baker	Named_Entity
breeches	Specific_Term
breed	Common_Term
breeding	Common_Term
breeds	Common_Term
bridle	Specific_Term
bridle path	Specific_Term
bridles	Specific_Term
british dressage	Named_Entity
broncs	Specific_Term
bronkhorst	Named_Entity
brow band	Specific_Term
bucking	Common_Term
buckles	Common_Term
burggraf	Named_Entity
butt	Common_Term
butt rope	Specific_Term
buttocks	Common_Term
buzkashi	OOD_Term
c	Specific_Term
c7	OOD_Term
c7 vertebra	OOD_Term
cadence	Specific_Term
cadenced	Specific_Term
cadenced trot	Specific_Term
cadre noir	Named_Entity
calf	Common_Term
california	Named_Entity
california dressage society	Named_Entity
callum	Named_Entity
callum barker	Named_Entity
campdrafting	OOD_Term
canada	Named_Entity
canadian warmblood	Specific_Term
cannon bone	Specific_Term
canter	Specific_Term
canter left lead	Specific_Term
canter pirouette	Specific_Term
canter pirouettes	Specific_Term
canter rhythm	Specific_Term
canter right lead	Specific_Term
canter stride	Specific_Term
canter-trot transitions	Specific_Term
canters	Specific_Term
canter–trot–canter transitions	Specific_Term
canter–walk–canter transitions	Specific_Term
cantle	Specific_Term
cap	Specific_Term
capriole	Specific_Term
carl	Named_Entity
carl hester	Named_Entity
carlsbad	Named_Entity
carriage driving	OOD_Term
cartier d'aure	Named_Entity
cavaletti	Specific_Term
cavalletti	Specific_Term
cavalry	Common_Term
cavendish	Named_Entity
cavesson	Specific_Term
cavessons	Specific_Term
cdi	Named_Entity
cdi-w	Named_Entity
cdis	Named_Entity
cds	Named_Entity
center line	Specific_Term
centerline	Specific_Term
centerlines	Specific_Term
central asia	Named_Entity
cervical segment	OOD_Term
change	Specific_Term
change of lead	Specific_Term
change rein	Specific_Term
change rein across the diagonal	Specific_Term
change through the diagonal	Specific_Term
changes	Specific_Term
changes leads	Specific_Term
changing	Specific_Term
chaps	Specific_Term
charles ii	Named_Entity
charlotte	Named_Entity
charlotte bredahl-baker	Named_Entity
charlotte-bredahl baker	Named_Entity
charreada	OOD_Term
chest	Common_Term
chests	Common_Term
chin	Common_Term
chins	Common_Term
christine	Named_Entity
christine traurig	Named_Entity
cindy	Named_Entity
cindy ishoy	Named_Entity
cindy sydnor	Named_Entity
ciotti gallo	Named_Entity
circle	Specific_Term
circles	Specific_Term
classic riding	Specific_Term
classical dressage	Specific_Term
classical dressage movements	Specific_Term
classical dressage riders	Specific_Term
classical dressage trainers	Specific_Term
classical position	Specific_Term
classical riders	Specific_Term
classical riding	Specific_Term
classically trained	Specific_Term
close the frame	Specific_Term
closed rein	Specific_Term
cluck	Common_Term
coach	Common_Term
coached	Common_Term
coat	Common_Term
coiling of the loins	Specific_Term
collarbones	Common_Term
collect	Specific_Term
collected	Specific_Term
collected canter	Specific_Term
collected gait	Specific_Term
collected gaits	Specific_Term
collected movements	Specific_Term
collected trot	Specific_Term
collected walk	Specific_Term
collecting	Specific_Term
collection	Specific_Term
collects	Specific_Term
collins	Named_Entity
columbus	Named_Entity
combination	Specific_Term
combinations	Specific_Term
combined driving	OOD_Term
combined training	Specific_Term
competition	Common_Term
competitions	Common_Term
competitive dressage	Specific_Term
conformation	Specific_Term
conformation classes	Specific_Term
connect	Specific_Term
connected	Specific_Term
connecting	Specific_Term
connection	Specific_Term
connects	Specific_Term
contact	Specific_Term
containing aids	Specific_Term
cook	Named_Entity
cool down	Common_Term
cool out	Common_Term
cool-down	Common_Term
coqui	Named_Entity
core	Common_Term
corinne	Named_Entity
corinne foxley	Named_Entity
corkscrews	Specific_Term
corner	Specific_Term
corners	Specific_Term
correct diagonal	Specific_Term
counter flexion	Specific_Term
counter-canter	Specific_Term
counter-change of hand	Specific_Term
courbette	Specific_Term
craig	Named_Entity
craig stanley	Named_Entity
cressman	Named_Entity
crooked	Specific_Term
crookedness	Specific_Term
cross over	Specific_Term
cross-country jumping	Specific_Term
crossover	Specific_Term
croup	Specific_Term
croupade	Specific_Term
curb	Specific_Term
curb bit	Specific_Term
curb chain	Specific_Term
cutting	OOD_Term
daffy 's son shine	Named_Entity
daisy cutter	OOD_Term
dalina dg	Named_Entity
dam	Common_Term
dawn	Named_Entity
dawn white-o'connor	Named_Entity
de la broue	Named_Entity
de la guérinière	Named_Entity
de pluvinel	Named_Entity
debbie	Named_Entity
debbie rodriguez	Named_Entity
deep seat	Specific_Term
degroot	Named_Entity
del mar	Named_Entity
denmark	Named_Entity
depart	Specific_Term
derby	Specific_Term
diagonal	Specific_Term
diagonal gait	Specific_Term
diagonal line	Specific_Term
diagonal rhythm	Specific_Term
diagonals	Specific_Term
diane	Named_Entity
diane fellows	Named_Entity
direction of movement	Common_Term
direction of travel	Common_Term
dnieper river	Named_Entity
dock	Specific_Term
doma menorquina	Named_Entity
don river	Named_Entity
donatello 107	Named_Entity
dorie	Named_Entity
dorie addy-crow	Named_Entity
double bridle	Specific_Term
double canter pirouettes	Specific_Term
double-joint	Specific_Term
downward	Common_Term
downward transitions	Specific_Term
draft horse showing	OOD_Term
draft-cross	Specific_Term
dress boots	Specific_Term
dressage	Common_Term
dressage arena	Specific_Term
dressage australia	Named_Entity
dressage coat	Specific_Term
dressage competition	Common_Term
dressage competitions	Common_Term
dressage final	Named_Entity
dressage freestyle	Specific_Term
dressage horse	Common_Term
dressage horses	Common_Term
dressage judge	Specific_Term
dressage mare	Common_Term
dressage masters	Specific_Term
dressage movement	Specific_Term
dressage movements	Specific_Term
dressage rider	Common_Term
dressage riders	Common_Term
dressage riding	Common_Term
dressage saddle	Specific_Term
dressage saddles	Specific_Term
dressage test	Specific_Term
dressage tests	Specific_Term
dressage today	Named_Entity
dressage training	Common_Term
dressage world cup	Named_Entity
drive	Specific_Term
driven	Specific_Term
drivers	OOD_Term
drives	Specific_Term
driving	Specific_Term
driving aids	Specific_Term
driving leg	Specific_Term
driving leg aids	Specific_Term
driving power	Specific_Term
drop noseband	Specific_Term
drop nosebands	Specific_Term
dueck	Named_Entity
dupont	Named_Entity
dupuis	Named_Entity
durchlässigkeit	Specific_Term
dutch warmblood	Specific_Term
e	Specific_Term
eadweard	Named_Entity
eadweard muybridge	Named_Entity
ear	Common_Term
ears	Common_Term
egon	Named_Entity
egon von neindorff	Named_Entity
ehrlich	Named_Entity
eisenberg	Named_Entity
elbows	Common_Term
elevated	Specific_Term
elevated trot	Specific_Term
elevates	Specific_Term
elevation	Specific_Term
elevation of stride	Specific_Term
emmanuel school	Named_Entity
endurance	OOD_Term
engage	Specific_Term
engaged	Specific_Term
engagement	Specific_Term
england	Named_Entity
english riding	Specific_Term
english riding supply	Named_Entity
english saddles	Specific_Term
english weymouth bridle	Specific_Term
english-style horse	Specific_Term
english-style saddle	Specific_Term
english-type riding	Specific_Term
english-type saddle	Specific_Term
equestrian	Common_Term
equestrian helmet	Specific_Term
equestrian medical safety association	Named_Entity
equestrianism	Specific_Term
equestrians	Common_Term
equids	Specific_Term
equilateral front leg	Specific_Term
equine	Common_Term
equine learning	Specific_Term
equines	Specific_Term
equitation	Specific_Term
equitation riders	Specific_Term
ernst	Named_Entity
ernst hoyos	Named_Entity
escola portuguesa de arte equestre	Named_Entity
etienne	Named_Entity
europe	Named_Entity
eventing	Specific_Term
eventing dressage	Specific_Term
exercise	Common_Term
exercises	Common_Term
extended	Specific_Term
extended gaits	Specific_Term
extended trot	Specific_Term
extended walk	Specific_Term
eye	Common_Term
eyes	Common_Term
f	Specific_Term
fall in	Specific_Term
fall inward	Specific_Term
fall out	Specific_Term
fall to the outside	Specific_Term
falling in	Specific_Term
falling out	Specific_Term
falls out	Specific_Term
federation equestre international	Named_Entity
federico	Named_Entity
federico grisone	Named_Entity
feet	Common_Term
fei	Named_Entity
fei dressage handbook	Named_Entity
fei world cup	Named_Entity
felicitas	Named_Entity
felicitas von neumann-cosel	Named_Entity
fellows	Named_Entity
fetlocks	Specific_Term
field	Named_Entity
field boots	Specific_Term
figure	Specific_Term
figure-eight	Specific_Term
figures	Specific_Term
fillis	Named_Entity
filly	Specific_Term
fine harness	OOD_Term
fingers	Common_Term
first level	Specific_Term
first level freestyle	Specific_Term
first track	Specific_Term
fist	Common_Term
flank	Common_Term
flash noseband	Specific_Term
flat racing	OOD_Term
flat-shod	Specific_Term
flex	Specific_Term
flexed	Specific_Term
flexion	Specific_Term
flying change	Specific_Term
flying changes	Specific_Term
flying changes in sequence	Specific_Term
foal	Common_Term
foals	Common_Term
foam	Specific_Term
follow	Specific_Term
following	Specific_Term
following the walk	Specific_Term
follows	Specific_Term
foot	Common_Term
foot falls	Specific_Term
foot-falls	Specific_Term
footfall	Specific_Term
footfalls	Specific_Term
fore legs	Common_Term
forearm	Common_Term
forearms	Common_Term
forehand	Specific_Term
forehand turn	Specific_Term
foreleg	Common_Term
forelegs	Common_Term
forelimbs	Common_Term
forelock	Specific_Term
formal driving	OOD_Term
fornell	Named_Entity
forward	Common_Term
forward / sideways	Specific_Term
forward motion	Common_Term
forward movement	Common_Term
forward tendency	Specific_Term
forward thrust	Specific_Term
forward-sideways	Specific_Term
forward-sideways-driving leg	Specific_Term
forwardness	Specific_Term
four-beat	Specific_Term
four-loop serpentines	Specific_Term
fourth level	Specific_Term
fox trot	Specific_Term
foxley	Named_Entity
frame	Specific_Term
france	Named_Entity
franziskus	Named_Entity
françois	Named_Entity
françois baucher	Named_Entity
françois robichon de la guérinière	Named_Entity
free walk	Specific_Term
free-jump	Specific_Term
freestyle	Specific_Term
freestyle to music	Specific_Term
freestyles	Specific_Term
friesian	Specific_Term
front end	Specific_Term
front feet	Common_Term
front hoof	Common_Term
front leg	Common_Term
front legs	Common_Term
full halts	Specific_Term
full pirouette	Specific_Term
full pirouettes	Specific_Term
fédération équestre internationale	Named_Entity
g	Specific_Term
gabor	Named_Entity
gabriela	Named_Entity
gabriela glumac	Named_Entity
gag bits	Specific_Term
gait	Specific_Term
gaited	Specific_Term
gaits	Specific_Term
gallop	Common_Term
galloping	Common_Term
gambol	Named_Entity
gelding	Specific_Term
george	Named_Entity
geraderichtung	Specific_Term
german national equestrian foundation	Named_Entity
german national trainer	Named_Entity
germany	Named_Entity
giovanni	Named_Entity
giovanni battista pignatelli	Named_Entity
girth	Specific_Term
glossary of judging terms	Named_Entity
glove	Common_Term
gloves	Common_Term
glumac	Named_Entity
gogue	Specific_Term
grackle	Specific_Term
grand prix	Specific_Term
grand prix dressage movements	Specific_Term
grand prix freestyle to music	Specific_Term
grand prix level movement	Specific_Term
grand prix rider	Specific_Term
grand prix special	Specific_Term
great britain	Named_Entity
greengate farm	Named_Entity
grisone	Named_Entity
grooming	Specific_Term
ground manners	Specific_Term
groundwork	Specific_Term
gräf	Named_Entity
guarding outside leg	Specific_Term
gueriniere	Named_Entity
gurney	Named_Entity
gustav	Named_Entity
gustav steinbrecht	Named_Entity
gymkhana	OOD_Term
gymkhanas	OOD_Term
gymnastic	Common_Term
gymnastically	Common_Term
gymnasticize	Specific_Term
gymnasticized	Common_Term
gymnastics	Common_Term
h	Specific_Term
habanero cws	Named_Entity
hack	Specific_Term
hacking	Specific_Term
half 10-meter circle	Specific_Term
half chaps	Specific_Term
half halt	Specific_Term
half halts	Specific_Term
half pass	Specific_Term
half steps	Specific_Term
half turn on the haunches	Specific_Term
half-10-meter circle	Specific_Term
half-halt	Specific_Term
half-halts	Specific_Term
half-pass	Specific_Term
half-passes	Specific_Term
half-passing	Specific_Term
half-pirouette	Specific_Term
half-seat	Specific_Term
half-volte	Specific_Term
hall of fame	Named_Entity
halt	Common_Term
halter	Specific_Term
halting	Common_Term
halts	Common_Term
halt–walk	Specific_Term
hand	Common_Term
hand aids	Specific_Term
hand gallop	Specific_Term
handler	Common_Term
handlers	Common_Term
hands	Common_Term
hannoverian	Specific_Term
hanoverian	Specific_Term
harness	Specific_Term
harness racing	OOD_Term
harrison	Named_Entity
harry	Named_Entity
harry boldt	Named_Entity
haunches	Specific_Term
haunches-in	Specific_Term
haute ecole	Specific_Term
haute ecole jumps	Specific_Term
haute école	Specific_Term
hay	Common_Term
hay nets	Common_Term
head	Common_Term
head shying	Specific_Term
header	OOD_Term
heading and heeling	OOD_Term
heather	Named_Entity
heather collins	Named_Entity
heel	Common_Term
heeler	OOD_Term
heels	Common_Term
helmet	Common_Term
helmets	Common_Term
herd	Common_Term
hester	Named_Entity
high school	Specific_Term
high school dressage	Specific_Term
hilda	Named_Entity
hilda gurney	Named_Entity
hind end	Specific_Term
hind feet	Common_Term
hind foot	Common_Term
hind hoof	Common_Term
hind hooves	Common_Term
hind leg	Common_Term
hind legs	Common_Term
hind limbs	Common_Term
hind quarters	Specific_Term
hind-end	Specific_Term
hindleg	Common_Term
hindlegs	Common_Term
hindlimbs	Common_Term
hindquarters	Specific_Term
hinnemann	Named_Entity
hip	Common_Term
hip joints	Common_Term
hips	Common_Term
hock	Specific_Term
hocks	Specific_Term
holger	Named_Entity
holger schmezer	Named_Entity
holsteiner	Specific_Term
hong kong	Named_Entity
hong kong jockey club	Named_Entity
honorary instructor	Named_Entity
hoof	Common_Term
hoof polish	Specific_Term
hoofs	Common_Term
hooves	Common_Term
horn	Specific_Term
horse	Common_Term
horse breeds	Common_Term
horse riding	Common_Term
horse show	Specific_Term
horse shows	Specific_Term
horse training	Common_Term
horseback	Common_Term
horseback riding	Common_Term
horseball	OOD_Term
horseman	Common_Term
horsemanship	Specific_Term
horses	Common_Term
hotshot af	Named_Entity
hoya	Named_Entity
hoyos	Named_Entity
hubertus	Named_Entity
hubertus schmidt	Named_Entity
humane society of the united states	Named_Entity
hunt seat	Specific_Term
hunter	OOD_Term
hunter paces	OOD_Term
hunter pacing	OOD_Term
hunter under saddle	OOD_Term
hunters	OOD_Term
hunting cap	Specific_Term
ice age	Named_Entity
illinois	Named_Entity
impulsion	Specific_Term
in-hand	Specific_Term
in-hand breeding	Specific_Term
independent aids	Specific_Term
independent seat	Specific_Term
indoor riding	Common_Term
infanta	Named_Entity
inner hind leg	Specific_Term
inner leg	Specific_Term
inside	Specific_Term
inside aids	Specific_Term
inside eye	Specific_Term
inside foreleg	Specific_Term
inside front leg	Specific_Term
inside hand	Specific_Term
inside hind foot	Specific_Term
inside hind leg	Specific_Term
inside hip	Specific_Term
inside leg	Specific_Term
inside legs	Specific_Term
inside rein	Specific_Term
inside seat bone	Specific_Term
inside shoulder	Specific_Term
inside stirrup	Specific_Term
inside thigh	Specific_Term
instructor	Common_Term
instructors	Common_Term
intermediaire	Specific_Term
intermediaire test ii	Specific_Term
intermediare i	Specific_Term
intermediare ii	Specific_Term
intermediate a	Specific_Term
intermediate b	Specific_Term
intermediate i	Specific_Term
intermediate ii	Specific_Term
international equestrian federation	Named_Entity
international federation for equestrian sports	Named_Entity
into the contact	Specific_Term
introductory level	Specific_Term
irregularity	Specific_Term
ishoy	Named_Entity
james	Named_Entity
james fillis	Named_Entity
jaw	Common_Term
jen	Named_Entity
jen vanover	Named_Entity
jerez de la frontera	Named_Entity
jockey	Specific_Term
jockey club	Named_Entity
jodie	Named_Entity
jodie cressman	Named_Entity
jog	Specific_Term
jog trot	Specific_Term
johann	Named_Entity
johann hinnemann	Named_Entity
joint	Common_Term
joints	Common_Term
joliet	Named_Entity
jousting	OOD_Term
judge	Common_Term
judged	Common_Term
judges	Common_Term
judging	Common_Term
jump	Common_Term
jumped	Common_Term
jumper	Specific_Term
jumpers	Common_Term
jumping	Common_Term
jumping position	Specific_Term
jumps	Common_Term
k	Specific_Term
kahla	Named_Entity
kahla ishoy	Named_Entity
kamila	Named_Entity
kamila dupont	Named_Entity
katherine	Named_Entity
katherine shelton	Named_Entity
keen	Named_Entity
kentucky	Named_Entity
kerido	Named_Entity
kick	Common_Term
kicked	Common_Term
kicking	Common_Term
kicks	Common_Term
kim	Named_Entity
kim f. miller	Named_Entity
kimberwickes	Specific_Term
kineton nosebands	Specific_Term
knee	Common_Term
knee block	Specific_Term
knees	Common_Term
kristina	Named_Entity
kristina harrison	Named_Entity
kwpn	Specific_Term
kyra	Named_Entity
kyra kyrklund	Named_Entity
kyrgyzstan	Named_Entity
kyrklund	Named_Entity
kür	Specific_Term
large circle	Specific_Term
lariat	OOD_Term
las vegas	Named_Entity
lateral balance	Specific_Term
lateral bend	Specific_Term
lateral exercises	Specific_Term
lateral movement	Specific_Term
lateral movements	Specific_Term
lateral relaxation	Specific_Term
lateral work	Specific_Term
laura	Named_Entity
laura romfh	Named_Entity
le trec	OOD_Term
lead	Specific_Term
lead leg	Specific_Term
lead line	Specific_Term
lead rope	Specific_Term
leading	Specific_Term
leads	Specific_Term
left aids	Specific_Term
left flexion	Specific_Term
left hind leg	Common_Term
left hind toe	Common_Term
left lead	Specific_Term
left leg	Common_Term
left rein	Common_Term
leg	Common_Term
leg aid	Specific_Term
leg aids	Specific_Term
leg yield	Specific_Term
leg yield right	Specific_Term
leg yielding	Specific_Term
leg yields	Specific_Term
leg-yield	Specific_Term
leg-yielding	Specific_Term
legolas	Named_Entity
legs	Common_Term
lengthen	Specific_Term
lengthened	Specific_Term
lengthened trot	Specific_Term
lengthening	Specific_Term
lengthenings	Specific_Term
lengthens	Specific_Term
letter	Specific_Term
letters	Specific_Term
levade	Specific_Term
levades	Specific_Term
lexington	Named_Entity
light in the hand	Specific_Term
lighter	Specific_Term
lightness	Specific_Term
linda	Named_Entity
linda tellington-jones	Named_Entity
line of travel	Specific_Term
lipizzan	Specific_Term
lipizzaner	Specific_Term
lipizzaners	Specific_Term
lips	Common_Term
lisbon	Named_Entity
locomotor apparatus	Specific_Term
loin	Common_Term
london	Named_Entity
lone	Named_Entity
lone rytter	Named_Entity
long lines	Specific_Term
long rein	Specific_Term
long reins	Specific_Term
long side	Specific_Term
long sides	Specific_Term
long-lining	Specific_Term
long-side	Specific_Term
longe	Specific_Term
longed	Specific_Term
longeing	Specific_Term
longitudinal relaxation	Specific_Term
longside	Specific_Term
loop	Specific_Term
loops	Specific_Term
loose rein	Specific_Term
loose-ring snaffle	Specific_Term
looseness	Specific_Term
lope	Specific_Term
losgelassenheit	Specific_Term
louis xiii	Named_Entity
lower back	Common_Term
lower leg	Common_Term
lower legs	Common_Term
lugano	Named_Entity
lund	Named_Entity
lusitano	Specific_Term
m	Specific_Term
mane	Common_Term
manes	Common_Term
maplewood warmbloods	Named_Entity
mare	Common_Term
marialva	Named_Entity
martingales	Specific_Term
maryland	Named_Entity
maryland 's first choice farm	Named_Entity
massachusetts	Named_Entity
master of horse	Specific_Term
maximilian	Named_Entity
maximilian weyrother	Named_Entity
medium canter	Specific_Term
medium gaits	Specific_Term
medium trot	Specific_Term
medium walk	Specific_Term
medium-trot	Specific_Term
mendez	Named_Entity
menorca	Named_Entity
menorquín	Specific_Term
mexican haute école of riders domecq	Named_Entity
meyer	Named_Entity
mezair	Specific_Term
mica	Named_Entity
michaela	Named_Entity
michaela dupuis	Named_Entity
middletown	Named_Entity
midrand	Named_Entity
military	Specific_Term
miller	Named_Entity
modern dressage	Specific_Term
molly	Named_Entity
molly o'brien	Named_Entity
moment of suspension	Specific_Term
monsieur	Named_Entity
morgans	Specific_Term
morten	Named_Entity
morten thomsen	Named_Entity
mount	Common_Term
mounted	Common_Term
mounted games	OOD_Term
mouth	Common_Term
mouths	Common_Term
move laterally	Specific_Term
movement	Specific_Term
movements	Specific_Term
muscle	Common_Term
muscles	Common_Term
muscular	Common_Term
musculature	Common_Term
muybridge	Named_Entity
muzzle	Common_Term
mw angelika	Named_Entity
nairn-wertman	Named_Entity
national electronic injury surveillance system	Named_Entity
neck	Common_Term
neck rein	Specific_Term
neck reining	Specific_Term
neck strap	Specific_Term
necks	Common_Term
neil	Named_Entity
neil ishoy	Named_Entity
neiss	Named_Entity
new braintree	Named_Entity
new south wales	Named_Entity
new york	Named_Entity
new zealand	Named_Entity
newcastle	Named_Entity
nip tuck	Named_Entity
north america	Named_Entity
north american championships	Named_Entity
nose	Common_Term
noseband	Specific_Term
nosebands	Specific_Term
nuno	Named_Entity
nuno oliveira	Named_Entity
o'brien	Named_Entity
o-mok-see	OOD_Term
o-mok-sees	OOD_Term
obedience	Common_Term
obedient	Common_Term
oldenburg	Specific_Term
oliveira	Named_Entity
olympic games	Named_Entity
olympics	Named_Entity
omaha	Named_Entity
on horsemanship	Named_Entity
on the aids	Specific_Term
on the bit	Specific_Term
on the correct diagonal	Specific_Term
on the forehand	Specific_Term
one time tempis	Specific_Term
one-tempi	Specific_Term
one-tempi flying change	Specific_Term
one-tempis	Specific_Term
oneseys	Specific_Term
operant conditioning	Specific_Term
otto	Named_Entity
otto meyer	Named_Entity
outside	Specific_Term
outside aid	Specific_Term
outside aids	Specific_Term
outside foreleg	Specific_Term
outside front leg	Specific_Term
outside hand	Specific_Term
outside hind leg	Specific_Term
outside leg	Specific_Term
outside legs	Specific_Term
outside rein	Specific_Term
outside shoulder	Specific_Term
outside side rein	Specific_Term
over fences	OOD_Term
overstep	Specific_Term
overtrack	Specific_Term
overtracks	Specific_Term
pacing	Specific_Term
pad	Specific_Term
paddock	Specific_Term
paddock boots	Specific_Term
pads	Specific_Term
pan am games	Named_Entity
pan american games	Named_Entity
para-equestrian	Specific_Term
paraequestrian	Specific_Term
paralympics	Named_Entity
park trot	OOD_Term
paso fino	Specific_Term
passage	Specific_Term
pasture	Common_Term
pato	OOD_Term
paul	Named_Entity
paul belasik	Named_Entity
pelham bit	Specific_Term
pelhams	Specific_Term
pelvic bones	Common_Term
pelvis	Common_Term
penning	OOD_Term
pennsylvania	Named_Entity
people for the ethical treatment of animals	Named_Entity
period of suspension	Specific_Term
pesade	Specific_Term
peters	Named_Entity
piaffe	Specific_Term
piaffed	Specific_Term
piaffing	Specific_Term
pierre	Named_Entity
pierre pirard	Named_Entity
pirard	Named_Entity
pirouette	Specific_Term
pirouette left	Specific_Term
pirouette right	Specific_Term
pirouettes	Specific_Term
pirouetting	Specific_Term
plain cavesson	Specific_Term
plaited	Common_Term
pleasure driving	OOD_Term
pocono downs	Named_Entity
podhajsky	Named_Entity
pole bending	OOD_Term
poll	Specific_Term
polocrosse	OOD_Term
pommel	Specific_Term
ponies	Common_Term
pony	Common_Term
pony clubs	Specific_Term
portugal	Named_Entity
portuguese school of equestrian art	Named_Entity
post	Specific_Term
posting	Specific_Term
posting trot	Specific_Term
posts	Specific_Term
praise	Common_Term
praised	Common_Term
prix st. georges	Specific_Term
proprioception	Specific_Term
proprioceptors	Specific_Term
pump	Specific_Term
pure gaits	Specific_Term
pushing power	Specific_Term
quarter horse	Specific_Term
quarter lines	Specific_Term
quarter marks	Specific_Term
quarter turn	Specific_Term
quarter turn on the haunches	Specific_Term
quarters	Specific_Term
queluz	Named_Entity
quirt	Specific_Term
rachel	Named_Entity
rachel ehrlich	Named_Entity
racing trot	OOD_Term
rail	Common_Term
ravel	Named_Entity
rearing	Common_Term
rears	Common_Term
rears up	Common_Term
rebalance	Common_Term
reconnecting	Specific_Term
recreational riding	Specific_Term
reflocked	Specific_Term
regularity	Specific_Term
rein	Common_Term
rein aid	Specific_Term
rein aids	Specific_Term
rein contact	Specific_Term
rein-back	Specific_Term
reining	OOD_Term
reins	Common_Term
rejoneo	OOD_Term
relax	Common_Term
relaxation	Common_Term
relaxed	Common_Term
relaxes	Common_Term
renvers	Specific_Term
response training	Named_Entity
reward	Common_Term
rewarded	Common_Term
rewarding	Common_Term
rheinlander	Specific_Term
rhythm	Common_Term
rhythmic	Common_Term
rhythmic gait	Specific_Term
rhythmically	Common_Term
rib cage	Common_Term
ribs	Common_Term
ridden	Common_Term
ride	Common_Term
ride and tie	OOD_Term
ride and tie association	Named_Entity
rider	Common_Term
rider performance	Specific_Term
riders	Common_Term
rides	Common_Term
riding	Common_Term
riding aids	Specific_Term
riding astride	Specific_Term
riding boot	Common_Term
riding halls	Specific_Term
riding helmets	Common_Term
riding horse	Common_Term
riding horses	Common_Term
riding instruction	Common_Term
riding masters	Specific_Term
riding school	Common_Term
riding style	Common_Term
riding technique	Specific_Term
riding techniques	Common_Term
riding tests	Common_Term
right canter	Specific_Term
right canter lead	Specific_Term
right hind foot	Common_Term
right hind leg	Common_Term
right lead	Specific_Term
right leg	Common_Term
right rein	Common_Term
ring	Specific_Term
rio	Named_Entity
rises	Specific_Term
rising	Specific_Term
rising trot	Specific_Term
road gait	OOD_Term
road trot	OOD_Term
roadster	OOD_Term
robichon	Named_Entity
rode	Common_Term
rodeo	Common_Term
rodeos	Common_Term
rodriguez	Named_Entity
rollkur	Specific_Term
romal	Specific_Term
romfh	Named_Entity
roping	OOD_Term
rosamunde	Named_Entity
rosie	Named_Entity
round	Specific_Term
round back	Specific_Term
royal andalusian school of equestrian art	Named_Entity
royal canadian mounted police	Named_Entity
royal mint	Named_Entity
running reins	Specific_Term
ruy d'andrade	Named_Entity
rytter	Named_Entity
s judge	Specific_Term
saddle	Common_Term
saddle flap	Specific_Term
saddle horn	Specific_Term
saddle pad	Specific_Term
saddle pads	Specific_Term
saddle seat	Specific_Term
saddlebreds	Specific_Term
saddles	Common_Term
safety bars	Specific_Term
saliva	Common_Term
salivation	Common_Term
salomon	Named_Entity
salomon de la broue	Named_Entity
sarah	Named_Entity
saumur	Named_Entity
sauts d'école	Specific_Term
schmezer	Named_Entity
schmidt	Named_Entity
school	Common_Term
school jumps	Specific_Term
schooling	Common_Term
schooling show	Specific_Term
schooling shows	Specific_Term
schools	Common_Term
schwung	Specific_Term
scribe	Specific_Term
scribed	Specific_Term
scribing	Specific_Term
seat	Specific_Term
seat aid	Specific_Term
seat aids	Specific_Term
seat and hands	Specific_Term
seat bone	Specific_Term
seat bones	Specific_Term
sebastian k	Named_Entity
second level	Specific_Term
second track	Specific_Term
self-carriage	Specific_Term
serpentine	Specific_Term
serpentines	Specific_Term
shadbelly	Specific_Term
shanks	Specific_Term
shannon	Named_Entity
shannon dueck	Named_Entity
shelton	Named_Entity
shoes	Common_Term
short side	Specific_Term
short sides	Specific_Term
shortened	Specific_Term
shortening	Specific_Term
shortens	Specific_Term
shoulder	Common_Term
shoulder blades	Common_Term
shoulder fore	Specific_Term
shoulder freedom	Specific_Term
shoulder in	Specific_Term
shoulder-fore	Specific_Term
shoulder-in	Specific_Term
shoulders	Common_Term
show	Specific_Term
show at speed	OOD_Term
show bow	Specific_Term
show grounds	Specific_Term
show hack	OOD_Term
show hunter	OOD_Term
show jumping	Specific_Term
show ring	Specific_Term
showgrounds	Specific_Term
shows	Specific_Term
side rein	Specific_Term
side reins	Specific_Term
sideways	Common_Term
sideways movement	Common_Term
silkeborg	Named_Entity
simple changes	Specific_Term
sit	Specific_Term
sits	Specific_Term
sitting	Specific_Term
sitting trot	Specific_Term
skill at arms	OOD_Term
skinner	Named_Entity
slow-twists	Specific_Term
small arena	Specific_Term
small tour	Specific_Term
snaffle	Specific_Term
snaffle bit	Specific_Term
snaffle bits	Specific_Term
society for creative anachronism	Named_Entity
soft hands	Specific_Term
soring	Specific_Term
south africa	Named_Entity
spain	Named_Entity
spanish riding school	Named_Entity
spine	Common_Term
sport horses	Common_Term
spur	Common_Term
spurs	Common_Term
square	Specific_Term
stables	Common_Term
stall	Common_Term
stallion	Common_Term
stallions	Common_Term
stalls	Common_Term
standard arena	Specific_Term
standardbred	Specific_Term
standing stall	Specific_Term
stanley	Named_Entity
steeple chase	OOD_Term
steeplechase	OOD_Term
steeplechasing	OOD_Term
steffen	Named_Entity
steffen peters	Named_Entity
steinbrecht	Named_Entity
step	Common_Term
step under	Specific_Term
stepping	Common_Term
steps	Common_Term
sternum	Common_Term
stickle	Named_Entity
stifle	Specific_Term
stirrup	Specific_Term
stirrups	Specific_Term
stomach	Common_Term
straight	Specific_Term
straightaway	Specific_Term
straighten	Specific_Term
straightened	Specific_Term
straightening	Specific_Term
straightening aids	Specific_Term
straightens	Specific_Term
straightness	Specific_Term
straps	Common_Term
straw	Common_Term
straw bales	Common_Term
stretch	Common_Term
stretched	Common_Term
stretches	Common_Term
stretching	Common_Term
stride	Common_Term
strides	Common_Term
submission	Specific_Term
sulky	OOD_Term
summer olympics	Named_Entity
supple	Common_Term
suppleness	Common_Term
suppling	Common_Term
surcingle	Specific_Term
susan	Named_Entity
susan j. stickle	Named_Entity
susanne	Named_Entity
susanne von dietze	Named_Entity
suspension	Specific_Term
swedish standardbred	Specific_Term
swing	Specific_Term
swinging	Specific_Term
swinging through the back	Specific_Term
sydney	Named_Entity
sydnor	Named_Entity
tack	Specific_Term
tact	Specific_Term
tactful	Specific_Term
tail	Common_Term
tail bandages	Specific_Term
takt	Specific_Term
team roping	OOD_Term
tellington-jones	Named_Entity
telurico	Named_Entity
tempi	Specific_Term
tempi changes	Specific_Term
tempis	Specific_Term
tempo	Common_Term
tennessee	Named_Entity
tennessee walker	Specific_Term
tennessee walking horse	Specific_Term
tent pegging	OOD_Term
terry	Named_Entity
terry ciotti gallo	Named_Entity
test	Specific_Term
tests	Specific_Term
texas	Named_Entity
texcoco	Named_Entity
the observer	Named_Entity
the rules of riding	Named_Entity
thigh	Common_Term
thighs	Common_Term
third level	Specific_Term
third track	Specific_Term
third tracks	Specific_Term
thomsen	Named_Entity
thoroughbred	Specific_Term
thoroughbreds	Specific_Term
three-beat	Specific_Term
three-loop serpentine	Specific_Term
through	Specific_Term
throughness	Specific_Term
thrust	Specific_Term
thrusting	Specific_Term
thrusts	Specific_Term
thumbs	Common_Term
toe	Common_Term
toes	Common_Term
tongue	Common_Term
topline	Specific_Term
track	Specific_Term
tracking	Specific_Term
tracks	Specific_Term
trafalgar square books	Named_Entity
trailer	Specific_Term
trailering	Specific_Term
trailers	Specific_Term
train	Common_Term
trainability	Common_Term
trained	Common_Term
trainer	Common_Term
trainers	Common_Term
training	Common_Term
training level	Specific_Term
training pyramid	Specific_Term
training scale	Specific_Term
transferred	Common_Term
transition	Specific_Term
transitions	Specific_Term
traurig	Named_Entity
travers	Specific_Term
tristan	Named_Entity
tristan tucker	Named_Entity
trocha	Specific_Term
trot	Common_Term
trot extensions	Specific_Term
trot lengthening	Specific_Term
trot lengthenings	Specific_Term
trots	Common_Term
trotted	Common_Term
trotting	Common_Term
trot–canter transitions	Specific_Term
trot–canter–trot	Specific_Term
trot–canter–trot transitions	Specific_Term
trot–halt–trot	Specific_Term
trot–walk transition	Specific_Term
true canter	Specific_Term
tucker	Named_Entity
tucking of the hindquarters	Specific_Term
turn on the forehand	Specific_Term
turn on the haunches	Specific_Term
turn-on-the-forehand	Specific_Term
turning aids	Specific_Term
turns on the forehand	Specific_Term
turns on the haunches	Specific_Term
twisted wire	Specific_Term
two time tempis	Specific_Term
two-beat	Specific_Term
two-beat diagonal gait	Specific_Term
two-beat square trot	Specific_Term
two-point	Specific_Term
two-track	Specific_Term
u.s.	Named_Entity
u.s. dressage federation	Named_Entity
udon	Named_Entity
uk	Named_Entity
unbalanced	Common_Term
uncollected	Specific_Term
under saddle	Specific_Term
underarm	Common_Term
underbelly	Common_Term
united kingdom	Named_Entity
united states	Named_Entity
united states department of agriculture	Named_Entity
united states dressage federation	Named_Entity
united states equestrian federation	Named_Entity
united states trotting association	Named_Entity
unmounted	Common_Term
upendo	Named_Entity
uphill	Specific_Term
uphill balance	Specific_Term
uphill tendency	Specific_Term
upper arms	Common_Term
upper leg	Common_Term
upper thoracic spine	OOD_Term
upper-level dressage	Specific_Term
upward transition	Specific_Term
upward transitions	Specific_Term
upwards movement	Specific_Term
us	Named_Entity
usa	Named_Entity
usdf	Named_Entity
usea	Named_Entity
usea championship	Named_Entity
usef	Named_Entity
usef / usea championships	Named_Entity
uset	Named_Entity
uta	Named_Entity
uta gräf	Named_Entity
vanover	Named_Entity
vaulter	OOD_Term
vaulting	OOD_Term
verden	Named_Entity
versammlung	Specific_Term
vetwrap	Named_Entity
vienna	Named_Entity
viva la vita	Named_Entity
volte	Specific_Term
voltes	Specific_Term
von dietze	Named_Entity
von neindorff	Named_Entity
von neumann-cosel	Named_Entity
walk	Common_Term
walk pirouette	Specific_Term
walk pirouettes	Specific_Term
walk-canter	Specific_Term
walk-canter transition	Specific_Term
walking	Common_Term
walks	Common_Term
walk–canter–walk	Specific_Term
walk–halt	Specific_Term
wall	Common_Term
warm-up	Common_Term
warmblood	Specific_Term
warmblood horses	Specific_Term
warmbloods	Specific_Term
warren	Named_Entity
waterfords	Specific_Term
weight aids	Specific_Term
weight-bearing	Common_Term
western	Specific_Term
western pleasure	OOD_Term
western riding	Specific_Term
western world	Named_Entity
weyrother	Named_Entity
whip	Common_Term
whips	Common_Term
white-o'connor	Named_Entity
william	Named_Entity
william cavendish	Named_Entity
wintersnow	Named_Entity
withers	Specific_Term
wood	Named_Entity
work on the ground	Specific_Term
work sessions	Common_Term
work sets	Common_Term
working canter	Specific_Term
working pace	Specific_Term
working trot	Specific_Term
world championships	Named_Entity
world equestrian games	Named_Entity
wraps	Specific_Term
wrist	Common_Term
x	Specific_Term
xenophon	Named_Entity
yearling	Common_Term
yearlings	Common_Term
yield	Specific_Term
yielding	Specific_Term
young horse rearing program	Named_Entity
young riders	Specific_Term
youtube	Named_Entity
zodessa	Named_Entity
¾-pirouette	Specific_Term
