Classical	B
dressage	I

Classical	B
dressage	I
evolved	O
from	O
cavalry	B
movements	B
and	O
training	B
for	O
the	O
battlefield	O
,	O
and	O
has	O
since	O
developed	O
into	O
the	O
competitive	B
dressage	I
seen	O
today	O
.	O

Classical	B
riding	I
is	O
the	O
art	O
of	O
riding	B
in	O
harmony	O
with	O
,	O
rather	O
than	O
against	O
,	O
the	O
horse	B
.	O

Correct	O
classical	B
riding	I
only	O
occurs	O
when	O
the	O
rider	B
has	O
a	O
good	O
seat	B
and	O
a	O
correct	O
and	O
well-balanced	B
body	O
position	O
,	O
moves	O
with	O
the	O
horse	B
's	O
motion	O
,	O
and	O
applies	O
and	O
times	O
the	O
aids	B
correctly	O
.	O

Natural	O
abilities	O
of	O
the	O
horse	B

The	O
origins	O
of	O
classical	B
dressage	I
and	O
collection	B
lie	O
in	O
the	O
natural	O
ability	O
of	O
the	O
horse	B
and	O
its	O
movements	O
in	O
the	O
wild	O
.	O

In	O
fact	O
,	O
most	O
modern	O
definitions	O
of	O
dressage	B
state	O
that	O
the	O
goal	O
is	O
to	O
have	O
the	O
horse	B
perform	O
under	B
saddle	I
with	O
the	O
degree	O
of	O
athleticism	O
and	O
grace	O
that	O
it	O
naturally	O
shows	O
when	O
free	O
.	O

Horses	B
naturally	O
use	O
collection	B
when	O
playing	O
,	O
fighting	O
,	O
competing	O
and	O
courting	O
with	O
each	O
other	O
.	O

When	O
trying	O
to	O
impress	O
other	O
horses	B
,	O
they	O
make	O
themselves	O
look	O
bigger	O
,	O
just	O
as	O
other	O
animals	O
do	O
.	O

They	O
achieve	O
this	O
by	O
lifting	O
the	O
forehand	B
,	O
raising	O
the	O
neck	B
and	O
making	O
it	O
bigger	O
by	O
flexing	O
the	O
poll	B
,	O
while	O
at	O
the	O
same	O
time	O
transforming	O
their	O
gaits	B
to	O
emphasize	O
more	O
upwards	B
movement	I
.	O

When	O
fighting	O
,	O
the	O
horse	B
will	O
collect	B
because	O
in	O
collection	B
he	O
can	O
produce	O
lightning	O
speed	O
reactions	O
for	O
kicking	B
,	O
rearing	B
,	O
spinning	O
,	O
striking	O
with	O
the	O
front	B
feet	I
,	O
bucking	B
and	O
jumping	B
.	O

This	O
natural	O
ability	O
to	O
collect	B
is	O
visible	O
in	O
every	O
horse	B
of	O
any	O
breed	B
,	O
and	O
probably	O
inspired	O
early	O
trainers	B
to	O
reproduce	O
that	O
kind	O
of	O
behavior	O
in	O
more	O
controlled	O
circumstances	O
.	O

This	O
origin	O
also	O
points	O
out	O
why	O
,	O
according	O
to	O
most	O
Classical	B
dressage	I
trainers	I
,	O
every	O
healthy	O
horse	B
,	O
regardless	O
of	O
its	O
breed	B
,	O
can	O
perform	O
classical	B
dressage	I
movements	I
,	O
including	O
the	O
Haute	B
Ecole	I
jumps	I
,	O
or	O
Airs	B
above	I
the	I
ground	I
,	O
even	O
though	O
it	O
may	O
perform	O
them	O
a	O
little	O
differently	O
from	O
the	O
ideal	O
performance	O
due	O
to	O
the	O
build	O
of	O
its	O
body	O
.	O

The	O
ultimate	O
goal	O
of	O
dressage	B
training	I
is	O
to	O
develop	O
a	O
horse	B
to	O
its	O
ability	O
as	O
an	O
athlete	O
:	O
maximum	O
performance	O
with	O
a	O
minimum	O
of	O
effort	O
.	O

The	O
training	B
scale	I
(	O
as	O
set	O
for	O
in	O
the	O
German	O
riding	B
instruction	I
)	O
is	O
to	O
physically	O
develop	O
the	O
horse	B
in	O
a	O
consistent	O
manner	O
with	O
longevity	O
in	O
mind	O
.	O

Dressage	B
is	O
fitness	O
training	B
and	O
needs	O
to	O
be	O
treated	O
as	O
such	O
,	O
with	O
thought	O
,	O
compassion	O
and	O
patience	O
.	O

A	O
history	O
of	O
classical	B
dressage	I

The	O
Western	B
World	I
's	O
earliest	O
complete	O
surviving	O
work	O
on	O
many	O
of	O
the	O
principles	O
of	O
classical	B
dressage	I
is	O
Xenophon	B
's	O
On	O
Horsemanship	B
.	O

Xenophon	B
emphasized	O
training	B
the	O
horse	B
through	O
kindness	O
and	O
reward	B
.	O

In	O
the	O
15th	O
century	O
,	O
brute	O
force	O
training	B
fell	O
out	O
of	O
favour	O
,	O
while	O
artistry	O
in	O
riding	B
came	O
to	O
the	O
fore	O
.	O

Along	O
with	O
these	O
developments	O
came	O
an	O
increase	O
in	O
indoor	B
riding	I
.	O

The	O
Renaissance	O
gave	O
rise	O
to	O
a	O
new	O
and	O
more	O
enlightened	O
approach	O
to	O
riding	B
,	O
as	O
a	O
part	O
of	O
the	O
general	O
cultivation	O
of	O
the	O
classical	O
arts	O
.	O

By	O
the	O
Victorian	O
age	O
,	O
indoor	B
riding	I
had	O
become	O
a	O
sophisticated	O
art	O
,	O
with	O
both	O
rider	B
and	O
horse	B
spending	O
many	O
years	O
perfecting	O
their	O
form	O
.	O

Gueriniere	B
,	O
Eisenberg	B
,	O
Ruy	B
d'Andrade	I
and	O
Marialva	B
wrote	O
treatises	O
on	O
technique	O
and	O
theory	O
during	O
these	O
periods	O
.	O

The	O
horses	B
were	O
trained	B
to	O
perform	O
a	O
number	O
of	O
airs	B
above	I
the	I
ground	I
(	O
or	O
sauts	B
d'école	I
)	O
movements	B
,	O
which	O
could	O
enable	O
their	O
riders	B
to	O
escape	O
if	O
surrounded	O
,	O
or	O
to	O
fight	O
more	O
easily	O
.	O

These	O
included	O
movements	B
such	O
as	O
levade	B
,	O
capriole	B
,	O
courbette	B
,	O
and	O
ballotade	B
.	O

Movements	B
still	O
seen	O
today	O
in	O
competitive	B
dressage	I
include	O
the	O
piaffe	B
,	O
passage	B
,	O
and	O
half-pass	B
.	O

Classical	B
dressage	I
vs.	O
competitive	B
dressage	I

Modern	B
dressage	I
evolved	O
from	O
the	O
classical	O
school	O
,	O
although	O
it	O
now	O
exists	O
in	O
a	O
somewhat	O
different	O
form	O
from	O
its	O
ancestor	O
.	O

Competitive	B
dressage	I
is	O
an	O
international	O
sport	O
ranging	O
from	O
beginner	O
levels	O
to	O
the	O
Olympics	B
.	O

Unlike	O
classical	B
dressage	I
,	O
competitive	B
dressage	I
does	O
not	O
require	O
the	O
airs	B
above	I
ground	I
,	O
which	O
most	O
horses	B
can	O
not	O
perform	O
well	O
even	O
with	O
correct	O
training	B
,	O
due	O
to	O
physical	O
limitations	O
.	O

Instead	O
,	O
competitive	B
dressage	I
focuses	O
on	O
movements	B
such	O
as	O
the	O
piaffe	B
,	O
passage	B
,	O
half-pass	B
,	O
extended	B
trot	I
,	O
pirouette	B
,	O
and	O
tempi	B
changes	I
.	O

In	O
theory	O
,	O
competitive	B
dressage	I
should	O
follow	O
the	O
same	O
principles	O
as	O
classical	B
dressage	I
.	O

However	O
,	O
there	O
has	O
been	O
criticism	O
by	O
some	O
riders	B
for	O
the	O
trend	O
at	O
all	O
levels	O
for	O
quick	O
fixes	O
and	O
incorrect	O
training	B
that	O
makes	O
the	O
horse	B
appear	O
correct	O
,	O
but	O
that	O
is	O
in	O
fact	O
neglecting	O
the	O
fundamentals	O
.	O

Classical	B
riders	I
criticize	O
such	O
training	B
methods	O
on	O
the	O
grounds	O
that	O
they	O
are	O
biomechanically	O
incompatible	O
with	O
correct	O
movement	O
,	O
are	O
painful	O
to	O
the	O
horse	B
,	O
and	O
cause	O
long-term	O
physical	O
damage	O
.	O

These	O
short-cuts	O
usually	O
catch	O
up	O
to	O
the	O
rider	B
as	O
they	O
move	O
up	O
the	O
levels	O
and	O
need	O
to	O
be	O
corrected	O
to	O
perform	O
certain	O
movements	B
.	O

While	O
these	O
modern	O
methods	O
,	O
such	O
as	O
the	O
highly	O
controversial	O
rollkur	B
technique	O
,	O
can	O
produce	O
winning	O
animals	O
,	O
classical	B
dressage	I
riders	I
argue	O
that	O
such	O
training	B
is	O
incorrect	O
and	O
even	O
abusive	O
.	O

It	O
is	O
also	O
believed	O
by	O
some	O
that	O
competitive	B
dressage	I
does	O
not	O
always	O
reward	O
the	O
most	O
correctly	O
trained	B
horse	B
and	O
rider	B
,	O
especially	O
at	O
the	O
lower	O
levels	O
.	O

For	O
example	O
,	O
some	O
riders	B
who	O
consider	O
themselves	O
to	O
be	O
training	B
classically	O
would	O
not	O
ask	O
their	O
horse	B
to	O
hold	O
his	O
head	B
near-vertical	O
when	O
he	O
first	O
began	O
training	B
,	O
and	O
this	O
would	O
be	O
penalized	O
at	O
the	O
lower	O
levels	O
of	O
competitive	B
dressage	I
,	O
marked	O
down	O
because	O
the	O
horse	B
is	O
not	O
considered	O
to	O
be	O
correctly	O
on	B
the	I
bit	I
.	O

Other	O
riders	B
,	O
who	O
also	O
would	O
consider	O
themselves	O
classically	B
trained	I
,	O
would	O
disagree	O
,	O
saying	O
that	O
if	O
a	O
horse	B
is	O
not	O
ready	O
to	O
travel	O
in	O
a	O
correct	O
outline	O
(	O
on	B
the	I
bit	I
)	O
he	O
is	O
not	O
ready	O
for	O
competition	B
,	O
and	O
this	O
is	O
the	O
reason	O
such	O
horses	B
would	O
be	O
marked	O
down	O
.	O

The	O
highest	O
form	O
of	O
classical	B
riding	I
,	O
as	O
well	O
as	O
dressage	B
,	O
high	B
school	I
dressage	I
,	O
or	O
haute	B
école	I
,	O
takes	O
years	O
for	O
both	O
the	O
horse	B
and	O
rider	B
to	O
master	O
.	O

When	O
a	O
horse	B
is	O
advanced	O
in	O
its	O
training	B
,	O
it	O
can	O
perform	O
not	O
only	O
Grand	B
Prix	I
dressage	I
movements	I
such	O
as	O
collected	B
and	O
extended	B
gaits	I
,	O
passage	B
and	O
piaffe	B
,	O
but	O
some	O
can	O
also	O
perform	O
certain	O
Airs	B
Above	I
the	I
Ground	I
,	O
although	O
usually	O
a	O
horse	B
will	O
only	O
be	O
trained	B
in	O
one	O
air	B
,	O
and	O
only	O
if	O
it	O
is	O
particularly	O
able	O
.	O

The	O
School	B
Jumps	I

Main	O
article	O
:	O
Airs	B
above	I
the	I
ground	I

The	O
high	B
school	I
or	O
'	O
haute	B
ecole	I
'	O
school	B
jumps	I
,	O
popularly	O
known	O
as	O
the	O
airs	B
above	I
the	I
ground	I
,	O
include	O
the	O
courbette	B
,	O
capriole	B
,	O
levade	B
,	O
and	O
ballotade	B
.	O

Though	O
these	O
movements	B
are	O
said	O
to	O
come	O
from	O
when	O
the	O
horse	B
was	O
used	O
in	O
war	O
,	O
in	O
their	O
modern	O
form	O
,	O
it	O
is	O
unlikely	O
the	O
airs	B
were	O
used	O
in	O
actual	O
battle	O
,	O
as	O
all	O
but	O
the	O
Capriole	B
expose	O
the	O
horse	B
's	O
sensitive	O
underbelly	B
to	O
the	O
weapons	O
of	O
foot	O
soldiers	O
,	O
and	O
it	O
is	O
more	O
likely	O
that	O
they	O
were	O
training	B
exercises	B
used	O
off	O
the	O
battlefield	O
.	O

The	O
courbette	B
is	O
a	O
movement	B
where	O
the	O
horse	B
balances	B
on	O
its	O
hindlegs	B
and	O
jumps	B
,	O
keeping	O
its	O
forelegs	B
off	O
the	O
ground	O
,	O
thus	O
it	O
hops	O
on	O
its	O
hindlegs	B
.	O

The	O
capriole	B
is	O
a	O
movement	B
where	O
the	O
horse	B
leaps	O
into	O
the	O
air	O
and	O
pulls	O
his	O
forelegs	B
in	O
towards	O
his	O
chest	B
at	O
the	O
height	O
of	O
elevation	B
,	O
while	O
kicking	B
out	O
with	O
his	O
hindlegs	B
.	O

The	O
levade	B
is	O
a	O
movement	B
where	O
the	O
horse	B
is	O
balanced	B
on	O
its	O
haunches	B
at	O
a	O
45	O
degree	O
angle	O
from	O
the	O
ground	O
.	O

It	O
requires	O
great	O
control	O
and	O
balance	B
,	O
and	O
is	O
very	O
strenuous	O
.	O

There	O
are	O
two	O
main	O
breeds	B
that	O
are	O
most	O
well	O
known	O
for	O
their	O
abilities	O
for	O
airs	B
above	I
ground	I
:	O
the	O
Lipizzaner	B
and	O
the	O
Andalusian	B
.	O

Other	O
breeds	B
that	O
are	O
known	O
for	O
their	O
abilities	O
in	O
High	B
School	I
dressage	I
include	O
the	O
Friesian	B
and	O
Lusitano	B
.	O

The	O
Spanish	B
Riding	I
School	I
in	O
Vienna	B
,	O
as	O
well	O
as	O
the	O
Cadre	B
Noir	I
in	O
Saumur	B
,	O
still	O
practice	O
and	O
teach	O
the	O
Haute	B
Ecole	I
.	O

The	O
Spanish	B
Riding	I
School	I
exclusively	O
uses	O
Lipizzan	B
stallions	B
for	O
their	O
work	O
.	O

Today	O
the	O
only	O
remaining	O
large	O
schools	O
of	O
classical	B
dressage	I
are	O
the	O
Cadre	B
Noir	I
,	O
the	O
Spanish	B
Riding	I
School	I
,	O
the	O
Royal	B
Andalusian	I
School	I
of	I
Equestrian	I
Art	I
in	O
Jerez	B
de	I
la	I
Frontera	I
,	O
the	O
Portuguese	B
School	I
of	I
Equestrian	I
Art	I
in	O
Lisbon	B
,	O
the	O
Mexican	B
Haute	I
École	I
of	I
Riders	I
Domecq	I
in	O
Texcoco	B
and	O
the	O
South	O
African	O
Lipizzaners	B
in	O
South	B
Africa	I
.	O

There	O
are	O
independent	O
classical	B
dressage	I
trainers	I
who	O
also	O
endeavor	O
to	O
keep	O
this	O
branch	O
of	O
the	O
art	O
alive	O
,	O
including	O
the	O
Portuguese	O
riding	B
master	O
Nuno	B
Oliveira	I
and	O
his	O
students	O
,	O
Bent	B
Branderup	I
and	O
the	O
American	O
clinician	O
,	O
Paul	B
Belasik	I
.	O

Dressage	B
masters	I
and	O
authors	O

Xenophon	B
(	O
427	O
-	O
355	O
BC	O
)	O
:	O
Greek	O
general	O
,	O
the	O
earliest	O
European	O
master	O
with	O
surviving	O
treatises	O
,	O
wrote	O
On	O
Horsemanship	B
which	O
advocated	O
the	O
use	O
of	O
sympathetic	O
training	B
of	O
the	O
horse	B
.	O

Despite	O
living	O
over	O
2000	O
years	O
ago	O
,	O
his	O
ideas	O
are	O
still	O
widely	O
praised	O

Federico	B
Grisone	I
(	O
mid-16th	O
century	O
)	O
:	O
one	O
of	O
the	O
few	O
to	O
write	O
on	O
horsemanship	B
to	O
that	O
point	O
since	O
Xenophon	B
.	O

Was	O
considered	O
a	O
master	O
of	O
his	O
time	O
;	O
his	O
methods	O
are	O
viewed	O
as	O
harsh	O
and	O
cruel	O
by	O
modern	O
standards	O

Giovanni	B
Battista	I
Pignatelli	I
(	O
mid	O
-	O
to	O
late-16th	O
century	O
)	O

Salomon	B
de	I
La	I
Broue	I
(	O
1530–1610	O
)	O

Antoine	B
de	I
Pluvinel	I
(	O
1555–1620	O
)	O
:	O
the	O
first	O
of	O
the	O
French	O
riding	B
masters	I
,	O
author	O
of	O
L'Instruction	O
du	O
Roy	O
en	O
l'Exercise	O
de	O
Monter	O
a	O
Cheval	O
,	O
tutor	O
to	O
King	O
Louis	B
XIII	I
,	O
and	O
is	O
the	O
first	O
notable	O
writer	O
to	O
advocate	O
for	O
gentle	O
training	B
since	O
Xenophon	B

William	B
Cavendish	I
,	O
1st	O
Duke	O
of	O
Newcastle	B
(	O
1592–1676	O
)	O
:	O
Master	B
of	I
Horse	I
to	O
Charles	B
II	I
of	O
England	B

François	B
Robichon	I
de	I
La	I
Guérinière	I
(	O
1688–1751	O
)	O
:	O
taught	O
the	O
classical	B
position	I
still	O
used	O
today	O
,	O
introduced	O
the	O
flying	B
change	I
,	O
and	O
had	O
great	O
impact	O
on	O
the	O
Spanish	B
Riding	I
School	I

Maximilian	B
Weyrother	I
(	O
1783–1833	O
)	O
director	O
of	O
the	O
Spanish	B
Riding	I
School	I

François	B
Baucher	I
(	O
1796–1873	O
)	O
:	O
introduced	O
the	O
one-tempi	B
flying	I
change	I
,	O
his	O
method	O
,	O
which	O
is	O
still	O
hotly	O
contested	O
,	O
was	O
based	O
on	O
the	O
fact	O
that	O
the	O
horse	B
's	O
jaw	B
is	O
the	O
source	O
of	O
all	O
resistance	O
;	O
there	O
are	O
two	O
'	O
manners	O
'	O
by	O
which	O
Baucher	B
is	O
known	O
,	O
the	O
first	O
a	O
more	O
dominant	O
form	O
of	O
riding	B
comparable	O
to	O
the	O
modern	O
rollkur	B
,	O
the	O
second	O
more	O
associated	O
with	O
'	O
lightness	B
'	O
and	O
a	O
lessening	O
of	O
the	O
hands	B
and	O
legs	B
as	O
the	O
horse	B
progresses	O

Count	O
Antoine	B
Cartier	I
D'Aure	I
(	O
1799–1863	O
)	O

Gustav	B
Steinbrecht	I
(	O
1808–1885	O
)	O

James	B
Fillis	I
(	O
1834	O
-	O
1913	O
)	O

Alois	B
Podhajsky	I
(	O
1898–1973	O
)	O
:	O
became	O
director	O
of	O
the	O
Spanish	B
Riding	I
School	I
in	O
1939	O
;	O
his	O
books	O
in	O
English	O
translation	O
form	O
the	O
basis	O
of	O
Classical	B
Dressage	I
today	O

Nuno	B
Oliveira	I
(	O
1925–1989	O
)	O

Egon	B
von	I
Neindorff	I
(	O
1923–2004	O
)	O
:	O
author	O
of	O
The	O
Art	O
of	O
Classical	O
Horsemanship	B

