Protecting	O
the	O
EU	O
's	O
financial	I
interests	I
-	O
fight	I
against	I
fraud	I

Since	O
1995	O
,	O
a	O
convention	O
has	O
been	O
in	O
place	O
which	O
seeks	O
to	O
protect	O
,	O
under	O
criminal	I
law	I
,	O
the	O
financial	I
interests	I
of	O
the	O
EU	O
and	O
its	O
taxpayers	I
.	O

Over	O
the	O
years	O
,	O
the	O
Convention	O
on	O
the	O
Protection	O
of	O
the	O
European	O
Communities	O
'	O
Financial	I
Interests	I
has	O
been	O
supplemented	O
by	O
a	O
series	O
of	O
protocols	O
.	O

ACT	O

Council	O
Act	O
of	O
26	O
July	O
1995	O
drawing	O
up	O
the	O
Convention	O
on	O
the	O
protection	O
of	O
the	O
European	O
Communities	O
'	O
financial	I
interests	I

SUMMARY	O

Since	O
1995	O
,	O
a	O
convention	O
has	O
been	O
in	O
place	O
which	O
seeks	O
to	O
protect	O
,	O
under	O
criminal	I
law	I
,	O
the	O
financial	I
interests	I
of	O
the	O
EU	O
and	O
its	O
taxpayers	I
.	O

Over	O
the	O
years	O
,	O
the	O
Convention	O
on	O
the	O
Protection	O
of	O
the	O
European	O
Communities	O
'	O
Financial	I
Interests	I
has	O
been	O
supplemented	O
by	O
a	O
series	O
of	O
protocols	O
.	O

WHAT	O
DOES	O
THE	O
CONVENTION	O
DO	O
?	O

The	O
Convention	O
and	O
its	O
protocols	O

provide	O
a	O
harmonised	O
legal	I
definition	I
of	O
fraud	I

require	O
their	O
signatories	O
to	O
adopt	O
criminal	I
penalties	I
for	O
fraud	I
.	O

KEY	O
POINTS	O

EU	O
countries	O
must	O
introduce	O
effective	O
,	O
proportionate	O
and	O
dissuasive	O
criminal	I
penalties	I
to	O
deal	O
with	O
fraud	I
affecting	O
the	O
EU	O
's	O
financial	I
interests	I
.	O

The	O
Convention	O
differentiates	O
between	O
fraud	I
in	O
regard	O
to	O
expenditure	I
and	O
revenue	I
.	O

Examples	O
of	O
fraud	I
in	O
respect	O
to	O
expenditure	I
include	O
any	O
intentional	O
act	O
or	O
omission	O
such	O
as	O
:	O
the	O
use	O
or	O
presentation	O
of	O
false	O
,	O
incorrect	O
or	O
incomplete	O
statements	O
or	O
documents	O
which	O
has	O
as	O
its	O
effect	O
;	O
the	O
misappropriation	I
or	O
wrongful	I
retention	I
of	O
funds	I
from	O
the	O
EU	O
's	O
budget	I
non-disclosure	O
of	O
information	O
in	O
violation	O
of	O
a	O
specific	O
obligation	O
with	O
the	O
same	O
effect	O
;	O
or	O
the	O
misapplication	O
of	O
such	O
funds	I
for	O
purposes	O
other	O
than	O
those	O
for	O
which	O
they	O
were	O
intended	O
.	O

Examples	O
of	O
fraud	I
in	O
respect	O
of	O
revenue	I
include	O
any	O
intentional	O
act	O
or	O
omission	O
such	O
as	O
:	O
the	O
use	O
or	O
presentation	O
of	O
false	O
,	O
incorrect	O
or	O
incomplete	O
statements	O
or	O
documents	O
,	O
which	O
has	O
as	O
its	O
effect	O
the	O
illegal	I
reduction	O
of	O
EU	O
budget	I
resources	O
;	O
non-disclosure	O
of	O
information	O
in	O
violation	O
of	O
a	O
specific	O
obligation	O
with	O
the	O
same	O
effect	O
;	O
or	O
the	O
misapplication	O
of	O
a	O
legally	I
obtained	O
benefit	O
(	O
for	O
example	O
,	O
the	O
misuse	O
of	O
legally	I
obtained	O
tax	I
payments	I
)	O
with	O
the	O
same	O
effect	O
.	O

In	O
cases	O
of	O
serious	O
fraud	I
,	O
these	O
penalties	I
must	O
include	O
custodial	I
sentences	I
that	O
may	O
give	O
rise	O
to	O
extradition	I
in	O
certain	O
cases	O
.	O

The	O
first	O
Protocol	O
to	O
the	O
Convention	O
,	O
adopted	O
in	O
1996	O
,	O
differentiates	O
between	O
'	O
active	I
'	O
*	O
and	O
'	O
passive	I
'	O
*	O
corruption	I
of	O
public	I
officials	I
.	O

It	O
also	O
defines	O
an	O
'	O
official	I
'	O
(	O
both	O
at	O
national	O
and	O
EU	O
levels	O
)	O
and	O
harmonises	O
the	O
penalties	I
for	O
corruption	I
offences	I
.	O

Liability	I
of	O
legal	I
persons	I

Each	O
EU	O
country	O
must	O
enact	O
legislation	I
to	O
allow	O
heads	O
of	O
businesses	I
or	O
any	O
persons	O
having	O
power	O
to	O
take	O
decisions	O
or	O
exercise	O
control	O
within	O
a	O
business	I
(	O
i.e.	O
legal	I
persons	I
)	O
to	O
be	O
declared	O
criminally	I
liable	I
.	O

The	O
Second	O
Protocol	O
,	O
adopted	O
in	O
1997	O
,	O
further	O
clarified	O
the	O
Convention	O
regarding	O
the	O
issues	O
of	O
the	O
liability	I
of	O
legal	I
persons	I
,	O
confiscation	I
and	O
money	I
laundering	I
.	O

National	O
courts	I

In	O
1996	O
,	O
a	O
Protocol	O
conferring	O
an	O
interpretative	I
jurisdiction	I
on	O
the	O
European	O
Court	I
of	I
Justice	I
(	O
ECJ	O
)	O
was	O
adopted	O
.	O

This	O
protocol	O
allows	O
national	O
courts	I
,	O
when	O
in	O
doubt	O
as	O
to	O
how	O
to	O
interpret	O
the	O
Convention	O
and	O
its	O
Protocols	O
,	O
to	O
petition	O
the	O
Court	I
of	I
Justice	I
of	O
the	O
European	O
Union	O
for	O
preliminary	I
rulings	I
.	O

Each	O
EU	O
country	O
must	O
take	O
the	O
necessary	O
measures	O
to	O
establish	O
its	O
jurisdiction	I
over	O
the	O
offences	I
it	O
has	O
established	O
in	O
accordance	O
with	O
its	O
obligations	O
under	O
the	O
convention	O
.	O

Cases	O
of	O
fraud	I
involving	O
two	O
or	O
more	O
countries	O

If	O
a	O
fraud	I
constitutes	O
a	O
criminal	I
offence	I
and	O
concerns	O
at	O
least	O
two	O
EU	O
countries	O
,	O
those	O
countries	O
must	O
cooperate	O
effectively	O
in	O
the	O
investigation	O
,	O
the	O
prosecution	I
and	O
the	O
enforcement	I
of	O
the	O
penalties	I
imposed	O
by	O
means	O
,	O
for	O
example	O
,	O
of	O
mutual	I
legal	I
assistance	I
,	O
extradition	I
,	O
transfer	I
of	I
proceedings	I
or	O
enforcement	I
of	O
sentences	I
passed	O
in	O
another	O
EU	O
country	O
.	O

Disputes	I
between	O
EU	O
countries	O

Where	O
disputes	I
arise	O
as	O
to	O
the	O
interpretation	O
or	O
application	O
of	O
the	O
Convention	O
,	O
the	O
case	O
must	O
first	O
be	O
examined	O
by	O
the	O
Council	O
.	O

If	O
the	O
Council	O
does	O
not	O
find	O
a	O
solution	O
within	O
6	O
months	O
,	O
a	O
party	O
to	O
the	O
dispute	I
may	O
petition	O
the	O
Court	I
of	I
Justice	I
of	O
the	O
European	O
Union	O
.	O

The	O
Court	I
of	I
Justice	I
also	O
has	O
jurisdiction	I
over	O
disputes	I
between	O
EU	O
countries	O
and	O
the	O
European	O
Commission	O
.	O

SINCE	O
WHEN	O
HAS	O
THE	O
CONVENTION	O
APPLIED	O
?	O

The	O
Convention	O
entered	O
into	O
force	O
on	O
17	O
October	O
2002	O
,	O
along	O
with	O
its	O
first	O
protocol	O
and	O
the	O
protocol	O
on	O
its	O
interpretation	O
by	O
the	O
Court	I
of	I
Justice	I
.	O

The	O
second	O
protocol	O
entered	O
into	O
force	O
on	O
19	O
May	O
2009	O
.	O

The	O
convention	O
and	O
its	O
protocols	O
are	O
open	O
for	O
signature	O
by	O
any	O
country	O
that	O
joins	O
the	O
EU	O
.	O

For	O
more	O
information	O
,	O
see	O
the	O
European	O
Anti-Fraud	I
Office	O
.	O

KEY	O
TERMS	O

Active	I
corruption	I
:	O
an	O
offence	I
committed	O
by	O
a	O
public	I
official	I
who	O
gives	O
or	O
promises	O
a	O
bribe	I
.	O

Passive	I
corruption	I
:	O
an	O
offence	I
committed	O
by	O
an	O
official	I
who	O
receives	O
a	O
bribe	I
.	O

RELATED	O
ACTS	O

Council	O
Act	O
of	O
27	O
September	O
1996	O
drawing	O
up	O
a	O
Protocol	O
to	O
the	O
Convention	O
on	O
the	O
protection	O
of	O
the	O
European	O
Communities	O
'	O
financial	I
interests	I
OJ	O
C	O
313	O
,	O
23.10.1996	O
,	O
pp	O
.	O

1	O
-	O
10	O
.	O

Council	O
Act	O
of	O
29	O
November	O
1996	O
drawing	O
up	O
,	O
on	O
the	O
basis	O
of	O
Article	O
K.3	O
of	O
the	O
Treaty	O
on	O
European	O
Union	O
,	O
the	O
Protocol	O
on	O
the	O
interpretation	O
,	O
by	O
way	O
of	O
preliminary	I
rulings	I
,	O
by	O
the	O
Court	I
of	I
Justice	I
of	O
the	O
European	O
Communities	O
of	O
the	O
Convention	O
on	O
the	O
protection	O
of	O
the	O
European	O
Communities	O
'	O
financial	I
interests	I
OJ	O
C	O
151	O
,	O
20.5.1997	O
,	O
pp	O
.	O

1	O
-	O
14	O

Council	O
Act	O
of	O
19	O
June	O
1997	O
drawing	O
up	O
the	O
Second	O
Protocol	O
of	O
the	O
Convention	O
on	O
the	O
protection	O
of	O
the	O
European	O
Communities	O
'	O
financial	I
interests	I
OJ	O
C	O
221	O
,	O
19.7.1997	O
,	O
pp	O
.	O

11	O
-	O
22	O

Council	O
Decision	I
2008	O
/	O
40	O
/	O
JHA	O
of	O
6	O
December	O
2007	O
concerning	O
the	O
accession	O
of	O
Bulgaria	O
and	O
Romania	O
to	O
the	O
Convention	O
,	O
drawn	O
up	O
on	O
the	O
basis	O
of	O
Article	O
K.3	O
of	O
the	O
Treaty	O
on	O
European	O
Union	O
,	O
on	O
the	O
protection	O
of	O
the	O
European	O
Communities	O
'	O
financial	I
interests	I
,	O
the	O
Protocol	O
of	O
27	O
September	O
1996	O
,	O
the	O
Protocol	O
of	O
29	O
November	O
1996	O
and	O
the	O
Second	O
Protocol	O
of	O
19	O
June	O
1997	O
OJ	O
L	O
9	O
,	O
12.1.2008	O
,	O
pp	O
.	O

23	O
-	O
24	O
.	O

last	O
update	O
24.08.2015	O

