Equestrianism	I

Equestrianism	I
(	O
from	O
Latin	O
equester	O
,	O
equestr-	O
,	O
equus	O
,	O
horseman	I
,	O
horse	I
)	O
,	O
more	O
often	O
known	O
as	O
riding	I
,	O
horse	I
riding	I
(	O
British	O
English	O
)	O
or	O
horseback	I
riding	I
(	O
American	O
English	O
)	O
,	O
refers	O
to	O
the	O
skill	O
of	O
riding	I
,	O
driving	I
,	O
steeplechasing	I
or	O
vaulting	I
with	O
horses	I
.	O

This	O
broad	O
description	O
includes	O
the	O
use	O
of	O
horses	I
for	O
practical	O
working	O
purposes	O
,	O
transportation	O
,	O
recreational	O
activities	O
,	O
artistic	O
or	O
cultural	O
exercises	O
and	O
competitive	O
sport	O
.	O

Overview	O
of	O
equestrian	I
activities	O

Horses	I
are	O
trained	I
and	O
ridden	I
for	O
practical	O
working	O
purposes	O
such	O
as	O
in	O
police	O
work	O
or	O
for	O
controlling	O
herd	I
animals	O
on	O
a	O
ranch	O
.	O

They	O
are	O
also	O
used	O
in	O
competitive	O
sports	O
including	O
,	O
but	O
not	O
limited	O
to	O
,	O
dressage	I
,	O
endurance	I
riding	I
,	O
eventing	I
,	O
reining	I
,	O
show	I
jumping	I
,	O
tent	I
pegging	I
,	O
vaulting	I
,	O
polo	O
,	O
horse	I
racing	O
,	O
driving	I
and	O
rodeo	I
.	O

(	O
See	O
additional	O
equestrian	I
sports	O
listed	O
later	O
in	O
this	O
article	O
for	O
more	O
examples	O
.	O
)	O

Some	O
popular	O
forms	O
of	O
competition	I
are	O
grouped	O
together	O
at	O
horse	I
shows	I
,	O
where	O
horses	I
perform	O
in	O
a	O
wide	O
variety	O
of	O
disciplines	O
.	O

Horses	I
(	O
and	O
other	O
equids	I
such	O
as	O
mules	O
and	O
donkeys	O
)	O
are	O
used	O
for	O
non-competitive	O
recreational	I
riding	I
such	O
as	O
fox	O
hunting	O
,	O
trail	O
riding	I
or	O
hacking	I
.	O

There	O
is	O
public	O
access	O
to	O
horse	I
trails	O
in	O
almost	O
every	O
part	O
of	O
the	O
world	O
;	O
many	O
parks	O
,	O
ranches	O
and	O
public	O
stables	I
offer	O
both	O
guided	O
and	O
independent	O
riding	I
.	O

Horses	I
are	O
also	O
used	O
for	O
therapeutic	O
purposes	O
,	O
both	O
in	O
specialized	O
paraequestrian	I
competition	I
as	O
well	O
as	O
non-competitive	O
riding	I
to	O
improve	O
human	O
health	O
and	O
emotional	O
development	O
.	O

Horses	I
are	O
also	O
driven	I
in	O
harness	I
racing	I
,	O
at	O
horse	I
shows	I
and	O
in	O
other	O
types	O
of	O
exhibition	O
,	O
historical	O
reenactment	O
or	O
ceremony	O
,	O
often	O
pulling	O
carriages	O
.	O

In	O
some	O
parts	O
of	O
the	O
world	O
,	O
they	O
are	O
still	O
used	O
for	O
practical	O
purposes	O
such	O
as	O
farming	O
.	O

Horses	I
continue	O
to	O
be	O
used	O
in	O
public	O
service	O
:	O
in	O
traditional	O
ceremonies	O
(	O
parades	O
,	O
funerals	O
)	O
,	O
police	O
and	O
volunteer	O
mounted	I
patrols	O
and	O
for	O
mounted	I
search	O
and	O
rescue	O
.	O

Riding	I
halls	I
enable	O
the	O
training	I
of	O
horse	I
and	O
rider	I
in	O
all	O
weathers	O
as	O
well	O
as	O
indoor	O
competition	I
riding	I
.	O

History	O
of	O
horse	I
use	O

Though	O
there	O
is	O
controversy	O
over	O
the	O
exact	O
date	O
horses	I
were	O
domesticated	O
and	O
when	O
they	O
were	O
first	O
ridden	I
,	O
the	O
best	O
estimate	O
is	O
that	O
horses	I
first	O
were	O
ridden	I
approximately	O
3500	O
BC	O
.	O

Indirect	O
evidence	O
suggests	O
that	O
horses	I
were	O
ridden	I
long	O
before	O
they	O
were	O
driven	I
.	O

There	O
is	O
some	O
evidence	O
that	O
about	O
3,000	O
BC	O
,	O
near	O
the	O
Dnieper	I
River	I
and	O
the	O
Don	I
River	I
,	O
people	O
were	O
using	O
bits	I
on	O
horses	I
,	O
as	O
a	O
stallion	I
that	O
was	O
buried	O
there	O
shows	O
teeth	O
wear	O
consistent	O
with	O
using	O
a	O
bit	I
.	O

However	O
,	O
the	O
most	O
unequivocal	O
early	O
archaeological	O
evidence	O
of	O
equines	I
put	O
to	O
working	O
use	O
was	O
of	O
horses	I
being	O
driven	I
.	O

Chariot	O
burials	O
about	O
2500	O
BC	O
present	O
the	O
most	O
direct	O
hard	O
evidence	O
of	O
horses	I
used	O
as	O
working	O
animals	O
.	O

In	O
ancient	O
times	O
chariot	O
warfare	O
was	O
followed	O
by	O
the	O
use	O
of	O
war	O
horses	I
as	O
light	O
and	O
heavy	O
cavalry	I
.	O

The	O
horse	I
played	O
an	O
important	O
role	O
throughout	O
human	O
history	O
all	O
over	O
the	O
world	O
,	O
both	O
in	O
warfare	O
and	O
in	O
peaceful	O
pursuits	O
such	O
as	O
transportation	O
,	O
trade	O
and	O
agriculture	O
.	O

Horses	I
lived	O
in	O
North	I
America	I
,	O
but	O
died	O
out	O
at	O
the	O
end	O
of	O
the	O
Ice	I
Age	I
.	O

Horses	I
were	O
brought	O
back	O
to	O
North	I
America	I
by	O
European	O
explorers	O
,	O
beginning	O
with	O
the	O
second	O
voyage	O
of	O
Columbus	I
in	O
1493	O
.	O

Horse	I
racing	O

Humans	O
appear	O
to	O
have	O
long	O
expressed	O
a	O
desire	O
to	O
know	O
which	O
horse	I
(	O
or	O
horses	I
)	O
were	O
the	O
fastest	O
,	O
and	O
horse	I
racing	O
has	O
ancient	O
roots	O
.	O

Gambling	O
on	O
horse	I
races	O
appears	O
to	O
go	O
hand-in	O
hand	O
with	O
racing	O
and	O
has	O
a	O
long	O
history	O
as	O
well	O
.	O

Thoroughbreds	I
have	O
the	O
pre-eminent	O
reputation	O
as	O
a	O
racing	O
breed	I
,	O
but	O
other	O
breeds	I
also	O
race	O
.	O

Types	O
of	O
horse	I
racing	O

Under	I
saddle	I
:	O

Thoroughbred	I
horse	I
racing	O
is	O
the	O
most	O
popular	O
form	O
worldwide	O
.	O

In	O
the	O
UK	I
,	O
it	O
is	O
known	O
as	O
flat	I
racing	I
and	O
is	O
governed	O
by	O
the	O
Jockey	I
Club	I
in	O
the	O
United	I
Kingdom	I
.	O

In	O
the	O
USA	I
,	O
horse	I
racing	O
is	O
governed	O
by	O
The	O
Jockey	I
Club	I
.	O

Steeplechasing	I
involves	O
racing	O
on	O
a	O
track	I
where	O
the	O
horses	I
also	O
jump	I
over	O
obstacles	O
.	O

It	O
is	O
most	O
common	O
in	O
the	O
UK	I
,	O
where	O
it	O
is	O
also	O
called	O
National	O
Hunt	O
racing	O
.	O

American	I
Quarter	I
Horse	I
racing—races	I
over	O
distances	O
of	O
approximately	O
a	O
quarter-mile	O
.	O

Seen	O
mostly	O
in	O
the	O
United	I
States	I
,	O
sanctioned	O
by	O
the	O
American	I
Quarter	I
Horse	I
Association	I
.	O

Arabian	I
horses	I
,	O
Akhal-Teke	I
,	O
Appaloosas	I
,	O
American	I
Paint	I
Horses	I
and	O
other	O
light	O
breeds	I
are	O
also	O
raced	O
worldwide	O
.	O

Endurance	I
riding	I
,	O
a	O
sport	O
in	O
which	O
the	O
Arabian	I
horse	I
dominates	O
at	O
the	O
top	O
levels	O
,	O
has	O
become	O
very	O
popular	O
in	O
the	O
United	I
States	I
and	O
in	O
Europe	I
.	O

The	O
Federation	I
Equestre	I
International	I
(	O
FEI	I
)	O
governs	O
international	O
races	O
,	O
and	O
the	O
American	I
Endurance	I
Ride	I
Conference	I
(	O
AERC	I
)	O
organizes	O
the	O
sport	O
in	O
North	I
America	I
.	O

Endurance	I
races	O
take	O
place	O
over	O
a	O
given	O
,	O
measured	O
distance	O
and	O
the	O
horses	I
have	O
an	O
even	O
start	O
.	O

Races	O
are	O
usually	O
50	O
to	O
100	O
miles	O
(	O
80	O
to	O
161	O
km	O
)	O
,	O
over	O
mountainous	O
or	O
other	O
natural	O
terrain	O
,	O
with	O
scheduled	O
stops	O
to	O
take	O
the	O
horses	I
'	O
vital	O
signs	O
,	O
check	O
soundness	O
and	O
verify	O
that	O
the	O
horse	I
is	O
fit	O
to	O
continue	O
.	O

The	O
first	O
horse	I
to	O
finish	O
and	O
be	O
confirmed	O
by	O
the	O
veterinarian	O
as	O
fit	O
to	O
continue	O
is	O
the	O
winner	O
.	O

Additional	O
awards	O
are	O
usually	O
given	O
to	O
the	O
best-conditioned	O
horses	I
who	O
finish	O
in	O
the	O
top	O
10	O
.	O

Limited	O
distance	O
rides	I
of	O
about	O
25–20	O
miles	O
(	O
40–32	O
km	O
)	O
are	O
offered	O
to	O
newcomers	O
.	O

Ride	I
and	I
Tie	I
(	O
in	O
North	I
America	I
,	O
organized	O
by	O
Ride	I
and	I
Tie	I
Association	I
)	O
.	O

Ride	I
and	I
Tie	I
involves	O
three	O
equal	O
partners	O
:	O
two	O
humans	O
and	O
one	O
horse	I
.	O

The	O
humans	O
alternately	O
run	O
and	O
ride	I
.	O

Show	I
jumping	I
:	O

Show	I
jumping	I
is	O
when	O
a	O
horse	I
carries	O
a	O
rider	I
over	O
an	O
obstacle	O
also	O
commonly	O
known	O
as	O
a	O
jump	I
.	O

There	O
are	O
usually	O
multiple	O
jumps	I
in	O
a	O
show	I
and	O
if	O
the	O
horse	I
hits	O
the	O
jump	I
then	O
they	O
will	O
get	O
points	O
deducted	O
in	O
a	O
show	I
.	O

In	O
harness	I
:	O

Both	O
light	O
and	O
heavy	O
breeds	I
as	O
well	O
as	O
ponies	I
are	O
raced	O
in	O
harness	I
with	O
a	O
sulky	I
or	O
racing	O
bike	O
.	O

The	O
Standardbred	I
dominates	O
the	O
sport	O
in	O
both	O
trotting	I
and	O
pacing	I
varieties	O
.	O

The	O
United	I
States	I
Trotting	I
Association	I
organizes	O
harness	I
racing	I
in	O
the	O
United	I
States	I
.	O

Harness	I
racing	I
is	O
also	O
found	O
throughout	O
Europe	I
,	O
New	I
Zealand	I
and	O
Australia	I
.	O

International	O
and	O
Olympic	O
disciplines	O

Main	O
articles	O
:	O
Equestrian	I
at	O
the	O
Olympics	I
and	O
International	I
Federation	I
for	I
Equestrian	I
Sports	I

Equestrian	I
events	O
were	O
first	O
included	O
in	O
the	O
modern	O
Olympic	I
Games	I
in	O
1900	O
.	O

By	O
1912	O
,	O
all	O
three	O
Olympic	O
disciplines	O
still	O
seen	O
today	O
were	O
part	O
of	O
the	O
games	O
.	O

The	O
following	O
forms	O
of	O
competition	I
are	O
recognized	O
worldwide	O
and	O
are	O
a	O
part	O
of	O
the	O
equestrian	I
events	O
at	O
the	O
Olympics	I
.	O

They	O
are	O
governed	O
by	O
the	O
rules	O
of	O
the	O
International	I
Federation	I
for	I
Equestrian	I
Sports	I
(	O
FEI	I
)	O
.	O

Dressage	I
(	O
training	I
in	O
French	O
)	O
involves	O
the	O
progressive	O
training	I
of	O
the	O
horse	I
to	O
a	O
high	O
level	O
of	O
impulsion	I
,	O
collection	I
and	O
obedience	I
.	O

Competitive	I
dressage	I
has	O
the	O
goal	O
of	O
showing	O
the	O
horse	I
carrying	O
out	O
,	O
on	O
request	O
,	O
the	O
natural	O
movements	O
that	O
it	O
performs	O
without	O
thinking	O
while	O
running	O
loose	O
.	O

Show	I
jumping	I
comprises	O
a	O
timed	O
event	O
judged	I
on	O
the	O
ability	O
of	O
the	O
horse	I
and	O
rider	I
to	O
jump	I
over	O
a	O
series	O
of	O
obstacles	O
,	O
in	O
a	O
given	O
order	O
and	O
with	O
the	O
fewest	O
refusals	O
or	O
knockdowns	O
of	O
portions	O
of	O
the	O
obstacles	O
.	O

Eventing	I
,	O
also	O
called	O
combined	I
training	I
,	O
horse	I
trials	O
,	O
the	O
three-day	O
event	O
,	O
the	O
Military	I
or	O
the	O
complete	O
test	I
,	O
puts	O
together	O
the	O
obedience	I
of	O
dressage	I
with	O
the	O
athletic	O
ability	O
of	O
show	I
jumping	I
,	O
the	O
fitness	O
demands	O
the	O
cross-country	I
jumping	I
phase	O
.	O

In	O
the	O
last-named	O
,	O
the	O
horses	I
jump	I
over	O
fixed	O
obstacles	O
,	O
such	O
as	O
logs	O
,	O
stone	O
walls	O
,	O
banks	O
,	O
ditches	O
and	O
water	O
,	O
trying	O
to	O
finish	O
the	O
course	O
under	O
the	O
optimum	O
time	O
.	O

There	O
was	O
also	O
the	O
'	O
Steeple	I
Chase	I
'	O
Phase	O
,	O
which	O
is	O
now	O
excluded	O
from	O
most	O
major	O
competitions	I
to	O
bring	O
them	O
in	O
line	O
with	O
the	O
Olympic	O
standard	O
.	O

The	O
additional	O
internationally	O
sanctioned	O
but	O
non-Olympic	O
disciplines	O
governed	O
by	O
the	O
FEI	I
are	O
:	O
combined	I
driving	I
;	O
endurance	I
;	O
reining	I
;	O
and	O
vaulting	I
.	O

These	O
disciplines	O
are	O
part	O
of	O
the	O
FEI	I
World	I
Equestrian	I
Games	I
every	O
four	O
years	O
and	O
may	O
hold	O
their	O
own	O
individual	O
World	I
Championships	I
in	O
other	O
years	O
.	O

The	O
FEI	I
also	O
recognizes	O
horseball	I
and	O
tent	I
pegging	I
as	O
its	O
two	O
regional	O
disciplines	O
.	O

Para-equestrian	I
disciplines	O

Para-equestrian	I
competition	I
at	O
the	O
international	O
level	O
,	O
including	O
the	O
Paralympics	I
,	O
are	O
also	O
governed	O
by	O
the	O
FEI	I
and	O
offer	O
the	O
following	O
competition	I
events	O
:	O

Para-Equestrian	I
Dressage	I
is	O
conducted	O
under	O
the	O
same	O
rules	O
as	O
conventional	O
Dressage	I
,	O
but	O
with	O
riders	I
divided	O
into	O
different	O
competition	I
grades	O
based	O
on	O
their	O
functional	O
abilities	O
.	O

Para-Equestrian	I
Driving	I
places	O
competitors	O
in	O
various	O
grades	O
based	O
on	O
their	O
skill	O
.	O

Haute	I
École	I

Main	O
article	O
:	O
Classical	I
dressage	I

The	O
haute	I
école	I
(	O
F.	O
high	I
school	I
)	O
,	O
an	O
advanced	O
component	O
of	O
Classical	I
dressage	I
,	O
is	O
a	O
highly	O
refined	O
set	O
of	O
skills	O
seldom	O
used	O
in	O
competition	I
but	O
often	O
seen	O
in	O
demonstration	O
performances	O
.	O

Leading	O
haute	I
ecole	I
demonstration	O
teams	O
include	O
:	O

The	O
Cadre	I
Noir	I
in	O
Saumur	I
,	O
France	I
.	O

The	O
Spanish	I
Riding	I
School	I
in	O
Vienna	I
,	O
Austria	I
.	O

The	O
Escola	I
Portuguesa	I
de	I
Arte	I
Equestre	I
in	O
Queluz	I
,	O
Portugal	I
.	O

Royal	I
Andalusian	I
School	I
of	I
Equestrian	I
Art	I
in	O
Jerez	I
de	I
la	I
Frontera	I
,	O
Spain	I
.	O

South	O
African	O
Lipizzaners	I
of	O
Midrand	I
in	O
South	I
Africa	I
.	O

Horse	I
shows	I

Main	O
article	O
:	O
Horse	I
show	I

Horse	I
shows	I
are	O
held	O
throughout	O
the	O
world	O
with	O
a	O
tremendous	O
variety	O
of	O
possible	O
events	O
,	O
equipment	O
,	O
attire	O
and	O
judging	I
standards	O
used	O
.	O

However	O
,	O
most	O
forms	O
of	O
horse	I
show	I
competition	I
can	O
be	O
broken	O
into	O
the	O
following	O
broad	O
categories	O
:	O

Equitation	I
,	O
sometimes	O
called	O
seat	I
and	I
hands	I
or	O
horsemanship	I
,	O
refers	O
to	O
events	O
where	O
the	O
rider	I
is	O
judged	I
on	O
form	O
,	O
style	O
and	O
ability	O
.	O

Pleasure	O
,	O
flat	O
or	O
under	I
saddle	I
classes	O
feature	O
horses	I
who	O
are	O
ridden	I
on	O
the	O
flat	O
(	O
not	O
jumped	I
)	O
and	O
judged	I
on	O
manners	O
,	O
performance	O
,	O
movement	O
,	O
style	O
and	O
quality	O
.	O

Halter	I
,	O
in-hand	I
breeding	I
or	O
conformation	I
classes	I
,	O
where	O
the	O
horse	I
is	O
led	O
by	O
a	O
handler	I
on	O
the	O
ground	O
and	O
judged	I
on	O
conformation	I
and	O
suitability	O
as	O
a	O
breeding	I
animal	O
.	O

Harness	I
classes	O
,	O
where	O
the	O
horse	I
is	O
driven	I
rather	O
than	O
ridden	I
,	O
but	O
still	O
judged	I
on	O
manners	O
,	O
performance	O
and	O
quality	O
.	O

Jumping	I
or	O
Over	I
Fences	I
refers	O
broadly	O
to	O
both	O
show	I
jumping	I
and	O
show	I
hunter	I
,	O
where	O
horses	I
and	O
riders	I
must	O
jump	I
obstacles	O
.	O

English	I
riding	I

Main	O
article	O
:	O
English	I
riding	I

See	O
also	O
:	O
Hunt	I
seat	I
,	O
Equitation	I
,	O
Show	I
jumping	I
,	O
Dressage	I
,	O
Riding	I
Horse	I
,	O
Saddle	I
seat	I
,	O
Jumpers	I
,	O
and	O
Hunters	I

In	O
addition	O
to	O
the	O
classical	O
Olympic	O
events	O
,	O
the	O
following	O
forms	O
of	O
competition	I
are	O
seen	O
.	O

In	O
North	I
America	I
they	O
are	O
referred	O
to	O
as	O
English	I
riding	I
in	O
contrast	O
with	O
western	I
riding	I
;	O
elsewhere	O
in	O
the	O
world	O
,	O
if	O
a	O
distinction	O
is	O
necessary	O
,	O
they	O
are	O
usually	O
described	O
as	O
classic	I
riding	I
:	O

Hunt	I
seat	I
or	O
Hunter	I
classes	O
judge	I
the	O
movement	O
and	O
the	O
form	O
of	O
horses	I
suitable	O
for	O
work	O
over	I
fences	I
.	O

A	O
typical	O
show	I
hunter	I
division	O
would	O
include	O
classes	O
over	I
fences	I
as	O
well	O
as	O
Hunter	I
under	I
Saddle	I
or	O
flat	O
classes	O
(	O
sometimes	O
called	O
hack	I
classes	O
)	O
,	O
in	O
which	O
the	O
horse	I
is	O
judged	I
on	O
its	O
performance	O
,	O
manners	O
and	O
movement	O
without	O
having	O
to	O
jump	I
.	O

Hunters	I
have	O
a	O
long	O
,	O
flat-kneed	O
trot	I
,	O
sometimes	O
called	O
daisy	I
cutter	I
movement	O
,	O
a	O
phrase	O
suggesting	O
a	O
good	O
hunter	I
could	O
slice	O
daisies	O
in	O
a	O
field	O
when	O
it	O
reaches	O
its	O
stride	I
out	O
.	O

The	O
over	I
fences	I
classes	O
in	O
show	I
hunter	I
competition	I
are	O
judged	I
on	O
the	O
form	O
of	O
the	O
horse	I
,	O
its	O
manners	O
and	O
the	O
smoothness	O
of	O
the	O
course	O
.	O

A	O
horse	I
with	O
good	O
jumping	I
form	O
snaps	O
its	O
knees	I
up	O
and	O
jumps	I
with	O
a	O
good	O
bascule	I
.	O

It	O
should	O
also	O
be	O
able	O
to	O
canter	I
or	O
gallop	I
with	O
control	O
while	O
having	O
a	O
stride	I
long	O
enough	O
to	O
make	O
a	O
proper	O
number	O
of	O
strides	I
over	O
a	O
given	O
distance	O
between	O
fences	O
.	O

Hunter	I
classes	O
differ	O
from	O
jumper	I
classes	O
,	O
in	O
which	O
they	O
are	O
not	O
timed	O
,	O
and	O
equitation	I
classes	O
,	O
in	O
which	O
the	O
rider	I
's	O
performance	O
is	O
the	O
focus	O
.	O

Hunter	I
style	O
is	O
based	O
on	O
fox	O
hunting	O
,	O
so	O
jumps	I
in	O
the	O
hunter	I
division	O
are	O
usually	O
more	O
natural	O
colors	O
than	O
the	O
jumps	I
in	O
a	O
jumper	I
division	O
.	O

Eventing	I
,	O
show	I
jumping	I
and	O
dressage	I
,	O
described	O
under	O
Olympic	O
disciplines	O
,	O
above	O
are	O
all	O
English	I
riding	I
disciplines	O
that	O
in	O
North	I
America	I
sometimes	O
are	O
loosely	O
classified	O
within	O
the	O
hunt	I
seat	I
category	O
.	O

Saddle	I
seat	I
,	O
is	O
a	O
primarily	O
American	O
discipline	O
,	O
though	O
has	O
recently	O
become	O
somewhat	O
popular	O
in	O
South	I
Africa	I
,	O
was	O
created	O
to	O
show	O
to	O
best	O
advantage	O
the	O
animated	O
movement	O
of	O
high-stepping	O
and	O
gaited	I
breeds	I
such	O
as	O
the	O
American	I
Saddlebred	I
and	O
the	O
Tennessee	I
Walker	I
.	O

Some	O
Arabians	I
and	O
Morgans	I
are	O
also	O
shown	O
saddle	I
seat	I
in	O
the	O
United	I
States	I
.	O

There	O
are	O
usually	O
three	O
basic	O
divisions	O
.	O

Park	O
divisions	O
are	O
for	O
the	O
horses	I
with	O
the	O
highest	O
action	O
.	O

Pleasure	O
divisions	O
still	O
emphasis	O
animated	O
action	O
,	O
but	O
to	O
a	O
lesser	O
degree	O
,	O
with	O
manners	O
ranking	O
over	O
animation	O
.	O

Plantation	O
or	O
Country	O
divisions	O
have	O
the	O
least	O
amount	O
of	O
animation	O
(	O
in	O
some	O
breeds	I
,	O
the	O
horses	I
are	O
flat-shod	I
)	O
and	O
the	O
greatest	O
emphasis	O
on	O
manners	O
.	O

Show	I
hack	I
is	O
a	O
competition	I
seen	O
primarily	O
in	O
the	O
United	I
Kingdom	I
,	O
Australia	I
and	O
other	O
nations	O
influenced	O
by	O
British	O
traditions	O
,	O
featuring	O
horses	I
of	O
elegant	O
appearance	O
,	O
with	O
excellent	O
way	O
of	O
going	O
and	O
self-carriage	I
.	O

A	O
related	O
event	O
is	O
Riding	I
Horse	I
.	O

Western	I
riding	I

Main	O
article	O
:	O
Western	I
riding	I

See	O
also	O
:	O
Reining	I
,	O
Western	I
pleasure	I
,	O
Rodeo	I
,	O
and	O
Cutting	I
(	O
sport	O
)	O

Western	I
riding	I
evolved	O
from	O
the	O
cattle-working	O
and	O
warfare	O
traditions	O
brought	O
to	O
the	O
Americas	I
by	O
the	O
Spanish	O
Conquistadors	O
,	O
and	O
both	O
equipment	O
and	O
riding	I
style	I
evolved	O
to	O
meet	O
the	O
working	O
needs	O
of	O
the	O
cowboy	O
on	O
ranches	O
in	O
the	O
American	I
West	I
.	O

Though	O
the	O
differences	O
between	O
English	I
and	O
Western	I
riding	I
appear	O
dramatic	O
,	O
there	O
are	O
many	O
similarities	O
.	O

Both	O
styles	O
require	O
riders	I
to	O
have	O
a	O
solid	O
seat	I
,	O
with	O
the	O
hips	I
and	O
shoulders	I
balanced	I
over	O
the	O
feet	I
,	O
with	O
hands	I
independent	O
of	O
the	O
seat	I
so	O
as	O
to	O
avoid	O
disturbing	O
the	O
balance	I
of	O
the	O
horse	I
and	O
interfering	O
with	O
its	O
performance	O
.	O

The	O
most	O
noticeable	O
feature	O
of	O
western	I
style	O
riding	I
is	O
in	O
the	O
saddle	I
,	O
which	O
has	O
a	O
substantial	O
tree	O
that	O
provides	O
greater	O
support	O
to	O
horse	I
and	O
rider	I
when	O
working	O
long	O
hours	O
in	O
the	O
saddle	I
.	O

The	O
western	I
saddle	I
features	O
a	O
prominent	O
pommel	I
topped	O
by	O
a	O
horn	I
(	O
a	O
knob	O
used	O
for	O
dallying	O
a	O
lariat	I
after	O
roping	I
an	O
animal	O
)	O
,	O
a	O
deep	I
seat	I
and	O
a	O
high	O
cantle	I
.	O

The	O
stirrups	I
are	O
wider	O
and	O
the	O
saddle	I
has	O
rings	O
and	O
ties	O
that	O
allow	O
objects	O
to	O
be	O
attached	O
to	O
the	O
saddle	I
.	O

Western	I
horses	I
are	O
asked	O
to	O
perform	O
with	O
a	O
loose	I
rein	I
,	O
controlled	O
by	O
one	O
hand	I
.	O

The	O
standard	O
western	I
bridle	I
lacks	O
a	O
noseband	I
and	O
usually	O
consists	O
of	O
a	O
single	O
set	O
of	O
reins	I
attached	O
to	O
a	O
curb	I
bit	I
that	O
has	O
somewhat	O
longer	O
and	O
looser	O
shanks	I
than	O
the	O
curb	I
of	O
an	O
English	I
Weymouth	I
bridle	I
or	O
a	O
pelham	I
bit	I
.	O

Two	O
styles	O
of	O
Western	I
reins	I
developed	O
:	O
The	O
long	O
split	O
reins	I
of	O
the	O
Texas	I
tradition	O
,	O
which	O
are	O
completely	O
separated	O
,	O
or	O
the	O
closed-end	O
Romal	I
reins	I
of	O
the	O
California	I
tradition	O
,	O
which	O
have	O
a	O
long	O
single	O
attachment	O
on	O
the	O
ends	O
that	O
can	O
be	O
used	O
as	O
a	O
quirt	I
.	O

Modern	O
rodeo	I
competitors	O
in	O
timed	O
events	O
sometimes	O
use	O
a	O
closed	I
rein	I
without	O
a	O
romal	I
.	O

Western	I
riders	I
wear	O
a	O
long-sleeved	O
shirt	O
,	O
denim	O
jeans	O
,	O
boots	I
,	O
and	O
a	O
wide-brimmed	O
cowboy	O
hat	O
.	O

Cowboy	O
boots	I
,	O
which	O
have	O
pointed	O
toes	I
and	O
higher	O
heels	I
than	O
a	O
traditional	O
riding	I
boot	I
,	O
are	O
designed	O
to	O
prevent	O
the	O
rider	I
's	O
foot	I
from	O
slipping	O
through	O
the	O
stirrup	I
during	O
a	O
fall	O
,	O
preventing	O
the	O
rider	I
from	O
being	O
dragged—most	O
western	I
saddles	I
have	O
no	O
safety	I
bars	I
for	O
the	O
leathers	O
or	O
automatic	I
stirrup	I
release	I
mechanism	O
.	O

A	O
rider	I
may	O
wear	O
protective	O
leather	O
leggings	O
called	O
chaps	I
.	O

Clean	O
,	O
well-fitting	O
work	O
clothing	O
is	O
the	O
usual	O
outfit	O
seen	O
in	O
rodeo	I
,	O
cutting	I
and	O
reining	I
competitions	I
,	O
especially	O
for	O
men	O
,	O
though	O
sometimes	O
both	O
men	O
and	O
women	O
wear	O
brighter	O
colors	O
or	O
finer	O
fabrics	O
for	O
competition	I
than	O
for	O
work	O
.	O

Show	I
events	O
such	O
as	O
Western	I
pleasure	I
use	O
much	O
flashier	O
equipment	O
,	O
unlike	O
the	O
English	O
traditions	O
where	O
clothing	O
and	O
tack	I
is	O
quiet	O
and	O
unobtrusive	O
.	O

Saddles	I
,	O
bits	I
and	O
bridles	I
are	O
ornamented	O
with	O
substantial	O
amounts	O
of	O
silver	O
.	O

The	O
rider	I
may	O
add	O
a	O
jacket	O
or	O
vest	O
,	O
and	O
women	O
's	O
clothing	O
in	O
particular	O
features	O
vivid	O
colors	O
and	O
even	O
,	O
depending	O
on	O
current	O
fads	O
,	O
rhinestones	O
or	O
sequins	O
.	O

Western	I
horses	I
are	O
asked	O
to	O
have	O
a	O
brisk	O
,	O
ground-covering	O
walk	I
,	O
but	O
a	O
slow	O
,	O
relaxed	I
jog	I
trot	I
that	O
allows	O
the	O
rider	I
to	O
sit	I
the	O
saddle	I
and	O
not	O
post	I
.	O

The	O
Western	I
version	O
of	O
the	O
canter	I
is	O
called	O
a	O
lope	I
and	O
while	O
collected	I
and	O
balanced	I
,	O
is	O
expected	O
to	O
be	O
slow	O
and	O
relaxed	I
.	O

Working	O
western	I
horses	I
seldom	O
use	O
a	O
sustained	O
hand	I
gallop	I
,	O
but	O
must	O
be	O
able	O
to	O
accelerate	O
quickly	O
to	O
high	O
speed	O
when	O
chasing	O
cattle	O
or	O
competing	O
in	O
rodeo	I
speed	O
events	O
,	O
must	O
be	O
able	O
to	O
stop	O
quickly	O
from	O
a	O
dead	O
run	O
and	O
turn	O
on	O
a	O
dime	O
.	O

Harness	I

Horses	I
,	O
mules	O
and	O
donkeys	O
are	O
driven	I
in	O
harness	I
in	O
many	O
different	O
ways	O
.	O

For	O
working	O
purposes	O
,	O
they	O
can	O
pull	O
a	O
plow	O
or	O
other	O
farm	O
equipment	O
designed	O
to	O
be	O
pulled	O
by	O
animals	O
.	O

In	O
many	O
parts	O
of	O
the	O
world	O
they	O
still	O
pull	O
wagons	O
for	O
basic	O
hauling	O
and	O
transportation	O
.	O

They	O
may	O
draw	O
carriages	O
at	O
ceremonies	O
,	O
in	O
parades	O
or	O
for	O
tourist	O
rides	I
.	O

As	O
noted	O
in	O
horse	I
racing	O
above	O
,	O
horses	I
can	O
race	O
in	O
harness	I
,	O
pulling	O
a	O
very	O
lightweight	O
cart	O
known	O
as	O
a	O
sulky	I
.	O

At	O
the	O
other	O
end	O
of	O
the	O
spectrum	O
,	O
some	O
draft	O
horses	I
compete	O
in	O
horse	I
pulling	O
competitions	I
,	O
where	O
single	O
or	O
teams	O
of	O
horses	I
and	O
their	O
drivers	I
vie	O
to	O
determine	O
who	O
can	O
pull	O
the	O
most	O
weight	O
for	O
a	O
short	O
distance	O
.	O

In	O
horse	I
show	I
competition	I
,	O
the	O
following	O
general	O
categories	O
of	O
competition	I
are	O
seen	O
:	O

Combined	I
driving	I
,	O
an	O
internationally	O
recognized	O
competition	I
where	O
horses	I
perform	O
an	O
arena-based	I
dressage	I
class	O
where	O
precision	O
and	O
control	O
are	O
emphasized	O
,	O
a	O
cross-country	O
marathon	O
section	O
that	O
emphasizes	O
fitness	O
and	O
endurance	O
,	O
and	O
a	O
stadium	O
or	O
cones	O
obstacle	O
course	O
.	O

Draft	I
horse	I
showing	I
:	O
Most	O
draft	O
horse	I
performance	O
competition	I
is	O
done	O
in	O
harness	I
.	O

Pleasure	I
driving	I
:	O
Horses	I
and	O
ponies	I
are	O
usually	O
hitched	O
to	O
a	O
light	O
cart	O
shown	O
at	O
a	O
walk	I
and	O
two	O
speeds	O
of	O
trot	I
,	O
with	O
an	O
emphasis	O
on	O
manners	O
.	O

Fine	I
harness	I
:	O
Also	O
called	O
Formal	I
driving	I
,	O
Horses	I
are	O
hitched	O
to	O
a	O
light	O
four-wheeled	O
cart	O
and	O
shown	O
in	O
a	O
manner	O
that	O
emphasizes	O
flashy	O
action	O
and	O
dramatic	O
performance	O
.	O

Roadster	I
:	O
A	O
horse	I
show	I
competition	I
where	O
exhibitors	O
wear	O
racing	O
silks	O
and	O
ride	I
in	O
a	O
sulky	I
in	O
a	O
style	O
akin	O
to	O
harness	I
racing	I
,	O
only	O
without	O
actually	O
racing	O
,	O
but	O
rather	O
focusing	O
on	O
manners	O
and	O
performance	O
.	O

Carriage	I
driving	I
,	O
using	O
somewhat	O
larger	O
two	O
or	O
four	O
wheeled	O
carriages	O
,	O
often	O
restored	O
antiques	O
,	O
judged	I
on	O
the	O
turnout	O
/	O
neatness	O
or	O
suitability	O
of	O
horse	I
and	O
carriage	O
.	O

Rodeo	I

Main	O
article	O
:	O
Rodeo	I

Rodeo	I
events	O
include	O
the	O
following	O
forms	O
of	O
competition	I
:	O

Timed	O
events	O

Barrel	I
racing	I
and	O
pole	I
bending	I
–	O
the	O
timed	O
speed	O
and	O
agility	O
events	O
seen	O
in	O
rodeo	I
as	O
well	O
as	O
gymkhana	I
or	O
O-Mok-See	I
competition	I
.	O

Both	O
men	O
and	O
women	O
compete	O
in	O
speed	O
events	O
at	O
gymkhanas	I
or	O
O-Mok-Sees	I
;	O
however	O
,	O
at	O
most	O
professional	O
,	O
sanctioned	O
rodeos	I
,	O
barrel	I
racing	I
is	O
an	O
exclusively	O
women	O
's	O
sport	O
.	O

In	O
a	O
barrel	I
race	I
,	O
horse	I
and	O
rider	I
gallop	I
around	O
a	O
cloverleaf	O
pattern	O
of	O
barrels	O
,	O
making	O
agile	O
turns	O
without	O
knocking	O
the	O
barrels	O
over	O
.	O

In	O
pole	I
bending	I
,	O
horse	I
and	O
rider	I
run	O
the	O
length	O
of	O
a	O
line	O
of	O
six	O
upright	O
poles	O
,	O
turn	O
sharply	O
and	O
weave	O
through	O
the	O
poles	O
,	O
turn	O
again	O
and	O
weave	O
back	O
,	O
then	O
return	O
to	O
the	O
start	O
.	O

Steer	O
wrestling	O
–	O
Also	O
known	O
as	O
Bulldogging	O
,	O
this	O
is	O
a	O
rodeo	I
event	O
where	O
the	O
rider	I
jumps	O
off	O
his	O
horse	I
onto	O
a	O
steer	O
and	O
'	O
wrestles	O
'	O
it	O
to	O
the	O
ground	O
by	O
grabbing	O
it	O
by	O
the	O
horns	O
.	O

This	O
is	O
probably	O
the	O
single	O
most	O
physically	O
dangerous	O
event	O
in	O
rodeo	I
for	O
the	O
cowboy	O
,	O
who	O
runs	O
a	O
high	O
risk	O
of	O
jumping	O
off	O
a	O
running	O
horse	I
head	O
first	O
and	O
missing	O
the	O
steer	O
or	O
of	O
having	O
the	O
thrown	O
steer	O
land	O
on	O
top	O
of	O
him	O
,	O
sometimes	O
horns	O
first	O
.	O

Goat	O
tying	O
–	O
usually	O
an	O
event	O
for	O
women	O
or	O
pre-teen	O
girls	O
and	O
boys	O
,	O
a	O
goat	O
is	O
staked	O
out	O
while	O
a	O
mounted	I
rider	I
runs	O
to	O
the	O
goat	O
,	O
dismounts	O
,	O
grabs	O
the	O
goat	O
,	O
throws	O
it	O
to	O
the	O
ground	O
and	O
ties	O
it	O
in	O
the	O
same	O
manner	O
as	O
a	O
calf	O
.	O

This	O
event	O
was	O
designed	O
to	O
teach	O
smaller	O
or	O
younger	O
riders	I
the	O
basics	O
of	O
calf	O
roping	I
without	O
the	O
more	O
complex	O
need	O
to	O
also	O
lasso	O
the	O
animal	O
.	O

Roping	I

Roping	I
includes	O
a	O
number	O
of	O
timed	O
events	O
that	O
are	O
based	O
on	O
the	O
real-life	O
tasks	O
of	O
a	O
working	O
cowboy	O
,	O
who	O
often	O
had	O
to	O
capture	O
calves	O
and	O
adult	O
cattle	O
for	O
branding	O
,	O
medical	O
treatment	O
and	O
other	O
purposes	O
.	O

A	O
lasso	O
or	O
lariat	I
is	O
thrown	O
over	O
the	O
head	O
of	O
a	O
calf	O
or	O
the	O
horns	O
of	O
adult	O
cattle	O
,	O
and	O
the	O
animal	O
is	O
secured	O
in	O
a	O
fashion	O
dictated	O
by	O
its	O
size	O
and	O
age	O
.	O

Calf	O
roping	I
,	O
also	O
called	O
tie-down	O
roping	I
,	O
is	O
an	O
event	O
where	O
a	O
calf	O
is	O
roped	O
around	O
the	O
neck	I
by	O
a	O
lariat	I
,	O
the	O
horse	I
stops	O
and	O
sets	O
back	O
on	O
the	O
rope	O
while	O
the	O
cowboy	O
dismounts	O
,	O
runs	O
to	O
the	O
calf	O
,	O
throws	O
it	O
to	O
the	O
ground	O
and	O
ties	O
three	O
feet	I
together	O
.	O

(	O
If	O
the	O
horse	I
throws	O
the	O
calf	O
,	O
the	O
cowboy	O
must	O
lose	O
time	O
waiting	O
for	O
the	O
calf	O
to	O
get	O
back	O
to	O
its	O
feet	I
so	O
that	O
the	O
cowboy	O
can	O
do	O
the	O
work	O
.	O

The	O
job	O
of	O
the	O
horse	I
is	O
to	O
hold	O
the	O
calf	O
steady	O
on	O
the	O
rope	O
)	O
This	O
activity	O
is	O
still	O
practiced	O
on	O
modern	O
working	O
ranches	O
for	O
branding	O
,	O
medical	O
treatment	O
,	O
and	O
so	O
on	O
.	O

Team	I
roping	I
,	O
also	O
called	O
heading	I
and	I
heeling	I
,	O
is	O
the	O
only	O
rodeo	I
event	O
where	O
men	O
and	O
women	O
riders	I
may	O
compete	O
together	O
.	O

Two	O
people	O
capture	O
and	O
restrain	O
a	O
full-grown	O
steer	O
.	O

One	O
horse	I
and	O
rider	I
,	O
the	O
header	I
,	O
lassos	O
a	O
running	O
steer	O
's	O
horns	O
,	O
while	O
the	O
other	O
horse	I
and	O
rider	I
,	O
the	O
heeler	I
,	O
lassos	O
the	O
steer	O
's	O
two	O
hind	I
legs	I
.	O

Once	O
the	O
animal	O
is	O
captured	O
,	O
the	O
riders	I
face	O
each	O
other	O
and	O
lightly	O
pull	O
the	O
steer	O
between	O
them	O
,	O
so	O
that	O
it	O
loses	O
its	O
balance	I
,	O
thus	O
in	O
the	O
real	O
world	O
allowing	O
restraint	O
for	O
treatment	O
.	O

Breakaway	I
roping	I
–	O
an	O
easier	O
form	O
of	O
calf	O
roping	I
where	O
a	O
very	O
short	O
lariat	I
is	O
used	O
,	O
tied	O
lightly	O
to	O
the	O
saddle	I
horn	I
with	O
string	O
and	O
a	O
flag	O
.	O

When	O
the	O
calf	O
is	O
roped	O
,	O
the	O
horse	I
stops	O
,	O
allowing	O
the	O
calf	O
to	O
run	O
on	O
,	O
flagging	O
the	O
end	O
of	O
time	O
when	O
the	O
string	O
and	O
flag	O
breaks	O
from	O
the	O
saddle	I
.	O

In	O
the	O
United	I
States	I
,	O
this	O
event	O
is	O
primarily	O
for	O
women	O
of	O
all	O
ages	O
and	O
boys	O
under	O
12	O
,	O
while	O
in	O
some	O
nations	O
where	O
traditional	O
calf	O
roping	I
is	O
frowned	O
upon	O
,	O
riders	I
of	O
both	O
genders	O
compete	O
.	O

Rough	O
Stock	O
competition	I

In	O
spite	O
of	O
popular	O
myth	O
,	O
most	O
modern	O
broncs	I
are	O
not	O
in	O
fact	O
wild	O
horses	I
,	O
but	O
are	O
more	O
commonly	O
spoiled	O
riding	I
horses	I
or	O
horses	I
bred	I
specifically	O
as	O
bucking	I
stock	O
.	O

Bronc	O
riding	I
–	O
there	O
are	O
two	O
divisions	O
in	O
rodeo	I
,	O
bareback	I
bronc	O
riding	I
,	O
where	O
the	O
rider	I
rides	I
a	O
bucking	I
horse	I
holding	O
onto	O
a	O
leather	O
surcingle	I
or	O
rigging	O
with	O
only	O
one	O
hand	I
,	O
and	O
saddle	I
bronc	O
riding	I
,	O
where	O
the	O
rider	I
rides	I
a	O
modified	O
western	I
saddle	I
without	O
a	O
horn	I
(	O
for	O
safety	O
)	O
while	O
holding	O
onto	O
a	O
braided	O
lead	I
rope	I
attached	O
to	O
the	O
horse	I
's	O
halter	I
.	O

Bull	O
Riding	I
–	O
though	O
technically	O
not	O
an	O
equestrian	I
event	O
,	O
as	O
the	O
cowboys	O
ride	I
full-grown	O
bulls	O
instead	O
of	O
horses	I
,	O
skills	O
similar	O
to	O
bareback	I
bronc	O
riding	I
are	O
required	O
.	O

International	O
rodeo	I

Australian	O
rodeo	I

Chilean	O
rodeo	I

Other	O
equestrian	I
activities	O

There	O
are	O
many	O
other	O
forms	O
of	O
equestrian	I
activity	O
and	O
sports	O
seen	O
worldwide	O
.	O

There	O
are	O
both	O
competitive	O
events	O
and	O
pleasure	O
riding	I
disciplines	O
available	O
.	O

Arena	I
sports	O

Arena	I
polo	O
and	O
Cowboy	O
polo	O

Pato	I
(	O
Argentina	I
's	O
national	O
sport	O
)	O

Charreada	I
,	O
the	O
highest	O
form	O
of	O
Mexican	O
horsemanship	I
based	O
on	O
a	O
mixture	O
of	O
Spanish	O
and	O
Native	O
traditions	O
.	O

Equestrian	I
vaulting	I
:	O
In	O
vaulting	I
,	O
a	O
surcingle	I
with	O
two	O
hoops	O
at	O
the	O
top	O
is	O
attached	O
around	O
a	O
horse	I
's	O
barrel	I
.	O

The	O
horse	I
also	O
wears	O
a	O
bridle	I
with	O
side	I
reins	I
.	O

The	O
vaulter	I
is	O
longed	I
on	O
the	O
horse	I
,	O
and	O
performs	O
gymnastic	I
movements	I
while	O
the	O
horse	I
walks	I
,	O
trots	I
,	O
and	O
canters	I
.	O

Gymkhana	I
,	O
also	O
known	O
as	O
O-Mok-See	I
in	O
the	O
western	O
United	I
States	I
.	O

Reining	I

Horse	I
sports	O
that	O
use	O
cattle	O

Bullfighting	O
(	O
rejoneo	I
)	O

Campdrafting	I
,	O
a	O
type	O
of	O
cattle-working	O
competition	I
popular	O
in	O
Australia	I

Cutting	I

Team	O
penning	I

Working	O
cow	O
horse	I

Defined	O
area	O
sports	O

Buzkashi	I
,	O
a	O
sport	O
originating	O
on	O
the	O
steppes	O
of	O
central	I
Asia	I
,	O
now	O
the	O
national	O
sport	O
of	O
Afghanistan	I
and	O
Kyrgyzstan	I
.	O

Horseball	I

Jousting	I
and	O
Skill	I
at	I
Arms	I
,	O
events	O
involving	O
use	O
of	O
lances	O
,	O
swords	O
and	O
completion	O
of	O
obstacles	O
.	O

There	O
are	O
stand-alone	O
competitions	I
and	O
also	O
are	O
often	O
seen	O
at	O
historical	O
reenactments	O
,	O
Renaissance	O
Fairs	O
and	O
Society	I
for	I
Creative	I
Anachronism	I
events	O
.	O

Mounted	I
Games	I
,	O
a	O
sport	O
where	O
games	O
are	O
played	O
in	O
a	O
relay-style	O
with	O
two	O
to	O
five	O
members	O
per	O
team	O
at	O
very	O
high	O
speed	O

Polo	O
,	O
a	O
team	O
game	O
played	O
on	O
horses	I
,	O
involves	O
riders	I
using	O
a	O
long-handled	O
mallet	O
to	O
drive	O
a	O
ball	O
on	O
the	O
ground	O
into	O
the	O
opposing	O
team	O
's	O
goal	O
while	O
the	O
opposing	O
team	O
defends	O
their	O
goal	O

Polocrosse	I

Tent	I
pegging	I

Mounted	I
archery	O

Cross-country	O
sports	O

Competitive	O
Mounted	I
Orienteering	O
,	O
a	O
form	O
of	O
orienteering	O
on	O
horses	I
(	O
but	O
unrelated	O
to	O
orienteering	O
)	O
–	O
consists	O
of	O
three	O
stages	O
:	O
following	O
a	O
precise	O
route	O
marked	O
on	O
a	O
map	O
,	O
negotiation	O
of	O
obstacles	O
and	O
control	O
of	O
paces	O
.	O

Le	I
Trec	I
,	O
which	O
comprises	O
three	O
phases	O
–	O
trail	O
riding	I
,	O
with	O
jumping	I
and	O
correct	O
basic	O
flatwork	O
.	O

Le	I
Trec	I
,	O
which	O
is	O
very	O
popular	O
in	O
Europe	I
,	O
tests	O
the	O
partnership	O
's	O
ability	O
to	O
cope	O
with	O
an	O
all-day	O
ride	I
across	O
varied	O
terrain	O
,	O
route	O
finding	O
,	O
negotiating	O
natural	O
obstacles	O
and	O
hazards	O
,	O
while	O
considering	O
the	O
welfare	O
of	O
the	O
horse	I
,	O
respecting	O
the	O
countryside	O
and	O
enjoying	O
all	O
it	O
has	O
to	O
offer	O
.	O

Competitive	O
trail	O
riding	I
,	O
a	O
pace	O
race	O
held	O
across	O
terrain	O
similar	O
to	O
endurance	I
riding	I
,	O
but	O
shorter	O
in	O
length	O
(	O
25	O
–	O
35	O
miles	O
(	O
56	O
km	O
)	O
,	O
depending	O
on	O
class	O
)	O
.	O

Being	O
a	O
form	O
of	O
pace	O
race	O
,	O
the	O
objective	O
is	O
not	O
to	O
finish	O
in	O
the	O
least	O
time	O
.	O

Instead	O
,	O
as	O
in	O
other	O
forms	O
of	O
judged	I
trail	O
riding	I
,	O
each	O
competitor	O
is	O
graded	O
on	O
everything	O
including	O
physical	O
condition	O
,	O
campsite	O
and	O
horse	I
management	O
.	O

Horsemanship	I
also	O
is	O
considered	O
,	O
including	O
how	O
the	O
rider	I
handles	O
the	O
trail	O
and	O
how	O
horse	I
is	O
handled	O
and	O
presented	O
to	O
the	O
judge	I
and	O
vet	O
throughout	O
the	O
ride	I
.	O

The	O
horse	I
is	O
graded	O
on	O
performance	O
,	O
manners	O
,	O
etc.	O
Pulse	O
and	O
respiration	O
stops	O
check	O
the	O
horse	I
's	O
recovery	O
ability	O
.	O

The	O
judges	I
also	O
set	O
up	O
obstacles	O
along	O
the	O
trail	O
and	O
the	O
horse	I
and	O
rider	I
are	O
graded	O
on	O
how	O
well	O
they	O
perform	O
as	O
a	O
team	O
.	O

The	O
whole	O
point	O
is	O
the	O
partnership	O
between	O
the	O
horse	I
and	O
rider	I
.	O

Cross	O
Country	O
Jumping	I
,	O
a	O
jumping	I
course	O
that	O
contains	O
logs	O
and	O
natural	O
obstacles	O
mostly	O
.	O

The	O
common	O
clothes	O
worn	O
are	O
usually	O
brighter	O
colors	O
and	O
less	O
conservative	O
.	O

Endurance	I
riding	I
,	O
a	O
competition	I
usually	O
of	O
50	O
to	O
100	O
miles	O
(	O
160	O
km	O
)	O
or	O
more	O
,	O
over	O
mountainous	O
or	O
other	O
natural	O
terrain	O
,	O
with	O
scheduled	O
stops	O
to	O
take	O
the	O
horses	I
'	O
vital	O
signs	O
,	O
check	O
soundness	O
and	O
verify	O
that	O
the	O
horse	I
is	O
fit	O
to	O
continue	O
.	O

The	O
first	O
horse	I
to	O
finish	O
and	O
be	O
confirmed	O
by	O
the	O
veterinarian	O
as	O
fit	O
to	O
continue	O
is	O
the	O
winner	O
.	O

Additional	O
awards	O
are	O
usually	O
given	O
to	O
the	O
best-conditioned	O
horses	I
who	O
finish	O
in	O
the	O
top	O
10	O
.	O

Fox	O
hunting	O

Hacking	I
,	O
or	O
pleasure	O
riding	I
.	O

Hunter	I
Pacing	I
is	O
a	O
sport	O
where	O
a	O
horse	I
and	O
rider	I
team	O
travel	O
a	O
trail	O
at	O
speeds	O
based	O
the	O
ideal	O
conditions	O
for	O
the	O
horse	I
,	O
with	O
competitors	O
seeking	O
to	O
ride	I
closest	O
to	O
that	O
perfect	O
time	O
.	O

Hunter	I
paces	I
are	O
usually	O
held	O
in	O
a	O
series	O
.	O

Hunter	I
paces	I
are	O
usually	O
a	O
few	O
miles	O
long	O
and	O
covered	O
mostly	O
at	O
a	O
canter	I
or	O
gallop	I
.	O

The	O
horsemanship	I
and	O
management	O
skills	O
of	O
the	O
rider	I
are	O
also	O
considered	O
in	O
the	O
scoring	O
,	O
and	O
periodic	O
stops	O
are	O
required	O
for	O
veterinarians	O
to	O
check	O
the	O
vital	O
signs	O
and	O
overall	O
soundness	O
of	O
the	O
horses	I
.	O

Ride	I
and	I
Tie	I
is	O
a	O
form	O
of	O
endurance	I
riding	I
in	O
which	O
teams	O
of	O
3	O
(	O
two	O
humans	O
and	O
one	O
horse	I
)	O
alternate	O
running	O
and	O
riding	I
.	O

Steeplechase	I
,	O
a	O
distance	O
horse	I
race	O
with	O
diverse	O
fence	O
and	O
ditch	O
obstacles	O
.	O

Trail	O
Riding	I
,	O
pleasure	O
riding	I
any	O
breed	I
horse	I
,	O
any	O
style	O
across	O
the	O
land	O
.	O

Health	O
issues	O

This	O
section	O
needs	O
expansion	O
.	O

You	O
can	O
help	O
by	O
adding	O
to	O
it	O
.	O

(	O
January	O
2009	O
)	O

Handling	O
,	O
riding	I
and	O
driving	I
horses	I
has	O
a	O
number	O
of	O
health	O
risks	O
.	O

Riding	I
has	O
some	O
inherent	O
risks	O
,	O
as	O
when	O
mounted	I
,	O
the	O
rider	I
's	O
head	I
may	O
be	O
up	O
to	O
4	O
m	O
(	O
13	O
ft	O
)	O
from	O
the	O
ground	O
,	O
and	O
the	O
horse	I
may	O
travel	O
at	O
a	O
speed	O
of	O
up	O
to	O
65	O
km	O
/	O
h	O
(	O
40	O
mph	O
)	O
.	O

The	O
injuries	O
observed	O
range	O
from	O
very	O
minor	O
injuries	O
to	O
fatalities	O
.	O

A	O
study	O
in	O
Germany	I
reported	O
that	O
the	O
relative	O
risk	O
of	O
injury	O
from	O
riding	I
a	O
horse	I
,	O
compared	O
to	O
riding	I
a	O
bicycle	O
,	O
was	O
9	O
times	O
higher	O
for	O
adolescents	O
and	O
5.6	O
times	O
higher	O
for	O
younger	O
children	O
,	O
but	O
that	O
riding	I
a	O
horse	I
was	O
less	O
risky	O
than	O
riding	I
a	O
moped	O
.	O

In	O
the	O
United	I
States	I
each	O
year	O
an	O
estimated	O
30	O
million	O
people	O
ride	I
horses	I
,	O
resulting	O
in	O
50,000	O
emergency	O
room	O
visits	O
(	O
1	O
visit	O
per	O
600	O
riders	I
per	O
year	O
)	O
.	O

Among	O
survey	O
respondents	O
,	O
novice	O
equestrians	I
had	O
an	O
incidence	O
of	O
any	O
injury	O
that	O
was	O
threefold	O
over	O
intermediates	O
,	O
fivefold	O
over	O
advanced	O
equestrians	I
,	O
and	O
nearly	O
eightfold	O
over	O
professionals	O
.	O

Approximately	O
100	O
hours	O
of	O
experience	O
are	O
required	O
to	O
achieve	O
a	O
substantial	O
decline	O
in	O
the	O
risk	O
of	O
injury	O
.	O

The	O
survey	O
authors	O
conclude	O
that	O
efforts	O
to	O
prevent	O
equestrian	I
injury	O
should	O
focus	O
on	O
novice	O
equestrians	I
.	O

Mechanisms	O
of	O
injury	O

The	O
most	O
common	O
injury	O
is	O
falling	O
from	O
the	O
horse	I
,	O
followed	O
by	O
being	O
kicked	I
,	O
trampled	O
and	O
bitten	O
.	O

About	O
3	O
out	O
of	O
4	O
injuries	O
are	O
due	O
to	O
falling	O
,	O
broadly	O
defined	O
.	O

Types	O
and	O
severity	O
of	O
injury	O

In	O
Canada	I
,	O
a	O
10-year	O
study	O
of	O
trauma	O
center	O
patients	O
injured	O
while	O
riding	I
reported	O
that	O
although	O
48	O
%	O
had	O
suffered	O
head	I
injuries	O
,	O
only	O
9	O
%	O
of	O
these	O
riders	I
had	O
been	O
wearing	O
helmets	I
at	O
the	O
time	O
of	O
their	O
accident	O
.	O

Other	O
injuries	O
involved	O
the	O
chest	I
(	O
54	O
%	O
)	O
,	O
abdomen	I
(	O
22	O
%	O
)	O
and	O
extremities	O
(	O
17	O
%	O
)	O
.	O

include	O
:	O

Arm	I
fracture	O
or	O
dislocation	O
(	O
31	O
%	O
)	O

Head	I
injury	O
(	O
21	O
%	O
)	O

Leg	I
fracture	O
or	O
dislocation	O
(	O
15	O
%	O
)	O

Chest	I
injury	O
(	O
33	O
%	O
)	O

Among	O
36	O
members	O
and	O
employees	O
of	O
the	O
Hong	I
Kong	I
Jockey	I
Club	I
who	O
were	O
seen	O
in	O
a	O
trauma	O
center	O
during	O
a	O
period	O
of	O
5	O
years	O
,	O
24	O
fell	O
from	O
horses	I
and	O
11	O
were	O
kicked	I
by	O
the	O
horse	I
.	O

Injuries	O
comprised	O
:	O
18	O
torso	O
;	O
11	O
head	I
,	O
face	O
or	O
neck	I
;	O
and	O
11	O
limb	O
.	O

The	O
authors	O
of	O
this	O
study	O
recommend	O
that	O
helmets	I
,	O
face	O
shields	O
and	O
body	I
protectors	I
be	O
worn	O
when	O
riding	I
or	O
handling	O
horses	I
.	O

In	O
New	I
South	I
Wales	I
,	O
Australia	I
,	O
a	O
study	O
of	O
equestrians	I
seen	O
at	O
one	O
hospital	O
over	O
a	O
6-year	O
period	O
found	O
that	O
81	O
%	O
were	O
wearing	O
a	O
helmet	I
at	O
the	O
time	O
of	O
injury	O
,	O
and	O
that	O
helmet	I
use	O
both	O
increased	O
over	O
time	O
and	O
was	O
correlated	O
with	O
a	O
lower	O
rate	O
of	O
admission	O
.	O

In	O
the	O
United	I
States	I
,	O
an	O
analysis	O
of	O
National	I
Electronic	I
Injury	I
Surveillance	I
System	I
(	O
NEISS	I
)	O
data	O
performed	O
by	O
the	O
Equestrian	I
Medical	I
Safety	I
Association	I
studied	O
78,279	O
horse-related	I
injuries	O
in	O
2007	O
:	O
The	O
most	O
common	O
injuries	O
included	O
fractures	O
(	O
28.5	O
%	O
)	O
;	O
contusions	O
/	O
abrasions	O
(	O
28.3	O
%	O
)	O
;	O
strain	O
/	O
sprain	O
(	O
14.5	O
%	O
)	O
;	O
internal	O
injury	O
(	O
8.1	O
%	O
)	O
;	O
lacerations	O
(	O
5.7	O
%	O
)	O
;	O
concussions	O
(	O
4.6	O
%	O
)	O
;	O
dislocations	O
(	O
1.9	O
%	O
)	O
;	O
and	O
hematomas	O
(	O
1.2	O
%	O
)	O
.	O

Most	O
frequent	O
injury	O
sites	O
are	O
the	O
lower	O
trunk	O
(	O
19.6	O
%	O
)	O
;	O
head	I
(	O
15.0	O
%	O
)	O
;	O
upper	O
trunk	O
(	O
13.4	O
%	O
)	O
;	O
shoulder	I
(	O
8.2	O
%	O
)	O
;	O
and	O
wrist	I
(	O
6.8	O
%	O
)	O
.	O

Within	O
this	O
study	O
patients	O
were	O
treated	O
and	O
released	O
(	O
86.2	O
%	O
)	O
,	O
were	O
hospitalized	O
(	O
8.7	O
%	O
)	O
,	O
were	O
transferred	I
(	O
3.6	O
%	O
)	O
,	O
left	O
without	O
being	O
treated	O
(	O
0.8	O
%	O
)	O
,	O
remained	O
for	O
observation	O
(	O
0.6	O
%	O
)	O
and	O
arrived	O
at	O
the	O
hospital	O
deceased	O
(	O
0.1	O
%	O
)	O
.	O

Head	I
injuries	O

Horseback	I
riding	I
is	O
one	O
of	O
the	O
most	O
dangerous	O
sports	O
,	O
especially	O
in	O
relation	O
to	O
head	I
injury	O
.	O

Statistics	O
from	O
the	O
United	I
States	I
,	O
for	O
example	O
,	O
indicate	O
that	O
about	O
30	O
million	O
people	O
ride	I
horses	I
annually	O
.	O

Head	I
injuries	O
are	O
especially	O
traumatic	O
in	O
horseback	I
riding	I
.	O

About	O
two-thirds	O
of	O
all	O
riders	I
requiring	O
hospitalization	O
after	O
a	O
fall	O
have	O
sustained	O
a	O
traumatic	O
brain	O
injury	O
.	O

The	O
use	O
of	O
riding	I
helmets	I
substantially	O
decreases	O
the	O
likelihood	O
and	O
severity	O
of	O
head	I
injuries	O
.	O

When	O
a	O
rider	I
falls	O
with	O
a	O
helmet	I
,	O
he	O
or	O
she	O
is	O
five	O
times	O
less	O
likely	O
to	O
experience	O
a	O
traumatic	O
brain	O
injury	O
than	O
a	O
rider	I
who	O
falls	O
without	O
a	O
helmet	I
.	O

Once	O
a	O
helmet	I
has	O
sustained	O
an	O
impact	O
from	O
falling	O
,	O
that	O
part	O
of	O
the	O
helmet	I
is	O
structurally	O
weakened	O
,	O
even	O
if	O
no	O
visible	O
damage	O
is	O
present	O
.	O

Rules	O
on	O
helmet	I
use	O
in	O
competition	I

Many	O
organizations	O
mandate	O
helmet	I
use	O
in	O
competition	I
or	O
on	O
show	I
grounds	I
,	O
and	O
rules	O
have	O
continually	O
moved	O
in	O
the	O
direction	O
of	O
requiring	O
helmet	I
use	O
.	O

In	O
2011	O
,	O
the	O
United	I
States	I
Equestrian	I
Federation	I
passed	O
a	O
rule	O
making	O
helmet	I
use	O
mandatory	O
while	O
mounted	I
on	O
competition	I
grounds	O
at	O
U.S.	I
nationally	O
rated	O
eventing	I
competitions	I
.	O

If	O
a	O
rider	I
competing	O
at	O
Prix	I
St.	I
Georges	I
and	O
above	O
is	O
also	O
riding	I
a	O
test	I
at	O
Fourth	I
Level	I
or	O
below	O
,	O
he	O
or	O
she	O
must	O
also	O
wear	O
a	O
helmet	I
at	O
all	O
times	O
while	O
mounted	I
.	O

Riding	I
astride	I

The	O
idea	O
that	O
riding	I
a	O
horse	I
astride	O
could	O
injure	O
a	O
woman	O
's	O
sex	O
organs	O
is	O
a	O
historic	O
,	O
but	O
sometimes	O
popular	O
even	O
today	O
,	O
misunderstanding	O
or	O
misconception	O
,	O
particularly	O
that	O
riding	I
astride	I
can	O
damage	O
the	O
hymen.	O
the	O
relevance	O
of	O
these	O
findings	O
to	O
horse	I
riding	I
is	O
unknown	O
.	O

In	O
men	O
,	O
sports-related	O
injuries	O
are	O
among	O
the	O
major	O
causes	O
of	O
testicular	O
trauma	O
.	O

In	O
a	O
small	O
controlled	O
but	O
unblinded	O
study	O
of	O
52	O
men	O
,	O
varicocele	O
was	O
significantly	O
more	O
common	O
in	O
equestrians	I
than	O
in	O
non-equestrians	I
.	O

Criticism	O
of	O
horses	I
in	O
sport	O

See	O
also	O
:	O
Horse	I
racing	O
and	O
Rodeo	I

Organized	O
welfare	O
groups	O
,	O
such	O
as	O
the	O
Humane	I
Society	I
of	I
the	I
United	I
States	I
,	O
and	O
animal	O
rights	O
groups	O
such	O
as	O
People	I
for	I
the	I
Ethical	I
Treatment	I
of	I
Animals	I
,	O
have	O
been	O
known	O
to	O
criticise	O
some	O
horse	I
sports	O
with	O
claims	O
of	O
animal	O
cruelty	O
.	O

Horse	I
racing	O
is	O
a	O
popular	O
equestrian	I
sport	O
which	O
is	O
practiced	O
in	O
many	O
nations	O
around	O
the	O
world	O
.	O

It	O
is	O
inextricably	O
associated	O
with	O
gambling	O
,	O
where	O
in	O
certain	O
events	O
,	O
stakes	O
can	O
become	O
very	O
high	O
.	O

Despite	O
its	O
illegality	O
in	O
most	O
competitions	I
,	O
these	O
conditions	O
of	O
extreme	O
competitiveness	O
can	O
lead	O
to	O
the	O
use	O
of	O
performing-enhancing	O
drugs	O
and	O
extreme	O
training	I
techniques	O
,	O
which	O
can	O
result	O
in	O
negative	O
side	O
effects	O
for	O
the	O
horses	I
'	O
well-being	O
.	O

The	O
races	O
themselves	O
have	O
also	O
proved	O
dangerous	O
to	O
the	O
horses	I
–	O
especially	O
steeplechasing	I
,	O
which	O
requires	O
the	O
horse	I
to	O
jump	I
hurdles	O
whilst	O
galloping	I
at	O
full	O
speed	O
.	O

This	O
can	O
result	O
in	O
injury	O
or	O
death	O
to	O
the	O
horse	I
,	O
as	O
well	O
as	O
the	O
jockey	I
.	O

Animal	O
rights	O
groups	O
are	O
also	O
primarily	O
concerned	O
that	O
certain	O
sports	O
or	O
training	I
exercises	I
may	O
cause	O
unnecessary	O
pain	O
or	O
injuries	O
to	O
horse	I
athletes	O
.	O

Some	O
specific	O
training	I
or	O
showing	O
practices	O
are	O
so	O
widely	O
condemned	O
that	O
they	O
have	O
been	O
made	O
illegal	O
at	O
the	O
national	O
level	O
and	O
violations	O
can	O
incur	O
criminal	O
penalties	O
.	O

The	O
most	O
well-known	O
is	O
soring	I
,	O
a	O
practice	O
of	O
applying	O
a	O
caustic	O
ointment	O
just	O
above	O
the	O
hooves	I
of	O
a	O
Tennessee	I
Walking	I
Horse	I
to	O
make	O
it	O
pick	O
up	O
its	O
feet	I
higher	O
.	O

However	O
,	O
in	O
spite	O
of	O
a	O
federal	O
law	O
in	O
the	O
United	I
States	I
prohibiting	O
this	O
practice	O
and	O
routine	O
inspections	O
of	O
horse	I
shows	I
by	O
inspectors	O
from	O
the	O
United	I
States	I
Department	I
of	I
Agriculture	I
,	O
soring	I
is	O
still	O
widespread	O
and	O
difficult	O
to	O
eliminate	O
.	O

Secondary	O
effects	O
of	O
racing	O
have	O
also	O
recently	O
been	O
uncovered	O
.	O

A	O
2006	O
investigation	O
by	O
The	I
Observer	I
in	O
the	O
UK	I
found	O
that	O
each	O
year	O
6,000–10,000	O
horses	I
are	O
slaughtered	O
for	O
consumption	O
abroad	O
,	O
a	O
significant	O
proportion	O
of	O
which	O
are	O
horses	I
bred	I
for	O
racing	O
.	O

Horse	I
riding	I
on	O
coinage	O

Horse	I
riding	I
events	O
have	O
been	O
selected	O
as	O
a	O
main	O
motif	O
in	O
numerous	O
collectors	O
'	O
coins	O
.	O

One	O
of	O
the	O
recent	O
samples	O
is	O
the	O
€10	O
Greek	O
Horse	I
Riding	I
commemorative	O
coin	O
,	O
minted	O
in	O
2003	O
to	O
commemorate	O
the	O
2004	O
Summer	I
Olympics	I
.	O

On	O
the	O
composition	O
of	O
the	O
obverse	O
of	O
this	O
coin	O
,	O
the	O
modern	O
horseman	I
is	O
pictured	O
as	O
he	O
jumps	I
over	O
an	O
obstacle	O
,	O
while	O
in	O
the	O
background	O
the	O
ancient	O
horseman	I
is	O
inspired	O
by	O
a	O
representation	O
on	O
a	O
black-figure	O
vase	O
of	O
the	O
5th	O
century	O
BC	O
.	O

For	O
the	O
2012	O
Olympics	I
,	O
the	O
Royal	I
Mint	I
has	O
produced	O
a	O
50p	O
coin	O
showing	O
a	O
horse	I
jumping	I
a	O
fence	O
.	O

A	O
mounted	I
rider	I
from	O
the	O
Royal	I
Canadian	I
Mounted	I
Police	I
is	O
featured	O
on	O
a	O
1973	O
Canadian	O
quarter	O
dollar	O
coin	O
.	O

