Equestrianism	B

Equestrianism	B
(	O
from	O
Latin	O
equester	O
,	O
equestr-	O
,	O
equus	O
,	O
horseman	B
,	O
horse	B
)	O
,	O
more	O
often	O
known	O
as	O
riding	B
,	O
horse	B
riding	I
(	O
British	O
English	O
)	O
or	O
horseback	B
riding	I
(	O
American	O
English	O
)	O
,	O
refers	O
to	O
the	O
skill	O
of	O
riding	B
,	O
driving	B
,	O
steeplechasing	B
or	O
vaulting	B
with	O
horses	B
.	O

This	O
broad	O
description	O
includes	O
the	O
use	O
of	O
horses	B
for	O
practical	O
working	O
purposes	O
,	O
transportation	O
,	O
recreational	O
activities	O
,	O
artistic	O
or	O
cultural	O
exercises	O
and	O
competitive	O
sport	O
.	O

Overview	O
of	O
equestrian	B
activities	O

Horses	B
are	O
trained	B
and	O
ridden	B
for	O
practical	O
working	O
purposes	O
such	O
as	O
in	O
police	O
work	O
or	O
for	O
controlling	O
herd	B
animals	O
on	O
a	O
ranch	O
.	O

They	O
are	O
also	O
used	O
in	O
competitive	O
sports	O
including	O
,	O
but	O
not	O
limited	O
to	O
,	O
dressage	B
,	O
endurance	B
riding	B
,	O
eventing	B
,	O
reining	B
,	O
show	B
jumping	I
,	O
tent	B
pegging	I
,	O
vaulting	B
,	O
polo	O
,	O
horse	B
racing	O
,	O
driving	B
and	O
rodeo	B
.	O

(	O
See	O
additional	O
equestrian	B
sports	O
listed	O
later	O
in	O
this	O
article	O
for	O
more	O
examples	O
.	O
)	O

Some	O
popular	O
forms	O
of	O
competition	B
are	O
grouped	O
together	O
at	O
horse	B
shows	I
,	O
where	O
horses	B
perform	O
in	O
a	O
wide	O
variety	O
of	O
disciplines	O
.	O

Horses	B
(	O
and	O
other	O
equids	B
such	O
as	O
mules	O
and	O
donkeys	O
)	O
are	O
used	O
for	O
non-competitive	O
recreational	B
riding	I
such	O
as	O
fox	O
hunting	O
,	O
trail	O
riding	B
or	O
hacking	B
.	O

There	O
is	O
public	O
access	O
to	O
horse	B
trails	O
in	O
almost	O
every	O
part	O
of	O
the	O
world	O
;	O
many	O
parks	O
,	O
ranches	O
and	O
public	O
stables	B
offer	O
both	O
guided	O
and	O
independent	O
riding	B
.	O

Horses	B
are	O
also	O
used	O
for	O
therapeutic	O
purposes	O
,	O
both	O
in	O
specialized	O
paraequestrian	B
competition	B
as	O
well	O
as	O
non-competitive	O
riding	B
to	O
improve	O
human	O
health	O
and	O
emotional	O
development	O
.	O

Horses	B
are	O
also	O
driven	B
in	O
harness	B
racing	I
,	O
at	O
horse	B
shows	I
and	O
in	O
other	O
types	O
of	O
exhibition	O
,	O
historical	O
reenactment	O
or	O
ceremony	O
,	O
often	O
pulling	O
carriages	O
.	O

In	O
some	O
parts	O
of	O
the	O
world	O
,	O
they	O
are	O
still	O
used	O
for	O
practical	O
purposes	O
such	O
as	O
farming	O
.	O

Horses	B
continue	O
to	O
be	O
used	O
in	O
public	O
service	O
:	O
in	O
traditional	O
ceremonies	O
(	O
parades	O
,	O
funerals	O
)	O
,	O
police	O
and	O
volunteer	O
mounted	B
patrols	O
and	O
for	O
mounted	B
search	O
and	O
rescue	O
.	O

Riding	B
halls	I
enable	O
the	O
training	B
of	O
horse	B
and	O
rider	B
in	O
all	O
weathers	O
as	O
well	O
as	O
indoor	O
competition	B
riding	B
.	O

History	O
of	O
horse	B
use	O

Though	O
there	O
is	O
controversy	O
over	O
the	O
exact	O
date	O
horses	B
were	O
domesticated	O
and	O
when	O
they	O
were	O
first	O
ridden	B
,	O
the	O
best	O
estimate	O
is	O
that	O
horses	B
first	O
were	O
ridden	B
approximately	O
3500	O
BC	O
.	O

Indirect	O
evidence	O
suggests	O
that	O
horses	B
were	O
ridden	B
long	O
before	O
they	O
were	O
driven	B
.	O

There	O
is	O
some	O
evidence	O
that	O
about	O
3,000	O
BC	O
,	O
near	O
the	O
Dnieper	O
River	O
and	O
the	O
Don	O
River	O
,	O
people	O
were	O
using	O
bits	B
on	O
horses	B
,	O
as	O
a	O
stallion	B
that	O
was	O
buried	O
there	O
shows	O
teeth	O
wear	O
consistent	O
with	O
using	O
a	O
bit	B
.	O

However	O
,	O
the	O
most	O
unequivocal	O
early	O
archaeological	O
evidence	O
of	O
equines	B
put	O
to	O
working	O
use	O
was	O
of	O
horses	B
being	O
driven	B
.	O

Chariot	O
burials	O
about	O
2500	O
BC	O
present	O
the	O
most	O
direct	O
hard	O
evidence	O
of	O
horses	B
used	O
as	O
working	O
animals	O
.	O

In	O
ancient	O
times	O
chariot	O
warfare	O
was	O
followed	O
by	O
the	O
use	O
of	O
war	O
horses	B
as	O
light	O
and	O
heavy	O
cavalry	B
.	O

The	O
horse	B
played	O
an	O
important	O
role	O
throughout	O
human	O
history	O
all	O
over	O
the	O
world	O
,	O
both	O
in	O
warfare	O
and	O
in	O
peaceful	O
pursuits	O
such	O
as	O
transportation	O
,	O
trade	O
and	O
agriculture	O
.	O

Horses	B
lived	O
in	O
North	O
America	O
,	O
but	O
died	O
out	O
at	O
the	O
end	O
of	O
the	O
Ice	O
Age	O
.	O

Horses	B
were	O
brought	O
back	O
to	O
North	O
America	O
by	O
European	O
explorers	O
,	O
beginning	O
with	O
the	O
second	O
voyage	O
of	O
Columbus	O
in	O
1493	O
.	O

Horse	B
racing	O

Humans	O
appear	O
to	O
have	O
long	O
expressed	O
a	O
desire	O
to	O
know	O
which	O
horse	B
(	O
or	O
horses	B
)	O
were	O
the	O
fastest	O
,	O
and	O
horse	B
racing	O
has	O
ancient	O
roots	O
.	O

Gambling	O
on	O
horse	B
races	O
appears	O
to	O
go	O
hand-in	O
hand	O
with	O
racing	O
and	O
has	O
a	O
long	O
history	O
as	O
well	O
.	O

Thoroughbreds	B
have	O
the	O
pre-eminent	O
reputation	O
as	O
a	O
racing	O
breed	B
,	O
but	O
other	O
breeds	B
also	O
race	O
.	O

Types	O
of	O
horse	B
racing	O

Under	B
saddle	I
:	O

Thoroughbred	B
horse	B
racing	O
is	O
the	O
most	O
popular	O
form	O
worldwide	O
.	O

In	O
the	O
UK	O
,	O
it	O
is	O
known	O
as	O
flat	B
racing	I
and	O
is	O
governed	O
by	O
the	O
Jockey	B
Club	O
in	O
the	O
United	O
Kingdom	O
.	O

In	O
the	O
USA	O
,	O
horse	B
racing	O
is	O
governed	O
by	O
The	O
Jockey	B
Club	O
.	O

Steeplechasing	B
involves	O
racing	O
on	O
a	O
track	B
where	O
the	O
horses	B
also	O
jump	B
over	O
obstacles	O
.	O

It	O
is	O
most	O
common	O
in	O
the	O
UK	O
,	O
where	O
it	O
is	O
also	O
called	O
National	O
Hunt	O
racing	O
.	O

American	B
Quarter	I
Horse	I
racing—races	I
over	O
distances	O
of	O
approximately	O
a	O
quarter-mile	O
.	O

Seen	O
mostly	O
in	O
the	O
United	O
States	O
,	O
sanctioned	O
by	O
the	O
American	O
Quarter	B
Horse	I
Association	O
.	O

Arabian	B
horses	B
,	O
Akhal-Teke	B
,	O
Appaloosas	B
,	O
American	B
Paint	I
Horses	B
and	O
other	O
light	O
breeds	B
are	O
also	O
raced	O
worldwide	O
.	O

Endurance	B
riding	B
,	O
a	O
sport	O
in	O
which	O
the	O
Arabian	B
horse	B
dominates	O
at	O
the	O
top	O
levels	O
,	O
has	O
become	O
very	O
popular	O
in	O
the	O
United	O
States	O
and	O
in	O
Europe	O
.	O

The	O
Federation	O
Equestre	O
International	O
(	O
FEI	O
)	O
governs	O
international	O
races	O
,	O
and	O
the	O
American	O
Endurance	B
Ride	B
Conference	O
(	O
AERC	O
)	O
organizes	O
the	O
sport	O
in	O
North	O
America	O
.	O

Endurance	B
races	O
take	O
place	O
over	O
a	O
given	O
,	O
measured	O
distance	O
and	O
the	O
horses	B
have	O
an	O
even	O
start	O
.	O

Races	O
are	O
usually	O
50	O
to	O
100	O
miles	O
(	O
80	O
to	O
161	O
km	O
)	O
,	O
over	O
mountainous	O
or	O
other	O
natural	O
terrain	O
,	O
with	O
scheduled	O
stops	O
to	O
take	O
the	O
horses	B
'	O
vital	O
signs	O
,	O
check	O
soundness	O
and	O
verify	O
that	O
the	O
horse	B
is	O
fit	O
to	O
continue	O
.	O

The	O
first	O
horse	B
to	O
finish	O
and	O
be	O
confirmed	O
by	O
the	O
veterinarian	O
as	O
fit	O
to	O
continue	O
is	O
the	O
winner	O
.	O

Additional	O
awards	O
are	O
usually	O
given	O
to	O
the	O
best-conditioned	O
horses	B
who	O
finish	O
in	O
the	O
top	O
10	O
.	O

Limited	O
distance	O
rides	B
of	O
about	O
25–20	O
miles	O
(	O
40–32	O
km	O
)	O
are	O
offered	O
to	O
newcomers	O
.	O

Ride	B
and	I
Tie	I
(	O
in	O
North	O
America	O
,	O
organized	O
by	O
Ride	B
and	I
Tie	I
Association	O
)	O
.	O

Ride	B
and	I
Tie	I
involves	O
three	O
equal	O
partners	O
:	O
two	O
humans	O
and	O
one	O
horse	B
.	O

The	O
humans	O
alternately	O
run	O
and	O
ride	B
.	O

Show	B
jumping	I
:	O

Show	B
jumping	I
is	O
when	O
a	O
horse	B
carries	O
a	O
rider	B
over	O
an	O
obstacle	O
also	O
commonly	O
known	O
as	O
a	O
jump	B
.	O

There	O
are	O
usually	O
multiple	O
jumps	B
in	O
a	O
show	B
and	O
if	O
the	O
horse	B
hits	O
the	O
jump	B
then	O
they	O
will	O
get	O
points	O
deducted	O
in	O
a	O
show	B
.	O

In	O
harness	B
:	O

Both	O
light	O
and	O
heavy	O
breeds	B
as	O
well	O
as	O
ponies	B
are	O
raced	O
in	O
harness	B
with	O
a	O
sulky	B
or	O
racing	O
bike	O
.	O

The	O
Standardbred	B
dominates	O
the	O
sport	O
in	O
both	O
trotting	B
and	O
pacing	B
varieties	O
.	O

The	O
United	O
States	O
Trotting	B
Association	O
organizes	O
harness	B
racing	I
in	O
the	O
United	O
States	O
.	O

Harness	B
racing	I
is	O
also	O
found	O
throughout	O
Europe	O
,	O
New	O
Zealand	O
and	O
Australia	O
.	O

International	O
and	O
Olympic	O
disciplines	O

Main	O
articles	O
:	O
Equestrian	B
at	O
the	O
Olympics	O
and	O
International	O
Federation	O
for	O
Equestrian	B
Sports	O

Equestrian	B
events	O
were	O
first	O
included	O
in	O
the	O
modern	O
Olympic	O
Games	O
in	O
1900	O
.	O

By	O
1912	O
,	O
all	O
three	O
Olympic	O
disciplines	O
still	O
seen	O
today	O
were	O
part	O
of	O
the	O
games	O
.	O

The	O
following	O
forms	O
of	O
competition	B
are	O
recognized	O
worldwide	O
and	O
are	O
a	O
part	O
of	O
the	O
equestrian	B
events	O
at	O
the	O
Olympics	O
.	O

They	O
are	O
governed	O
by	O
the	O
rules	O
of	O
the	O
International	O
Federation	O
for	O
Equestrian	B
Sports	O
(	O
FEI	O
)	O
.	O

Dressage	B
(	O
training	B
in	O
French	O
)	O
involves	O
the	O
progressive	O
training	B
of	O
the	O
horse	B
to	O
a	O
high	O
level	O
of	O
impulsion	B
,	O
collection	B
and	O
obedience	B
.	O

Competitive	B
dressage	I
has	O
the	O
goal	O
of	O
showing	O
the	O
horse	B
carrying	O
out	O
,	O
on	O
request	O
,	O
the	O
natural	O
movements	O
that	O
it	O
performs	O
without	O
thinking	O
while	O
running	O
loose	O
.	O

Show	B
jumping	I
comprises	O
a	O
timed	O
event	O
judged	B
on	O
the	O
ability	O
of	O
the	O
horse	B
and	O
rider	B
to	O
jump	B
over	O
a	O
series	O
of	O
obstacles	O
,	O
in	O
a	O
given	O
order	O
and	O
with	O
the	O
fewest	O
refusals	O
or	O
knockdowns	O
of	O
portions	O
of	O
the	O
obstacles	O
.	O

Eventing	B
,	O
also	O
called	O
combined	B
training	I
,	O
horse	B
trials	O
,	O
the	O
three-day	O
event	O
,	O
the	O
Military	B
or	O
the	O
complete	O
test	B
,	O
puts	O
together	O
the	O
obedience	B
of	O
dressage	B
with	O
the	O
athletic	O
ability	O
of	O
show	B
jumping	I
,	O
the	O
fitness	O
demands	O
the	O
cross-country	B
jumping	I
phase	O
.	O

In	O
the	O
last-named	O
,	O
the	O
horses	B
jump	B
over	O
fixed	O
obstacles	O
,	O
such	O
as	O
logs	O
,	O
stone	O
walls	O
,	O
banks	O
,	O
ditches	O
and	O
water	O
,	O
trying	O
to	O
finish	O
the	O
course	O
under	O
the	O
optimum	O
time	O
.	O

There	O
was	O
also	O
the	O
'	O
Steeple	B
Chase	I
'	O
Phase	O
,	O
which	O
is	O
now	O
excluded	O
from	O
most	O
major	O
competitions	B
to	O
bring	O
them	O
in	O
line	O
with	O
the	O
Olympic	O
standard	O
.	O

The	O
additional	O
internationally	O
sanctioned	O
but	O
non-Olympic	O
disciplines	O
governed	O
by	O
the	O
FEI	O
are	O
:	O
combined	B
driving	I
;	O
endurance	B
;	O
reining	B
;	O
and	O
vaulting	B
.	O

These	O
disciplines	O
are	O
part	O
of	O
the	O
FEI	O
World	O
Equestrian	B
Games	O
every	O
four	O
years	O
and	O
may	O
hold	O
their	O
own	O
individual	O
World	O
Championships	O
in	O
other	O
years	O
.	O

The	O
FEI	O
also	O
recognizes	O
horseball	B
and	O
tent	B
pegging	I
as	O
its	O
two	O
regional	O
disciplines	O
.	O

Para-equestrian	B
disciplines	O

Para-equestrian	B
competition	B
at	O
the	O
international	O
level	O
,	O
including	O
the	O
Paralympics	O
,	O
are	O
also	O
governed	O
by	O
the	O
FEI	O
and	O
offer	O
the	O
following	O
competition	B
events	O
:	O

Para-Equestrian	B
Dressage	B
is	O
conducted	O
under	O
the	O
same	O
rules	O
as	O
conventional	O
Dressage	B
,	O
but	O
with	O
riders	B
divided	O
into	O
different	O
competition	B
grades	O
based	O
on	O
their	O
functional	O
abilities	O
.	O

Para-Equestrian	B
Driving	B
places	O
competitors	O
in	O
various	O
grades	O
based	O
on	O
their	O
skill	O
.	O

Haute	B
École	I

Main	O
article	O
:	O
Classical	B
dressage	I

The	O
haute	B
école	I
(	O
F.	O
high	B
school	I
)	O
,	O
an	O
advanced	O
component	O
of	O
Classical	B
dressage	I
,	O
is	O
a	O
highly	O
refined	O
set	O
of	O
skills	O
seldom	O
used	O
in	O
competition	B
but	O
often	O
seen	O
in	O
demonstration	O
performances	O
.	O

Leading	O
haute	B
ecole	I
demonstration	O
teams	O
include	O
:	O

The	O
Cadre	O
Noir	O
in	O
Saumur	O
,	O
France	O
.	O

The	O
Spanish	O
Riding	B
School	I
in	O
Vienna	O
,	O
Austria	O
.	O

The	O
Escola	O
Portuguesa	O
de	O
Arte	O
Equestre	O
in	O
Queluz	O
,	O
Portugal	O
.	O

Royal	O
Andalusian	B
School	O
of	O
Equestrian	B
Art	O
in	O
Jerez	O
de	O
la	O
Frontera	O
,	O
Spain	O
.	O

South	O
African	O
Lipizzaners	B
of	O
Midrand	O
in	O
South	O
Africa	O
.	O

Horse	B
shows	I

Main	O
article	O
:	O
Horse	B
show	I

Horse	B
shows	I
are	O
held	O
throughout	O
the	O
world	O
with	O
a	O
tremendous	O
variety	O
of	O
possible	O
events	O
,	O
equipment	O
,	O
attire	O
and	O
judging	B
standards	O
used	O
.	O

However	O
,	O
most	O
forms	O
of	O
horse	B
show	I
competition	B
can	O
be	O
broken	O
into	O
the	O
following	O
broad	O
categories	O
:	O

Equitation	B
,	O
sometimes	O
called	O
seat	B
and	I
hands	I
or	O
horsemanship	B
,	O
refers	O
to	O
events	O
where	O
the	O
rider	B
is	O
judged	B
on	O
form	O
,	O
style	O
and	O
ability	O
.	O

Pleasure	O
,	O
flat	O
or	O
under	B
saddle	I
classes	O
feature	O
horses	B
who	O
are	O
ridden	B
on	O
the	O
flat	O
(	O
not	O
jumped	B
)	O
and	O
judged	B
on	O
manners	O
,	O
performance	O
,	O
movement	O
,	O
style	O
and	O
quality	O
.	O

Halter	B
,	O
in-hand	B
breeding	I
or	O
conformation	B
classes	I
,	O
where	O
the	O
horse	B
is	O
led	O
by	O
a	O
handler	B
on	O
the	O
ground	O
and	O
judged	B
on	O
conformation	B
and	O
suitability	O
as	O
a	O
breeding	B
animal	O
.	O

Harness	B
classes	O
,	O
where	O
the	O
horse	B
is	O
driven	B
rather	O
than	O
ridden	B
,	O
but	O
still	O
judged	B
on	O
manners	O
,	O
performance	O
and	O
quality	O
.	O

Jumping	B
or	O
Over	B
Fences	I
refers	O
broadly	O
to	O
both	O
show	B
jumping	I
and	O
show	B
hunter	I
,	O
where	O
horses	B
and	O
riders	B
must	O
jump	B
obstacles	O
.	O

English	B
riding	B

Main	O
article	O
:	O
English	B
riding	I

See	O
also	O
:	O
Hunt	B
seat	I
,	O
Equitation	B
,	O
Show	B
jumping	I
,	O
Dressage	B
,	O
Riding	B
Horse	I
,	O
Saddle	B
seat	I
,	O
Jumpers	B
,	O
and	O
Hunters	B

In	O
addition	O
to	O
the	O
classical	O
Olympic	O
events	O
,	O
the	O
following	O
forms	O
of	O
competition	B
are	O
seen	O
.	O

In	O
North	O
America	O
they	O
are	O
referred	O
to	O
as	O
English	B
riding	I
in	O
contrast	O
with	O
western	B
riding	I
;	O
elsewhere	O
in	O
the	O
world	O
,	O
if	O
a	O
distinction	O
is	O
necessary	O
,	O
they	O
are	O
usually	O
described	O
as	O
classic	B
riding	I
:	O

Hunt	B
seat	I
or	O
Hunter	B
classes	O
judge	B
the	O
movement	O
and	O
the	O
form	O
of	O
horses	B
suitable	O
for	O
work	O
over	B
fences	I
.	O

A	O
typical	O
show	B
hunter	I
division	O
would	O
include	O
classes	O
over	B
fences	I
as	O
well	O
as	O
Hunter	B
under	I
Saddle	I
or	O
flat	O
classes	O
(	O
sometimes	O
called	O
hack	B
classes	O
)	O
,	O
in	O
which	O
the	O
horse	B
is	O
judged	B
on	O
its	O
performance	O
,	O
manners	O
and	O
movement	O
without	O
having	O
to	O
jump	B
.	O

Hunters	B
have	O
a	O
long	O
,	O
flat-kneed	O
trot	B
,	O
sometimes	O
called	O
daisy	B
cutter	I
movement	O
,	O
a	O
phrase	O
suggesting	O
a	O
good	O
hunter	B
could	O
slice	O
daisies	O
in	O
a	O
field	O
when	O
it	O
reaches	O
its	O
stride	B
out	O
.	O

The	O
over	B
fences	I
classes	O
in	O
show	B
hunter	I
competition	B
are	O
judged	B
on	O
the	O
form	O
of	O
the	O
horse	B
,	O
its	O
manners	O
and	O
the	O
smoothness	O
of	O
the	O
course	O
.	O

A	O
horse	B
with	O
good	O
jumping	B
form	O
snaps	O
its	O
knees	B
up	O
and	O
jumps	B
with	O
a	O
good	O
bascule	B
.	O

It	O
should	O
also	O
be	O
able	O
to	O
canter	B
or	O
gallop	B
with	O
control	O
while	O
having	O
a	O
stride	B
long	O
enough	O
to	O
make	O
a	O
proper	O
number	O
of	O
strides	B
over	O
a	O
given	O
distance	O
between	O
fences	O
.	O

Hunter	B
classes	O
differ	O
from	O
jumper	B
classes	O
,	O
in	O
which	O
they	O
are	O
not	O
timed	O
,	O
and	O
equitation	B
classes	O
,	O
in	O
which	O
the	O
rider	B
's	O
performance	O
is	O
the	O
focus	O
.	O

Hunter	B
style	O
is	O
based	O
on	O
fox	O
hunting	O
,	O
so	O
jumps	B
in	O
the	O
hunter	B
division	O
are	O
usually	O
more	O
natural	O
colors	O
than	O
the	O
jumps	B
in	O
a	O
jumper	B
division	O
.	O

Eventing	B
,	O
show	B
jumping	I
and	O
dressage	B
,	O
described	O
under	O
Olympic	O
disciplines	O
,	O
above	O
are	O
all	O
English	B
riding	B
disciplines	O
that	O
in	O
North	O
America	O
sometimes	O
are	O
loosely	O
classified	O
within	O
the	O
hunt	B
seat	I
category	O
.	O

Saddle	B
seat	I
,	O
is	O
a	O
primarily	O
American	O
discipline	O
,	O
though	O
has	O
recently	O
become	O
somewhat	O
popular	O
in	O
South	O
Africa	O
,	O
was	O
created	O
to	O
show	O
to	O
best	O
advantage	O
the	O
animated	O
movement	O
of	O
high-stepping	O
and	O
gaited	B
breeds	B
such	O
as	O
the	O
American	B
Saddlebred	I
and	O
the	O
Tennessee	B
Walker	I
.	O

Some	O
Arabians	B
and	O
Morgans	B
are	O
also	O
shown	O
saddle	B
seat	I
in	O
the	O
United	O
States	O
.	O

There	O
are	O
usually	O
three	O
basic	O
divisions	O
.	O

Park	O
divisions	O
are	O
for	O
the	O
horses	B
with	O
the	O
highest	O
action	O
.	O

Pleasure	O
divisions	O
still	O
emphasis	O
animated	O
action	O
,	O
but	O
to	O
a	O
lesser	O
degree	O
,	O
with	O
manners	O
ranking	O
over	O
animation	O
.	O

Plantation	O
or	O
Country	O
divisions	O
have	O
the	O
least	O
amount	O
of	O
animation	O
(	O
in	O
some	O
breeds	B
,	O
the	O
horses	B
are	O
flat-shod	B
)	O
and	O
the	O
greatest	O
emphasis	O
on	O
manners	O
.	O

Show	B
hack	I
is	O
a	O
competition	B
seen	O
primarily	O
in	O
the	O
United	O
Kingdom	O
,	O
Australia	O
and	O
other	O
nations	O
influenced	O
by	O
British	O
traditions	O
,	O
featuring	O
horses	B
of	O
elegant	O
appearance	O
,	O
with	O
excellent	O
way	O
of	O
going	O
and	O
self-carriage	B
.	O

A	O
related	O
event	O
is	O
Riding	B
Horse	I
.	O

Western	B
riding	B

Main	O
article	O
:	O
Western	B
riding	I

See	O
also	O
:	O
Reining	B
,	O
Western	B
pleasure	I
,	O
Rodeo	B
,	O
and	O
Cutting	B
(	O
sport	O
)	O

Western	B
riding	I
evolved	O
from	O
the	O
cattle-working	O
and	O
warfare	O
traditions	O
brought	O
to	O
the	O
Americas	O
by	O
the	O
Spanish	O
Conquistadors	O
,	O
and	O
both	O
equipment	O
and	O
riding	B
style	I
evolved	O
to	O
meet	O
the	O
working	O
needs	O
of	O
the	O
cowboy	O
on	O
ranches	O
in	O
the	O
American	B
West	I
.	O

Though	O
the	O
differences	O
between	O
English	B
and	O
Western	B
riding	I
appear	O
dramatic	O
,	O
there	O
are	O
many	O
similarities	O
.	O

Both	O
styles	O
require	O
riders	B
to	O
have	O
a	O
solid	O
seat	B
,	O
with	O
the	O
hips	B
and	O
shoulders	B
balanced	B
over	O
the	O
feet	B
,	O
with	O
hands	B
independent	O
of	O
the	O
seat	B
so	O
as	O
to	O
avoid	O
disturbing	O
the	O
balance	B
of	O
the	O
horse	B
and	O
interfering	O
with	O
its	O
performance	O
.	O

The	O
most	O
noticeable	O
feature	O
of	O
western	B
style	O
riding	B
is	O
in	O
the	O
saddle	B
,	O
which	O
has	O
a	O
substantial	O
tree	O
that	O
provides	O
greater	O
support	O
to	O
horse	B
and	O
rider	B
when	O
working	O
long	O
hours	O
in	O
the	O
saddle	B
.	O

The	O
western	B
saddle	B
features	O
a	O
prominent	O
pommel	B
topped	O
by	O
a	O
horn	B
(	O
a	O
knob	O
used	O
for	O
dallying	O
a	O
lariat	B
after	O
roping	B
an	O
animal	O
)	O
,	O
a	O
deep	B
seat	I
and	O
a	O
high	O
cantle	B
.	O

The	O
stirrups	B
are	O
wider	O
and	O
the	O
saddle	B
has	O
rings	O
and	O
ties	O
that	O
allow	O
objects	O
to	O
be	O
attached	O
to	O
the	O
saddle	B
.	O

Western	B
horses	B
are	O
asked	O
to	O
perform	O
with	O
a	O
loose	B
rein	I
,	O
controlled	O
by	O
one	O
hand	B
.	O

The	O
standard	O
western	B
bridle	B
lacks	O
a	O
noseband	B
and	O
usually	O
consists	O
of	O
a	O
single	O
set	O
of	O
reins	B
attached	O
to	O
a	O
curb	B
bit	I
that	O
has	O
somewhat	O
longer	O
and	O
looser	O
shanks	B
than	O
the	O
curb	B
of	O
an	O
English	B
Weymouth	I
bridle	I
or	O
a	O
pelham	B
bit	I
.	O

Two	O
styles	O
of	O
Western	B
reins	B
developed	O
:	O
The	O
long	O
split	O
reins	B
of	O
the	O
Texas	O
tradition	O
,	O
which	O
are	O
completely	O
separated	O
,	O
or	O
the	O
closed-end	O
Romal	B
reins	B
of	O
the	O
California	O
tradition	O
,	O
which	O
have	O
a	O
long	O
single	O
attachment	O
on	O
the	O
ends	O
that	O
can	O
be	O
used	O
as	O
a	O
quirt	B
.	O

Modern	O
rodeo	B
competitors	O
in	O
timed	O
events	O
sometimes	O
use	O
a	O
closed	B
rein	I
without	O
a	O
romal	B
.	O

Western	B
riders	B
wear	O
a	O
long-sleeved	O
shirt	O
,	O
denim	O
jeans	O
,	O
boots	B
,	O
and	O
a	O
wide-brimmed	O
cowboy	O
hat	O
.	O

Cowboy	O
boots	B
,	O
which	O
have	O
pointed	O
toes	B
and	O
higher	O
heels	B
than	O
a	O
traditional	O
riding	B
boot	I
,	O
are	O
designed	O
to	O
prevent	O
the	O
rider	B
's	O
foot	B
from	O
slipping	O
through	O
the	O
stirrup	B
during	O
a	O
fall	O
,	O
preventing	O
the	O
rider	B
from	O
being	O
dragged—most	O
western	B
saddles	B
have	O
no	O
safety	B
bars	I
for	O
the	O
leathers	O
or	O
automatic	B
stirrup	I
release	I
mechanism	O
.	O

A	O
rider	B
may	O
wear	O
protective	O
leather	O
leggings	O
called	O
chaps	B
.	O

Clean	O
,	O
well-fitting	O
work	O
clothing	O
is	O
the	O
usual	O
outfit	O
seen	O
in	O
rodeo	B
,	O
cutting	B
and	O
reining	B
competitions	B
,	O
especially	O
for	O
men	O
,	O
though	O
sometimes	O
both	O
men	O
and	O
women	O
wear	O
brighter	O
colors	O
or	O
finer	O
fabrics	O
for	O
competition	B
than	O
for	O
work	O
.	O

Show	B
events	O
such	O
as	O
Western	B
pleasure	I
use	O
much	O
flashier	O
equipment	O
,	O
unlike	O
the	O
English	O
traditions	O
where	O
clothing	O
and	O
tack	B
is	O
quiet	O
and	O
unobtrusive	O
.	O

Saddles	B
,	O
bits	B
and	O
bridles	B
are	O
ornamented	O
with	O
substantial	O
amounts	O
of	O
silver	O
.	O

The	O
rider	B
may	O
add	O
a	O
jacket	O
or	O
vest	O
,	O
and	O
women	O
's	O
clothing	O
in	O
particular	O
features	O
vivid	O
colors	O
and	O
even	O
,	O
depending	O
on	O
current	O
fads	O
,	O
rhinestones	O
or	O
sequins	O
.	O

Western	B
horses	B
are	O
asked	O
to	O
have	O
a	O
brisk	O
,	O
ground-covering	O
walk	B
,	O
but	O
a	O
slow	O
,	O
relaxed	B
jog	B
trot	I
that	O
allows	O
the	O
rider	B
to	O
sit	B
the	O
saddle	B
and	O
not	O
post	B
.	O

The	O
Western	B
version	O
of	O
the	O
canter	B
is	O
called	O
a	O
lope	B
and	O
while	O
collected	B
and	O
balanced	B
,	O
is	O
expected	O
to	O
be	O
slow	O
and	O
relaxed	B
.	O

Working	O
western	B
horses	B
seldom	O
use	O
a	O
sustained	O
hand	B
gallop	I
,	O
but	O
must	O
be	O
able	O
to	O
accelerate	O
quickly	O
to	O
high	O
speed	O
when	O
chasing	O
cattle	O
or	O
competing	O
in	O
rodeo	B
speed	O
events	O
,	O
must	O
be	O
able	O
to	O
stop	O
quickly	O
from	O
a	O
dead	O
run	O
and	O
turn	O
on	O
a	O
dime	O
.	O

Harness	B

Horses	B
,	O
mules	O
and	O
donkeys	O
are	O
driven	B
in	O
harness	B
in	O
many	O
different	O
ways	O
.	O

For	O
working	O
purposes	O
,	O
they	O
can	O
pull	O
a	O
plow	O
or	O
other	O
farm	O
equipment	O
designed	O
to	O
be	O
pulled	O
by	O
animals	O
.	O

In	O
many	O
parts	O
of	O
the	O
world	O
they	O
still	O
pull	O
wagons	O
for	O
basic	O
hauling	O
and	O
transportation	O
.	O

They	O
may	O
draw	O
carriages	O
at	O
ceremonies	O
,	O
in	O
parades	O
or	O
for	O
tourist	O
rides	B
.	O

As	O
noted	O
in	O
horse	B
racing	O
above	O
,	O
horses	B
can	O
race	O
in	O
harness	B
,	O
pulling	O
a	O
very	O
lightweight	O
cart	O
known	O
as	O
a	O
sulky	B
.	O

At	O
the	O
other	O
end	O
of	O
the	O
spectrum	O
,	O
some	O
draft	O
horses	B
compete	O
in	O
horse	B
pulling	O
competitions	B
,	O
where	O
single	O
or	O
teams	O
of	O
horses	B
and	O
their	O
drivers	B
vie	O
to	O
determine	O
who	O
can	O
pull	O
the	O
most	O
weight	O
for	O
a	O
short	O
distance	O
.	O

In	O
horse	B
show	I
competition	B
,	O
the	O
following	O
general	O
categories	O
of	O
competition	B
are	O
seen	O
:	O

Combined	B
driving	I
,	O
an	O
internationally	O
recognized	O
competition	B
where	O
horses	B
perform	O
an	O
arena-based	B
dressage	B
class	O
where	O
precision	O
and	O
control	O
are	O
emphasized	O
,	O
a	O
cross-country	O
marathon	O
section	O
that	O
emphasizes	O
fitness	O
and	O
endurance	O
,	O
and	O
a	O
stadium	O
or	O
cones	O
obstacle	O
course	O
.	O

Draft	B
horse	I
showing	I
:	O
Most	O
draft	O
horse	B
performance	O
competition	B
is	O
done	O
in	O
harness	B
.	O

Pleasure	B
driving	I
:	O
Horses	B
and	O
ponies	B
are	O
usually	O
hitched	O
to	O
a	O
light	O
cart	O
shown	O
at	O
a	O
walk	B
and	O
two	O
speeds	O
of	O
trot	B
,	O
with	O
an	O
emphasis	O
on	O
manners	O
.	O

Fine	B
harness	I
:	O
Also	O
called	O
Formal	B
driving	I
,	O
Horses	B
are	O
hitched	O
to	O
a	O
light	O
four-wheeled	O
cart	O
and	O
shown	O
in	O
a	O
manner	O
that	O
emphasizes	O
flashy	O
action	O
and	O
dramatic	O
performance	O
.	O

Roadster	B
:	O
A	O
horse	B
show	I
competition	B
where	O
exhibitors	O
wear	O
racing	O
silks	O
and	O
ride	B
in	O
a	O
sulky	B
in	O
a	O
style	O
akin	O
to	O
harness	B
racing	I
,	O
only	O
without	O
actually	O
racing	O
,	O
but	O
rather	O
focusing	O
on	O
manners	O
and	O
performance	O
.	O

Carriage	B
driving	I
,	O
using	O
somewhat	O
larger	O
two	O
or	O
four	O
wheeled	O
carriages	O
,	O
often	O
restored	O
antiques	O
,	O
judged	B
on	O
the	O
turnout	O
/	O
neatness	O
or	O
suitability	O
of	O
horse	B
and	O
carriage	O
.	O

Rodeo	B

Main	O
article	O
:	O
Rodeo	B

Rodeo	B
events	O
include	O
the	O
following	O
forms	O
of	O
competition	B
:	O

Timed	O
events	O

Barrel	B
racing	I
and	O
pole	B
bending	I
–	O
the	O
timed	O
speed	O
and	O
agility	O
events	O
seen	O
in	O
rodeo	B
as	O
well	O
as	O
gymkhana	B
or	O
O-Mok-See	B
competition	B
.	O

Both	O
men	O
and	O
women	O
compete	O
in	O
speed	O
events	O
at	O
gymkhanas	B
or	O
O-Mok-Sees	B
;	O
however	O
,	O
at	O
most	O
professional	O
,	O
sanctioned	O
rodeos	B
,	O
barrel	B
racing	I
is	O
an	O
exclusively	O
women	O
's	O
sport	O
.	O

In	O
a	O
barrel	B
race	I
,	O
horse	B
and	O
rider	B
gallop	B
around	O
a	O
cloverleaf	O
pattern	O
of	O
barrels	O
,	O
making	O
agile	O
turns	O
without	O
knocking	O
the	O
barrels	O
over	O
.	O

In	O
pole	B
bending	I
,	O
horse	B
and	O
rider	B
run	O
the	O
length	O
of	O
a	O
line	O
of	O
six	O
upright	O
poles	O
,	O
turn	O
sharply	O
and	O
weave	O
through	O
the	O
poles	O
,	O
turn	O
again	O
and	O
weave	O
back	O
,	O
then	O
return	O
to	O
the	O
start	O
.	O

Steer	O
wrestling	O
–	O
Also	O
known	O
as	O
Bulldogging	O
,	O
this	O
is	O
a	O
rodeo	B
event	O
where	O
the	O
rider	B
jumps	O
off	O
his	O
horse	B
onto	O
a	O
steer	O
and	O
'	O
wrestles	O
'	O
it	O
to	O
the	O
ground	O
by	O
grabbing	O
it	O
by	O
the	O
horns	O
.	O

This	O
is	O
probably	O
the	O
single	O
most	O
physically	O
dangerous	O
event	O
in	O
rodeo	B
for	O
the	O
cowboy	O
,	O
who	O
runs	O
a	O
high	O
risk	O
of	O
jumping	O
off	O
a	O
running	O
horse	B
head	O
first	O
and	O
missing	O
the	O
steer	O
or	O
of	O
having	O
the	O
thrown	O
steer	O
land	O
on	O
top	O
of	O
him	O
,	O
sometimes	O
horns	O
first	O
.	O

Goat	O
tying	O
–	O
usually	O
an	O
event	O
for	O
women	O
or	O
pre-teen	O
girls	O
and	O
boys	O
,	O
a	O
goat	O
is	O
staked	O
out	O
while	O
a	O
mounted	B
rider	B
runs	O
to	O
the	O
goat	O
,	O
dismounts	O
,	O
grabs	O
the	O
goat	O
,	O
throws	O
it	O
to	O
the	O
ground	O
and	O
ties	O
it	O
in	O
the	O
same	O
manner	O
as	O
a	O
calf	O
.	O

This	O
event	O
was	O
designed	O
to	O
teach	O
smaller	O
or	O
younger	O
riders	B
the	O
basics	O
of	O
calf	O
roping	B
without	O
the	O
more	O
complex	O
need	O
to	O
also	O
lasso	O
the	O
animal	O
.	O

Roping	B

Roping	B
includes	O
a	O
number	O
of	O
timed	O
events	O
that	O
are	O
based	O
on	O
the	O
real-life	O
tasks	O
of	O
a	O
working	O
cowboy	O
,	O
who	O
often	O
had	O
to	O
capture	O
calves	O
and	O
adult	O
cattle	O
for	O
branding	O
,	O
medical	O
treatment	O
and	O
other	O
purposes	O
.	O

A	O
lasso	O
or	O
lariat	B
is	O
thrown	O
over	O
the	O
head	O
of	O
a	O
calf	O
or	O
the	O
horns	O
of	O
adult	O
cattle	O
,	O
and	O
the	O
animal	O
is	O
secured	O
in	O
a	O
fashion	O
dictated	O
by	O
its	O
size	O
and	O
age	O
.	O

Calf	O
roping	B
,	O
also	O
called	O
tie-down	O
roping	B
,	O
is	O
an	O
event	O
where	O
a	O
calf	O
is	O
roped	O
around	O
the	O
neck	B
by	O
a	O
lariat	B
,	O
the	O
horse	B
stops	O
and	O
sets	O
back	O
on	O
the	O
rope	O
while	O
the	O
cowboy	O
dismounts	O
,	O
runs	O
to	O
the	O
calf	O
,	O
throws	O
it	O
to	O
the	O
ground	O
and	O
ties	O
three	O
feet	B
together	O
.	O

(	O
If	O
the	O
horse	B
throws	O
the	O
calf	O
,	O
the	O
cowboy	O
must	O
lose	O
time	O
waiting	O
for	O
the	O
calf	O
to	O
get	O
back	O
to	O
its	O
feet	B
so	O
that	O
the	O
cowboy	O
can	O
do	O
the	O
work	O
.	O

The	O
job	O
of	O
the	O
horse	B
is	O
to	O
hold	O
the	O
calf	O
steady	O
on	O
the	O
rope	O
)	O
This	O
activity	O
is	O
still	O
practiced	O
on	O
modern	O
working	O
ranches	O
for	O
branding	O
,	O
medical	O
treatment	O
,	O
and	O
so	O
on	O
.	O

Team	B
roping	I
,	O
also	O
called	O
heading	B
and	I
heeling	I
,	O
is	O
the	O
only	O
rodeo	B
event	O
where	O
men	O
and	O
women	O
riders	B
may	O
compete	O
together	O
.	O

Two	O
people	O
capture	O
and	O
restrain	O
a	O
full-grown	O
steer	O
.	O

One	O
horse	B
and	O
rider	B
,	O
the	O
header	B
,	O
lassos	O
a	O
running	O
steer	O
's	O
horns	O
,	O
while	O
the	O
other	O
horse	B
and	O
rider	B
,	O
the	O
heeler	B
,	O
lassos	O
the	O
steer	O
's	O
two	O
hind	B
legs	I
.	O

Once	O
the	O
animal	O
is	O
captured	O
,	O
the	O
riders	B
face	O
each	O
other	O
and	O
lightly	O
pull	O
the	O
steer	O
between	O
them	O
,	O
so	O
that	O
it	O
loses	O
its	O
balance	B
,	O
thus	O
in	O
the	O
real	O
world	O
allowing	O
restraint	O
for	O
treatment	O
.	O

Breakaway	B
roping	I
–	O
an	O
easier	O
form	O
of	O
calf	O
roping	B
where	O
a	O
very	O
short	O
lariat	B
is	O
used	O
,	O
tied	O
lightly	O
to	O
the	O
saddle	B
horn	I
with	O
string	O
and	O
a	O
flag	O
.	O

When	O
the	O
calf	O
is	O
roped	O
,	O
the	O
horse	B
stops	O
,	O
allowing	O
the	O
calf	O
to	O
run	O
on	O
,	O
flagging	O
the	O
end	O
of	O
time	O
when	O
the	O
string	O
and	O
flag	O
breaks	O
from	O
the	O
saddle	B
.	O

In	O
the	O
United	O
States	O
,	O
this	O
event	O
is	O
primarily	O
for	O
women	O
of	O
all	O
ages	O
and	O
boys	O
under	O
12	O
,	O
while	O
in	O
some	O
nations	O
where	O
traditional	O
calf	O
roping	B
is	O
frowned	O
upon	O
,	O
riders	B
of	O
both	O
genders	O
compete	O
.	O

Rough	O
Stock	O
competition	B

In	O
spite	O
of	O
popular	O
myth	O
,	O
most	O
modern	O
broncs	B
are	O
not	O
in	O
fact	O
wild	O
horses	B
,	O
but	O
are	O
more	O
commonly	O
spoiled	O
riding	B
horses	I
or	O
horses	B
bred	B
specifically	O
as	O
bucking	B
stock	O
.	O

Bronc	O
riding	B
–	O
there	O
are	O
two	O
divisions	O
in	O
rodeo	B
,	O
bareback	B
bronc	O
riding	B
,	O
where	O
the	O
rider	B
rides	B
a	O
bucking	B
horse	B
holding	O
onto	O
a	O
leather	O
surcingle	B
or	O
rigging	O
with	O
only	O
one	O
hand	B
,	O
and	O
saddle	B
bronc	O
riding	B
,	O
where	O
the	O
rider	B
rides	B
a	O
modified	O
western	B
saddle	B
without	O
a	O
horn	B
(	O
for	O
safety	O
)	O
while	O
holding	O
onto	O
a	O
braided	O
lead	B
rope	I
attached	O
to	O
the	O
horse	B
's	O
halter	B
.	O

Bull	O
Riding	B
–	O
though	O
technically	O
not	O
an	O
equestrian	B
event	O
,	O
as	O
the	O
cowboys	O
ride	B
full-grown	O
bulls	O
instead	O
of	O
horses	B
,	O
skills	O
similar	O
to	O
bareback	B
bronc	O
riding	B
are	O
required	O
.	O

International	O
rodeo	B

Australian	O
rodeo	B

Chilean	O
rodeo	B

Other	O
equestrian	B
activities	O

There	O
are	O
many	O
other	O
forms	O
of	O
equestrian	B
activity	O
and	O
sports	O
seen	O
worldwide	O
.	O

There	O
are	O
both	O
competitive	O
events	O
and	O
pleasure	O
riding	B
disciplines	O
available	O
.	O

Arena	B
sports	O

Arena	B
polo	O
and	O
Cowboy	O
polo	O

Pato	B
(	O
Argentina	O
's	O
national	O
sport	O
)	O

Charreada	B
,	O
the	O
highest	O
form	O
of	O
Mexican	O
horsemanship	B
based	O
on	O
a	O
mixture	O
of	O
Spanish	O
and	O
Native	O
traditions	O
.	O

Equestrian	B
vaulting	B
:	O
In	O
vaulting	B
,	O
a	O
surcingle	B
with	O
two	O
hoops	O
at	O
the	O
top	O
is	O
attached	O
around	O
a	O
horse	B
's	O
barrel	B
.	O

The	O
horse	B
also	O
wears	O
a	O
bridle	B
with	O
side	B
reins	I
.	O

The	O
vaulter	B
is	O
longed	B
on	O
the	O
horse	B
,	O
and	O
performs	O
gymnastic	B
movements	B
while	O
the	O
horse	B
walks	B
,	O
trots	B
,	O
and	O
canters	B
.	O

Gymkhana	B
,	O
also	O
known	O
as	O
O-Mok-See	B
in	O
the	O
western	O
United	O
States	O
.	O

Reining	B

Horse	B
sports	O
that	O
use	O
cattle	O

Bullfighting	O
(	O
rejoneo	B
)	O

Campdrafting	B
,	O
a	O
type	O
of	O
cattle-working	O
competition	B
popular	O
in	O
Australia	O

Cutting	B

Team	O
penning	B

Working	O
cow	O
horse	B

Defined	O
area	O
sports	O

Buzkashi	B
,	O
a	O
sport	O
originating	O
on	O
the	O
steppes	O
of	O
central	O
Asia	O
,	O
now	O
the	O
national	O
sport	O
of	O
Afghanistan	O
and	O
Kyrgyzstan	O
.	O

Horseball	B

Jousting	B
and	O
Skill	B
at	I
Arms	I
,	O
events	O
involving	O
use	O
of	O
lances	O
,	O
swords	O
and	O
completion	O
of	O
obstacles	O
.	O

There	O
are	O
stand-alone	O
competitions	B
and	O
also	O
are	O
often	O
seen	O
at	O
historical	O
reenactments	O
,	O
Renaissance	O
Fairs	O
and	O
Society	O
for	O
Creative	O
Anachronism	O
events	O
.	O

Mounted	B
Games	I
,	O
a	O
sport	O
where	O
games	O
are	O
played	O
in	O
a	O
relay-style	O
with	O
two	O
to	O
five	O
members	O
per	O
team	O
at	O
very	O
high	O
speed	O

Polo	O
,	O
a	O
team	O
game	O
played	O
on	O
horses	B
,	O
involves	O
riders	B
using	O
a	O
long-handled	O
mallet	O
to	O
drive	O
a	O
ball	O
on	O
the	O
ground	O
into	O
the	O
opposing	O
team	O
's	O
goal	O
while	O
the	O
opposing	O
team	O
defends	O
their	O
goal	O

Polocrosse	B

Tent	B
pegging	I

Mounted	B
archery	O

Cross-country	O
sports	O

Competitive	O
Mounted	B
Orienteering	O
,	O
a	O
form	O
of	O
orienteering	O
on	O
horses	B
(	O
but	O
unrelated	O
to	O
orienteering	O
)	O
–	O
consists	O
of	O
three	O
stages	O
:	O
following	O
a	O
precise	O
route	O
marked	O
on	O
a	O
map	O
,	O
negotiation	O
of	O
obstacles	O
and	O
control	O
of	O
paces	O
.	O

Le	B
Trec	I
,	O
which	O
comprises	O
three	O
phases	O
–	O
trail	O
riding	B
,	O
with	O
jumping	B
and	O
correct	O
basic	O
flatwork	O
.	O

Le	B
Trec	I
,	O
which	O
is	O
very	O
popular	O
in	O
Europe	O
,	O
tests	O
the	O
partnership	O
's	O
ability	O
to	O
cope	O
with	O
an	O
all-day	O
ride	B
across	O
varied	O
terrain	O
,	O
route	O
finding	O
,	O
negotiating	O
natural	O
obstacles	O
and	O
hazards	O
,	O
while	O
considering	O
the	O
welfare	O
of	O
the	O
horse	B
,	O
respecting	O
the	O
countryside	O
and	O
enjoying	O
all	O
it	O
has	O
to	O
offer	O
.	O

Competitive	O
trail	O
riding	B
,	O
a	O
pace	O
race	O
held	O
across	O
terrain	O
similar	O
to	O
endurance	B
riding	B
,	O
but	O
shorter	O
in	O
length	O
(	O
25	O
–	O
35	O
miles	O
(	O
56	O
km	O
)	O
,	O
depending	O
on	O
class	O
)	O
.	O

Being	O
a	O
form	O
of	O
pace	O
race	O
,	O
the	O
objective	O
is	O
not	O
to	O
finish	O
in	O
the	O
least	O
time	O
.	O

Instead	O
,	O
as	O
in	O
other	O
forms	O
of	O
judged	B
trail	O
riding	B
,	O
each	O
competitor	O
is	O
graded	O
on	O
everything	O
including	O
physical	O
condition	O
,	O
campsite	O
and	O
horse	B
management	O
.	O

Horsemanship	B
also	O
is	O
considered	O
,	O
including	O
how	O
the	O
rider	B
handles	O
the	O
trail	O
and	O
how	O
horse	B
is	O
handled	O
and	O
presented	O
to	O
the	O
judge	B
and	O
vet	O
throughout	O
the	O
ride	B
.	O

The	O
horse	B
is	O
graded	O
on	O
performance	O
,	O
manners	O
,	O
etc.	O
Pulse	O
and	O
respiration	O
stops	O
check	O
the	O
horse	B
's	O
recovery	O
ability	O
.	O

The	O
judges	B
also	O
set	O
up	O
obstacles	O
along	O
the	O
trail	O
and	O
the	O
horse	B
and	O
rider	B
are	O
graded	O
on	O
how	O
well	O
they	O
perform	O
as	O
a	O
team	O
.	O

The	O
whole	O
point	O
is	O
the	O
partnership	O
between	O
the	O
horse	B
and	O
rider	B
.	O

Cross	O
Country	O
Jumping	B
,	O
a	O
jumping	B
course	O
that	O
contains	O
logs	O
and	O
natural	O
obstacles	O
mostly	O
.	O

The	O
common	O
clothes	O
worn	O
are	O
usually	O
brighter	O
colors	O
and	O
less	O
conservative	O
.	O

Endurance	B
riding	B
,	O
a	O
competition	B
usually	O
of	O
50	O
to	O
100	O
miles	O
(	O
160	O
km	O
)	O
or	O
more	O
,	O
over	O
mountainous	O
or	O
other	O
natural	O
terrain	O
,	O
with	O
scheduled	O
stops	O
to	O
take	O
the	O
horses	B
'	O
vital	O
signs	O
,	O
check	O
soundness	O
and	O
verify	O
that	O
the	O
horse	B
is	O
fit	O
to	O
continue	O
.	O

The	O
first	O
horse	B
to	O
finish	O
and	O
be	O
confirmed	O
by	O
the	O
veterinarian	O
as	O
fit	O
to	O
continue	O
is	O
the	O
winner	O
.	O

Additional	O
awards	O
are	O
usually	O
given	O
to	O
the	O
best-conditioned	O
horses	B
who	O
finish	O
in	O
the	O
top	O
10	O
.	O

Fox	O
hunting	O

Hacking	B
,	O
or	O
pleasure	O
riding	B
.	O

Hunter	B
Pacing	I
is	O
a	O
sport	O
where	O
a	O
horse	B
and	O
rider	B
team	O
travel	O
a	O
trail	O
at	O
speeds	O
based	O
the	O
ideal	O
conditions	O
for	O
the	O
horse	B
,	O
with	O
competitors	O
seeking	O
to	O
ride	B
closest	O
to	O
that	O
perfect	O
time	O
.	O

Hunter	B
paces	I
are	O
usually	O
held	O
in	O
a	O
series	O
.	O

Hunter	B
paces	I
are	O
usually	O
a	O
few	O
miles	O
long	O
and	O
covered	O
mostly	O
at	O
a	O
canter	B
or	O
gallop	B
.	O

The	O
horsemanship	B
and	O
management	O
skills	O
of	O
the	O
rider	B
are	O
also	O
considered	O
in	O
the	O
scoring	O
,	O
and	O
periodic	O
stops	O
are	O
required	O
for	O
veterinarians	O
to	O
check	O
the	O
vital	O
signs	O
and	O
overall	O
soundness	O
of	O
the	O
horses	B
.	O

Ride	B
and	I
Tie	I
is	O
a	O
form	O
of	O
endurance	B
riding	B
in	O
which	O
teams	O
of	O
3	O
(	O
two	O
humans	O
and	O
one	O
horse	B
)	O
alternate	O
running	O
and	O
riding	B
.	O

Steeplechase	B
,	O
a	O
distance	O
horse	B
race	O
with	O
diverse	O
fence	O
and	O
ditch	O
obstacles	O
.	O

Trail	O
Riding	B
,	O
pleasure	O
riding	B
any	O
breed	B
horse	B
,	O
any	O
style	O
across	O
the	O
land	O
.	O

Health	O
issues	O

This	O
section	O
needs	O
expansion	O
.	O

You	O
can	O
help	O
by	O
adding	O
to	O
it	O
.	O

(	O
January	O
2009	O
)	O

Handling	O
,	O
riding	B
and	O
driving	B
horses	B
has	O
a	O
number	O
of	O
health	O
risks	O
.	O

Riding	B
has	O
some	O
inherent	O
risks	O
,	O
as	O
when	O
mounted	B
,	O
the	O
rider	B
's	O
head	B
may	O
be	O
up	O
to	O
4	O
m	O
(	O
13	O
ft	O
)	O
from	O
the	O
ground	O
,	O
and	O
the	O
horse	B
may	O
travel	O
at	O
a	O
speed	O
of	O
up	O
to	O
65	O
km	O
/	O
h	O
(	O
40	O
mph	O
)	O
.	O

The	O
injuries	O
observed	O
range	O
from	O
very	O
minor	O
injuries	O
to	O
fatalities	O
.	O

A	O
study	O
in	O
Germany	O
reported	O
that	O
the	O
relative	O
risk	O
of	O
injury	O
from	O
riding	B
a	O
horse	B
,	O
compared	O
to	O
riding	B
a	O
bicycle	O
,	O
was	O
9	O
times	O
higher	O
for	O
adolescents	O
and	O
5.6	O
times	O
higher	O
for	O
younger	O
children	O
,	O
but	O
that	O
riding	B
a	O
horse	B
was	O
less	O
risky	O
than	O
riding	B
a	O
moped	O
.	O

In	O
the	O
United	O
States	O
each	O
year	O
an	O
estimated	O
30	O
million	O
people	O
ride	B
horses	B
,	O
resulting	O
in	O
50,000	O
emergency	O
room	O
visits	O
(	O
1	O
visit	O
per	O
600	O
riders	B
per	O
year	O
)	O
.	O

Among	O
survey	O
respondents	O
,	O
novice	O
equestrians	B
had	O
an	O
incidence	O
of	O
any	O
injury	O
that	O
was	O
threefold	O
over	O
intermediates	O
,	O
fivefold	O
over	O
advanced	O
equestrians	B
,	O
and	O
nearly	O
eightfold	O
over	O
professionals	O
.	O

Approximately	O
100	O
hours	O
of	O
experience	O
are	O
required	O
to	O
achieve	O
a	O
substantial	O
decline	O
in	O
the	O
risk	O
of	O
injury	O
.	O

The	O
survey	O
authors	O
conclude	O
that	O
efforts	O
to	O
prevent	O
equestrian	B
injury	O
should	O
focus	O
on	O
novice	O
equestrians	B
.	O

Mechanisms	O
of	O
injury	O

The	O
most	O
common	O
injury	O
is	O
falling	O
from	O
the	O
horse	B
,	O
followed	O
by	O
being	O
kicked	B
,	O
trampled	O
and	O
bitten	O
.	O

About	O
3	O
out	O
of	O
4	O
injuries	O
are	O
due	O
to	O
falling	O
,	O
broadly	O
defined	O
.	O

Types	O
and	O
severity	O
of	O
injury	O

In	O
Canada	O
,	O
a	O
10-year	O
study	O
of	O
trauma	O
center	O
patients	O
injured	O
while	O
riding	B
reported	O
that	O
although	O
48	O
%	O
had	O
suffered	O
head	B
injuries	O
,	O
only	O
9	O
%	O
of	O
these	O
riders	B
had	O
been	O
wearing	O
helmets	B
at	O
the	O
time	O
of	O
their	O
accident	O
.	O

Other	O
injuries	O
involved	O
the	O
chest	B
(	O
54	O
%	O
)	O
,	O
abdomen	B
(	O
22	O
%	O
)	O
and	O
extremities	O
(	O
17	O
%	O
)	O
.	O

include	O
:	O

Arm	B
fracture	O
or	O
dislocation	O
(	O
31	O
%	O
)	O

Head	B
injury	O
(	O
21	O
%	O
)	O

Leg	B
fracture	O
or	O
dislocation	O
(	O
15	O
%	O
)	O

Chest	B
injury	O
(	O
33	O
%	O
)	O

Among	O
36	O
members	O
and	O
employees	O
of	O
the	O
Hong	O
Kong	O
Jockey	B
Club	O
who	O
were	O
seen	O
in	O
a	O
trauma	O
center	O
during	O
a	O
period	O
of	O
5	O
years	O
,	O
24	O
fell	O
from	O
horses	B
and	O
11	O
were	O
kicked	B
by	O
the	O
horse	B
.	O

Injuries	O
comprised	O
:	O
18	O
torso	O
;	O
11	O
head	B
,	O
face	O
or	O
neck	B
;	O
and	O
11	O
limb	O
.	O

The	O
authors	O
of	O
this	O
study	O
recommend	O
that	O
helmets	B
,	O
face	O
shields	O
and	O
body	B
protectors	I
be	O
worn	O
when	O
riding	B
or	O
handling	O
horses	B
.	O

In	O
New	O
South	O
Wales	O
,	O
Australia	O
,	O
a	O
study	O
of	O
equestrians	B
seen	O
at	O
one	O
hospital	O
over	O
a	O
6-year	O
period	O
found	O
that	O
81	O
%	O
were	O
wearing	O
a	O
helmet	B
at	O
the	O
time	O
of	O
injury	O
,	O
and	O
that	O
helmet	B
use	O
both	O
increased	O
over	O
time	O
and	O
was	O
correlated	O
with	O
a	O
lower	O
rate	O
of	O
admission	O
.	O

In	O
the	O
United	O
States	O
,	O
an	O
analysis	O
of	O
National	O
Electronic	O
Injury	O
Surveillance	O
System	O
(	O
NEISS	O
)	O
data	O
performed	O
by	O
the	O
Equestrian	B
Medical	O
Safety	O
Association	O
studied	O
78,279	O
horse-related	B
injuries	O
in	O
2007	O
:	O
The	O
most	O
common	O
injuries	O
included	O
fractures	O
(	O
28.5	O
%	O
)	O
;	O
contusions	O
/	O
abrasions	O
(	O
28.3	O
%	O
)	O
;	O
strain	O
/	O
sprain	O
(	O
14.5	O
%	O
)	O
;	O
internal	O
injury	O
(	O
8.1	O
%	O
)	O
;	O
lacerations	O
(	O
5.7	O
%	O
)	O
;	O
concussions	O
(	O
4.6	O
%	O
)	O
;	O
dislocations	O
(	O
1.9	O
%	O
)	O
;	O
and	O
hematomas	O
(	O
1.2	O
%	O
)	O
.	O

Most	O
frequent	O
injury	O
sites	O
are	O
the	O
lower	O
trunk	O
(	O
19.6	O
%	O
)	O
;	O
head	B
(	O
15.0	O
%	O
)	O
;	O
upper	O
trunk	O
(	O
13.4	O
%	O
)	O
;	O
shoulder	B
(	O
8.2	O
%	O
)	O
;	O
and	O
wrist	B
(	O
6.8	O
%	O
)	O
.	O

Within	O
this	O
study	O
patients	O
were	O
treated	O
and	O
released	O
(	O
86.2	O
%	O
)	O
,	O
were	O
hospitalized	O
(	O
8.7	O
%	O
)	O
,	O
were	O
transferred	B
(	O
3.6	O
%	O
)	O
,	O
left	O
without	O
being	O
treated	O
(	O
0.8	O
%	O
)	O
,	O
remained	O
for	O
observation	O
(	O
0.6	O
%	O
)	O
and	O
arrived	O
at	O
the	O
hospital	O
deceased	O
(	O
0.1	O
%	O
)	O
.	O

Head	B
injuries	O

Horseback	B
riding	I
is	O
one	O
of	O
the	O
most	O
dangerous	O
sports	O
,	O
especially	O
in	O
relation	O
to	O
head	B
injury	O
.	O

Statistics	O
from	O
the	O
United	O
States	O
,	O
for	O
example	O
,	O
indicate	O
that	O
about	O
30	O
million	O
people	O
ride	B
horses	B
annually	O
.	O

Head	B
injuries	O
are	O
especially	O
traumatic	O
in	O
horseback	B
riding	I
.	O

About	O
two-thirds	O
of	O
all	O
riders	B
requiring	O
hospitalization	O
after	O
a	O
fall	O
have	O
sustained	O
a	O
traumatic	O
brain	O
injury	O
.	O

The	O
use	O
of	O
riding	B
helmets	I
substantially	O
decreases	O
the	O
likelihood	O
and	O
severity	O
of	O
head	B
injuries	O
.	O

When	O
a	O
rider	B
falls	O
with	O
a	O
helmet	B
,	O
he	O
or	O
she	O
is	O
five	O
times	O
less	O
likely	O
to	O
experience	O
a	O
traumatic	O
brain	O
injury	O
than	O
a	O
rider	B
who	O
falls	O
without	O
a	O
helmet	B
.	O

Once	O
a	O
helmet	B
has	O
sustained	O
an	O
impact	O
from	O
falling	O
,	O
that	O
part	O
of	O
the	O
helmet	B
is	O
structurally	O
weakened	O
,	O
even	O
if	O
no	O
visible	O
damage	O
is	O
present	O
.	O

Rules	O
on	O
helmet	B
use	O
in	O
competition	B

Many	O
organizations	O
mandate	O
helmet	B
use	O
in	O
competition	B
or	O
on	O
show	B
grounds	I
,	O
and	O
rules	O
have	O
continually	O
moved	O
in	O
the	O
direction	O
of	O
requiring	O
helmet	B
use	O
.	O

In	O
2011	O
,	O
the	O
United	O
States	O
Equestrian	B
Federation	O
passed	O
a	O
rule	O
making	O
helmet	B
use	O
mandatory	O
while	O
mounted	B
on	O
competition	B
grounds	O
at	O
U.S.	O
nationally	O
rated	O
eventing	B
competitions	B
.	O

If	O
a	O
rider	B
competing	O
at	O
Prix	B
St.	I
Georges	I
and	O
above	O
is	O
also	O
riding	B
a	O
test	B
at	O
Fourth	B
Level	I
or	O
below	O
,	O
he	O
or	O
she	O
must	O
also	O
wear	O
a	O
helmet	B
at	O
all	O
times	O
while	O
mounted	B
.	O

Riding	B
astride	I

The	O
idea	O
that	O
riding	B
a	O
horse	B
astride	O
could	O
injure	O
a	O
woman	O
's	O
sex	O
organs	O
is	O
a	O
historic	O
,	O
but	O
sometimes	O
popular	O
even	O
today	O
,	O
misunderstanding	O
or	O
misconception	O
,	O
particularly	O
that	O
riding	B
astride	I
can	O
damage	O
the	O
hymen.	O
the	O
relevance	O
of	O
these	O
findings	O
to	O
horse	B
riding	I
is	O
unknown	O
.	O

In	O
men	O
,	O
sports-related	O
injuries	O
are	O
among	O
the	O
major	O
causes	O
of	O
testicular	O
trauma	O
.	O

In	O
a	O
small	O
controlled	O
but	O
unblinded	O
study	O
of	O
52	O
men	O
,	O
varicocele	O
was	O
significantly	O
more	O
common	O
in	O
equestrians	B
than	O
in	O
non-equestrians	B
.	O

Criticism	O
of	O
horses	B
in	O
sport	O

See	O
also	O
:	O
Horse	B
racing	O
and	O
Rodeo	B

Organized	O
welfare	O
groups	O
,	O
such	O
as	O
the	O
Humane	O
Society	O
of	O
the	O
United	O
States	O
,	O
and	O
animal	O
rights	O
groups	O
such	O
as	O
People	O
for	O
the	O
Ethical	O
Treatment	O
of	O
Animals	O
,	O
have	O
been	O
known	O
to	O
criticise	O
some	O
horse	B
sports	O
with	O
claims	O
of	O
animal	O
cruelty	O
.	O

Horse	B
racing	O
is	O
a	O
popular	O
equestrian	B
sport	O
which	O
is	O
practiced	O
in	O
many	O
nations	O
around	O
the	O
world	O
.	O

It	O
is	O
inextricably	O
associated	O
with	O
gambling	O
,	O
where	O
in	O
certain	O
events	O
,	O
stakes	O
can	O
become	O
very	O
high	O
.	O

Despite	O
its	O
illegality	O
in	O
most	O
competitions	B
,	O
these	O
conditions	O
of	O
extreme	O
competitiveness	O
can	O
lead	O
to	O
the	O
use	O
of	O
performing-enhancing	O
drugs	O
and	O
extreme	O
training	B
techniques	O
,	O
which	O
can	O
result	O
in	O
negative	O
side	O
effects	O
for	O
the	O
horses	B
'	O
well-being	O
.	O

The	O
races	O
themselves	O
have	O
also	O
proved	O
dangerous	O
to	O
the	O
horses	B
–	O
especially	O
steeplechasing	B
,	O
which	O
requires	O
the	O
horse	B
to	O
jump	B
hurdles	O
whilst	O
galloping	B
at	O
full	O
speed	O
.	O

This	O
can	O
result	O
in	O
injury	O
or	O
death	O
to	O
the	O
horse	B
,	O
as	O
well	O
as	O
the	O
jockey	B
.	O

Animal	O
rights	O
groups	O
are	O
also	O
primarily	O
concerned	O
that	O
certain	O
sports	O
or	O
training	B
exercises	B
may	O
cause	O
unnecessary	O
pain	O
or	O
injuries	O
to	O
horse	B
athletes	O
.	O

Some	O
specific	O
training	B
or	O
showing	O
practices	O
are	O
so	O
widely	O
condemned	O
that	O
they	O
have	O
been	O
made	O
illegal	O
at	O
the	O
national	O
level	O
and	O
violations	O
can	O
incur	O
criminal	O
penalties	O
.	O

The	O
most	O
well-known	O
is	O
soring	B
,	O
a	O
practice	O
of	O
applying	O
a	O
caustic	O
ointment	O
just	O
above	O
the	O
hooves	B
of	O
a	O
Tennessee	B
Walking	I
Horse	I
to	O
make	O
it	O
pick	O
up	O
its	O
feet	B
higher	O
.	O

However	O
,	O
in	O
spite	O
of	O
a	O
federal	O
law	O
in	O
the	O
United	O
States	O
prohibiting	O
this	O
practice	O
and	O
routine	O
inspections	O
of	O
horse	B
shows	I
by	O
inspectors	O
from	O
the	O
United	O
States	O
Department	O
of	O
Agriculture	O
,	O
soring	B
is	O
still	O
widespread	O
and	O
difficult	O
to	O
eliminate	O
.	O

Secondary	O
effects	O
of	O
racing	O
have	O
also	O
recently	O
been	O
uncovered	O
.	O

A	O
2006	O
investigation	O
by	O
The	O
Observer	O
in	O
the	O
UK	O
found	O
that	O
each	O
year	O
6,000–10,000	O
horses	B
are	O
slaughtered	O
for	O
consumption	O
abroad	O
,	O
a	O
significant	O
proportion	O
of	O
which	O
are	O
horses	B
bred	B
for	O
racing	O
.	O

Horse	B
riding	I
on	O
coinage	O

Horse	B
riding	I
events	O
have	O
been	O
selected	O
as	O
a	O
main	O
motif	O
in	O
numerous	O
collectors	O
'	O
coins	O
.	O

One	O
of	O
the	O
recent	O
samples	O
is	O
the	O
€10	O
Greek	O
Horse	B
Riding	I
commemorative	O
coin	O
,	O
minted	O
in	O
2003	O
to	O
commemorate	O
the	O
2004	O
Summer	O
Olympics	O
.	O

On	O
the	O
composition	O
of	O
the	O
obverse	O
of	O
this	O
coin	O
,	O
the	O
modern	O
horseman	B
is	O
pictured	O
as	O
he	O
jumps	B
over	O
an	O
obstacle	O
,	O
while	O
in	O
the	O
background	O
the	O
ancient	O
horseman	B
is	O
inspired	O
by	O
a	O
representation	O
on	O
a	O
black-figure	O
vase	O
of	O
the	O
5th	O
century	O
BC	O
.	O

For	O
the	O
2012	O
Olympics	O
,	O
the	O
Royal	O
Mint	O
has	O
produced	O
a	O
50p	O
coin	O
showing	O
a	O
horse	B
jumping	B
a	O
fence	O
.	O

A	O
mounted	B
rider	B
from	O
the	O
Royal	O
Canadian	O
Mounted	B
Police	O
is	O
featured	O
on	O
a	O
1973	O
Canadian	O
quarter	O
dollar	O
coin	O
.	O

