Preparing	O
the	O
Young	O
Dressage	B
Horse	I
for	O
Success	O

Experts	O
discuss	O
the	O
weanling-to-3-year-old	O
stage	O

Just	O
as	O
we	O
carefully	O
prepare	O
young	O
children	O
for	O
school	O
and	O
life	O
by	O
playing	O
with	O
them	O
,	O
teaching	O
them	O
lessons	O
and	O
taking	O
them	O
on	O
excursions	O
,	O
young	O
horses	B
need	O
a	O
similar	O
education	O
.	O

There	O
are	O
enormous	O
lessons	O
to	O
be	O
learned	O
before	O
the	O
young	O
horse	B
is	O
backed	B
.	O

The	O
traditional	O
approach	O
is	O
to	O
leave	O
youngsters	O
out	O
in	O
a	O
herd	B
for	O
two	O
to	O
three	O
years	O
with	O
occasional	O
handling	O
before	O
bringing	O
them	O
into	O
the	O
human	O
world	O
to	O
be	O
backed	B
.	O

However	O
,	O
Canadian	O
Grand	B
Prix	I
dressage	B
rider	I
Shannon	O
Dueck	O
points	O
out	O
,	O
You	O
are	O
then	O
counting	O
on	O
the	O
breeding	B
to	O
determine	O
their	O
trainability	B
,	O
and	O
they	O
have	O
to	O
learn	O
about	O
people	O
,	O
stables	B
and	O
ground	B
manners	I
in	O
a	O
very	O
short	O
period	O
of	O
time	O
.	O

That	O
's	O
a	O
big	O
change	O
for	O
them	O
and	O
can	O
be	O
quite	O
stressful	O
.	O

It	O
can	O
be	O
argued	O
that	O
the	O
early	O
years	O
should	O
not	O
be	O
wasted	O
.	O

In	O
Part	O
1	O
of	O
this	O
two-part	O
series	O
,	O
we	O
learn	O
how	O
early	O
lessons	O
provide	O
the	O
first	O
steps	O
in	O
establishing	O
trust	O
in	O
humans	O
,	O
influencing	O
the	O
young	O
horse	B
's	O
natural	O

instinct	O
to	O
flee	O
.	O

Case	O
Study	O
:	O
MW	O
Angelika	O

The	O
critical	O
kindergarten	O
years	O
,	O
from	O
six	O
months	O
to	O
3	O
years	O
,	O
can	O
determine	O
how	O
the	O
horse	B
will	O
behave	O
for	O
the	O
rest	O
of	O
his	O
life	O
.	O

For	O
her	O
talented	O
filly	B
,	O
MW	O
Angelika	O
(	O
Angel	O
)	O
,	O
Dueck	O
wants	O
to	O
stack	O
the	O
deck	O
for	O
trainability	B
.	O

When	O
breeding	B
her	O
Grand	B
Prix	I
dressage	B
mare	I
Ayscha	O
,	O
in	O
2014	O
,	O
Dueck	O
turned	O
to	O
Jen	O
Vanover	O
of	O
Maplewood	O
Warmbloods	B
,	O
in	O
Middletown	O
,	O
New	O
York	O
.	O

Vanover	O
selected	O
the	O
Hanoverian	B
stallion	B
Franziskus	O
as	O
having	O
the	O
best	O
chance	O
to	O
complement	O
Ayscha	O
and	O
make	O
the	O
most	O
improvements	O
.	O

Once	O
Angel	O
was	O
born	O
and	O
Dueck	O
saw	O
the	O
filly	B
's	O
potential	O
,	O
three	O
of	O
her	O
long-time	O
clients	O
joined	O
her	O
to	O
form	O
a	O
syndicate	O
,	O
Ayscha	O
's	O
Angels	O
,	O
to	O
support	O
Angel	O
's	O
journey	O
of	O
training	B
to	O
Grand	B
Prix	I
.	O

Angel	O
was	O
enrolled	O
in	O
the	O
Young	O
Horse	B
Rearing	O
Program	O
at	O
Greengate	O
Farm	O
in	O
New	O
Braintree	O
,	O
Massachusetts	O
.	O

Established	O
in	O
1989	O
by	O
Rachel	O
Ehrlich	O
and	O
her	O
husband	O
,	O
Warren	O
,	O
the	O
facility	O
focuses	O
on	O
breeding	B
premium-quality	O
Hanoverian	B
sport	B
horses	I
and	O
training	B
youngsters	O
.	O

Ehrlich	O
's	O
systematic	O
approach	O
to	O
learning	O
starts	O
when	O
the	O
foal	B
is	O
2	O
days	O
old	O
and	O
a	O
halter	B
is	O
put	O
on	O
.	O

Gradually	O
,	O
step	O
by	O
step	O
,	O
lessons	O
are	O
introduced	O
over	O
the	O
next	O
three	O
years	O
in	O
preparation	O
for	O
backing	B
and	O
riding	B
.	O

The	O
No.	O
1	O
goal	O
is	O
to	O
establish	O
trust	O
with	O
humans	O
.	O

This	O
is	O
achieved	O
through	O
relaxation	B
and	O
creating	O
a	O
positive	O
mindset	O
for	O
learning	O
.	O

When	O
Angel	O
arrived	O
at	O
Greengate	O
Farm	O
as	O
a	O
weanling	O
,	O
she	O
had	O
not	O
developed	O
her	O
frame	O
of	O
reference	O
to	O
people	O
,	O
says	O
Ehrlich	O
.	O

She	O
was	O
sensitive	O
and	O
always	O
on	O
alert	O
like	O
her	O
dam	B
.	O

Angel	O
showed	O
this	O
through	O
resistance	O
in	O
her	O
body	O
language	O
with	O
her	O
head	B
up	O
,	O
back	B
tense	O
and	O
hiding	O
in	O
corners	O
.	O

Ehrlich	O
explains	O
:	O
It	O
was	O
as	O
if	O
she	O
was	O
saying	O
,	O
'	O
This	O
is	O
difficult	O
for	O
me	O
to	O
focus	O
on	O
with	O
you	O
.	O

I	O
do	O
n't	O
know	O
if	O
I	O
want	O
to	O
do	O
this	O
now	O
.	O

I	O
want	O
to	O
go	O
back	O
to	O
my	O
friends	O
.	O
'	O

Ehrlich	O
and	O
her	O
assistant	O
,	O
Michaela	O
Dupuis	O
,	O
started	O
Angel	O
with	O
short	O
sessions	O
of	O
five	O
to	O
10	O
minutes	O
,	O
sometimes	O
twice	O
a	O
day	O
,	O
at	O
first	O
just	O
standing	O
near	O
the	O
filly	B
to	O
build	O
trust	O
and	O
confidence	O
.	O

Then	O
they	O
'd	O
touch	O
her	O
and	O
put	O
her	O
halter	B
on	O
and	O
take	O
it	O
off	O
.	O

Angel	O
learned	O
to	O
be	O
in	O
a	O
safe	O
space	O
with	O
us	O
for	O
grooming	B
,	O
body	O
work	O
,	O
picking	O
up	O
her	O
legs	B
and	O
leading	B
,	O
first	O
in	O
her	O
stall	B
then	O
in	O
an	O
adjoining	O
paddock	B
,	O
says	O
Ehrlich	O
.	O

Like	O
many	O
youngsters	O
,	O
Angel	O
was	O
going	O
through	O
a	O
process	O
of	O
development	O
and	O
learning	O
wihout	O
the	O
mother	O
's	O
support	O
.	O

Early	O
Lessons	O

The	O
early	O
lessons	O
consist	O
of	O
piggybacking	O
,	O
or	O
doing	O
a	O
little	O
at	O
a	O
time	O
to	O
create	O
trust	O
.	O

If	O
a	O
young	O
horse	B
trusts	O
me	O
in	O
something	O
,	O
then	O
OK	O
,	O
let	O
's	O
do	O
something	O
else	O
,	O
Ehrlich	O
explains	O
.	O

If	O
problems	O
arise	O
,	O
we	O
do	O
n't	O
get	O
upset	O
.	O

We	O
just	O
decrease	O
the	O
stimulus	O
and	O
go	O
back	O
to	O
the	O
trust	O
/	O
safety	O
zone	O
.	O

We	O
increase	O
and	O
then	O
decrease	O
the	O
stimuli	O
.	O

Leading	B
.	O

For	O
Angel	O
's	O
leading	B
lessons	O
,	O
two	O
handlers	B
were	O
involved	O
and	O
a	O
cotton	O
lead	B
rope	I
was	O
used	O
.	O

A	O
chain	O
is	O
inappropriate	O
for	O
a	O
yearling	B
,	O
but	O
if	O
you	O
need	O
extra	O
reinforcements	O
,	O
you	O
can	O
place	O
Vetwrap	O
over	O
the	O
chain	O
to	O
make	O
it	O
less	O
severe	O
and	O
then	O
take	O
the	O
chain	O
over	O
the	O
nose	B
and	O
diagonally	O
across	O
and	O
under	O
the	O
chin	B
to	O
stabilize	O
the	O
halter	B
.	O

If	O
extra	O
control	O
is	O
needed	O
,	O
never	O
severely	O
shank	O
the	O
youngster	O
because	O
it	O
can	O
lead	O
to	O
head	B
shying	I
or	O
rearing	B
.	O

Angel	O
was	O
quick	O
to	O
learn	O
the	O
leading	B
lesson	O
.	O

However	O
,	O
if	O
a	O
youngster	O
refuses	O
to	O
go	O
forward	O
,	O
pulling	O
on	O
the	O
lead	O
creates	O
pressure	O
behind	O
the	O
poll	B
,	O
causing	O
panic	O
,	O
and	O
using	O
a	O
whip	B
can	O
incite	O
fear	O
.	O

Instead	O
,	O
one	O
handler	B
stands	O
at	O
the	O
head	B
and	O
the	O
other	O
at	O
the	O
side	O
,	O
pushing	O
the	O
youngster	O
forward	O
with	O
a	O
hand	B
on	O
the	O
thigh	B
or	O
by	O
using	O
a	O
butt	B
rope	I
.	O

Take	O
a	O
second	O
lead	B
rope	I
long	O
enough	O
to	O
cross	O
over	O
the	O
youngster	O
's	O
back	B
and	O
pass	O
it	O
under	O
the	O
tail	B
to	O
lie	O
over	O
the	O
thighs—creating	B
a	O
figure	O
eight—and	O
apply	O
gentle	O
pressure	O
.	O

Be	O
sure	O
the	O
youngster	O
accepts	O
being	O
touched	O
before	O
introducing	O
the	O
butt	B
rope	I
.	O

If	O
the	O
youngster	O
still	O
refuses	O
to	O
go	O
forward	O
,	O
try	O
moving	O
in	O
a	O
zigzag	O
line	O
,	O
as	O
a	O
bent	O
neck	B
makes	O
it	O
harder	O
to	O
resist	O
.	O

If	O
the	O
youngster	O
stops	O
,	O
do	O
n't	O
give	O
in	O
,	O
just	O
repeat	O
the	O
process	O
.	O

Tying	O
.	O

Angel	O
systematically	O
learned	O
to	O
be	O
tied	O
and	O
to	O
stand	O
still	O
.	O

While	O
eating	O
,	O
she	O
was	O
initially	O
restrained	O
with	O
the	O
lead	O
only	O
looped	O
through	O
the	O
wall	O
ring	O
in	O
her	O
stall	B
in	O
case	O
she	O
panicked	O
and	O
pulled	O
back	O
.	O

Later	O
,	O
the	O
lead	O
was	O
tied	O
in	O
a	O
quick-release	O
knot	O
for	O
short	O
periods	O
with	O
someone	O
nearby	O
.	O

Standing	O
.	O

Angel	O
learned	O
to	O
stand	O
and	O
understand	O
voice	O
commands	O
of	O
whoa	O
or	O
stand	O
together	O
with	O
a	O
slight	O
tug	O
on	O
the	O
lead	O
.	O

If	O
Angel	O
moved	O
,	O
she	O
was	O
immediately	O
corrected	O
,	O
returned	O
to	O
the	O
designated	O
spot	O
and	O
the	O
voice	O
command	O
repeated	O
.	O

She	O
had	O
to	O
stand	O
for	O
only	O
a	O
few	O
seconds	O
before	O
being	O
praised	B
and	O
then	O
led	O
forward	O
again	O
.	O

Over	O
time	O
,	O
she	O
stood	O
for	O
longer	O
periods	O
.	O

Piggybacking	O
is	O
incremental	O
,	O
using	O
baby	O
steps	O
all	O
the	O
way	O
.	O

Blanketing	O
.	O

Ehrlich	O
introduces	O
all	O
her	O
foals	B
to	O
the	O
blanket	O
,	O
and	O
Angel	O
needed	O
only	O
a	O
quick	O
introduction	O
.	O

First	O
she	O
sniffed	O
it	O
,	O
then	O
it	O
touched	O
her	O
shoulder	B
and	O
was	O
stroked	O
over	O
her	O
neck	B
,	O
legs	B
and	O
back	B
.	O

The	O
blanket	O
was	O
then	O
folded	O
into	O
a	O
small	O
oblong	O
shape	O
,	O
draped	O
on	O
her	O
withers	B
and	O
slowly	O
unfolded	O
,	O
one	O
section	O
at	O
a	O
time	O
.	O

Each	O
step	O
proceeds	O
only	O
when	O
the	O
youngster	O
is	O
relaxed	B
.	O

Blanketing	O
is	O
the	O
first	O
step	O
for	O
backing	B
and	O
riding	B
.	O

Vacuuming	O
and	O
hosing	O
.	O

Gradually	O
,	O
Angel	O
was	O
introduced	O
to	O
scary	O
new	O
challenges	O
like	O
the	O
vacuum	O
.	O

First	O
,	O
she	O
heard	O
the	O
noise	O
,	O
next	O
she	O
was	O
touched	O
with	O
the	O
unplugged	O
equipment	O
,	O
then	O
she	O
saw	O
another	O
horse	B
vacuumed	O
and	O
,	O
finally	O
,	O
she	O
was	O
vacuumed	O
.	O

Likewise	O
,	O
she	O
became	O
accustomed	O
to	O
the	O
hose	O
,	O
spray	O
bottles	O
and	O
other	O
barn	O
items	O
.	O

For	O
water	O
,	O
she	O
first	O
saw	O
the	O
hose	O
,	O
then	O
it	O
was	O
turned	O
on	O
and	O
gradually	O
water	O
run	O
over	O
her	O
feet	B
and	O
slowly	O
up	O
her	O
legs	B
.	O

If	O
necessary	O
,	O
a	O
wet	O
sponge	O
can	O
be	O
used	O
to	O
wipe	O
the	O
legs	B
to	O
accustom	O
the	O
youngster	O
to	O
water	O
.	O

Never	O
tie	O
a	O
young	O
horse	B
during	O
these	O
lessons	O
due	O
to	O
risk	O
of	O
injury	O
or	O
stress	O
.	O

Remember	O
,	O
the	O
youngster	O
has	O
three	O
years	O
to	O
master	O
these	O
lessons	O
,	O
so	O
never	O
rush	O
or	O
use	O
force	O
.	O

The	O
goal	O
is	O
to	O
establish	O
trust	O
.	O

Trailering	B
.	O

Ehrlich	O
has	O
a	O
comprehensive	O
multi-step	O
approach	O
to	O
trailering	B
.	O

First	O
the	O
foal	B
learns	O
to	O
trailer	B
alongside	O
the	O
mother	O
and	O
then	O
the	O
yearling	B
is	O
taught	O
the	O
lesson	O
anew	O
.	O

A	O
four-horse	B
trailer	B
with	O
rear	O
and	O
side	O
ramps	O
is	O
backed	O
up	O
to	O
the	O
barn	O
aisle	O
,	O
where	O
the	O
youngster	O
feels	O
safe	O
.	O

The	O
partitions	O
are	O
removed	O
and	O
an	O
older	O
companion	O
horse	B
is	O
led	O
onto	O
the	O
trailer	B
and	O
then	O
off	O
the	O
side	O
ramp	O
.	O

The	O
yearling	B
follows	O
in	O
procession	O
,	O
stopping	O
only	O
for	O
a	O
few	O
seconds	O
.	O

The	O
process	O
is	O
repeated	O
several	O
times	O
.	O

Once	O
this	O
task	O
is	O
mastered	O
,	O
it	O
is	O
reversed	O
,	O
with	O
the	O
horse	B
and	O
yearling	B
going	O
up	O
the	O
side	O
ramp	O
and	O
off	O
the	O
back	O
ramp	O
.	O

A	O
pair	O
of	O
box	B
stalls	I
are	O
then	O
created	O
in	O
the	O
trailer	B
,	O
with	O
a	O
gate	O
separating	O
them	O
,	O
and	O
two	O
yearlings	B
are	O
loaded	O
.	O

The	O
youngsters	O
stand	O
in	O
their	O
stalls	B
loose	O
with	O
hay	B
nets	I
.	O

The	O
process	O
is	O
repeated	O
until	O
the	O
yearlings	B
stay	O
calm	O
and	O
relaxed	B
.	O

Then	O
they	O
go	O
for	O
a	O
short	O
ride	B
down	O
the	O
driveway	O
.	O

The	O
youngsters	O
are	O
not	O
restrained	O
at	O
this	O
point	O
.	O

However	O
,	O
for	O
the	O
next	O
phase	O
,	O
they	O
are	O
tied	O
in	O
the	O
box	B
stall	I
facing	O
each	O
other	O
with	O
hay	B
nets	I
.	O

Then	O
the	O
yearlings	B
are	O
put	O
on	O
the	O
trailer	B
side	O
by	O
side	O
in	O
standing	O
stalls	B
.	O

(	O
Ehrlich	O
has	O
gates	O
in	O
front	O
of	O
each	O
stall	B
so	O
youngsters	O
ca	O
n't	O
go	O
over	O
or	O
under	O
the	O
breast	O
bar	O
.	O
)	O

The	O
yearlings	B
stay	O
in	O
the	O
standing	B
stall	I
for	O
a	O
time	O
and	O
are	O
led	O
out	O
.	O

They	O
also	O
walk	B
up	O
the	O
side	O
ramp	O
and	O
are	O
backed	O
into	O
the	O
standing	B
stall	I
.	O

When	O
ready	O
,	O
the	O
youngsters	O
go	O
for	O
a	O
short	O
ride	B
in	O
the	O
standing	B
stall	I
.	O

For	O
owners	O
with	O
a	O
two-horse	B
trailer	B
,	O
the	O
partition	O
can	O
be	O
removed	O
and	O
a	O
box	B
stall	I
created	O
with	O
straw	B
bales	I
lining	O
the	O
inside	O
for	O
added	O
protection	O
.	O

Be	O
aware	O
that	O
many	O
trailers	B
have	O
only	O
an	O
inside	O
latch	O
on	O
the	O
exit	O
/	O
escape	O
door	O
and	O
accidents	O
can	O
occur	O
if	O
youngsters	O
open	O
the	O
latch	O
and	O
try	O
to	O
escape	O
.	O

An	O
outside	O
bolt	O
on	O
the	O
door	O
may	O
need	O
to	O
be	O
installed	O
for	O
safety	O
.	O

With	O
a	O
two-horse	B
trailer	B
,	O
it	O
is	O
best	O
to	O
transport	O
the	O
yearling	B
in	O
a	O
box	B
stall	I
and	O
introduce	O
the	O
standing	B
stall	I
only	O
when	O
the	O
youngster	O
is	O
bigger	O
and	O
ca	O
n't	O
escape	O
under	O
the	O
breast	O
bar	O
.	O

Another	O
option	O
is	O
to	O
create	O
a	O
barrier	O
with	O
plywood	O
so	O
the	O
horse	B
ca	O
n't	O
go	O
over	O
or	O
under	O
the	O
breast	O
bar	O
.	O

After	O
each	O
session	O
,	O
Angel	O
rejoined	O
her	O
buddies	O
in	O
the	O
field	O
.	O

She	O
learned	O
that	O
there	O
was	O
work	O
time	O
and	O
play	O
time	O
.	O

Having	O
playmates	O
of	O
a	O
similar	O
age	O
allows	O
youngsters	O
to	O
learn	O
herd	B
dynamics	O
and	O
teaches	O
them	O
about	O
pecking	O
order	O
.	O

But	O
in	O
training	B
,	O
it	O
is	O
the	O
human	O
that	O
ultimately	O
must	O
be	O
the	O
head	O
of	O
the	O
herd	B
.	O

The	O
earlier	O
a	O
weanling	O
learns	O
this	O
,	O
the	O
easier	O
training	B
progresses	O
.	O

The	O
goal	O
is	O
to	O
build	O
a	O
strong	O
relationship	O
of	O
respect	O
and	O
trust	O
between	O
human	O
and	O
horse	B
,	O
but	O
the	O
partnership	O
is	O
n't	O
50	O
/	O
50	O
.	O

Ideally	O
,	O
the	O
relationship	O
should	O
be	O
a	O
60	O
/	O
40	O
partnership	O
.	O

That	O
's	O
what	O
is	O
going	O
to	O
keep	O
you	O
safe	O
in	O
the	O
long	O
run	O
,	O
says	O
Ehrlich	O
.	O

You	O
do	O
n't	O
want	O
them	O
to	O
learn	O
that	O
they	O
're	O
bigger	O
than	O
you	O
are	O
.	O

Training	B
Theories	O

Operant	B
conditioning	I
is	O
a	O
term	O
coined	O
by	O
behaviorist	O
B.F.	O
Skinner	O
in	O
1938	O
.	O

According	O
to	O
Skinner	O
's	O
premise	O
,	O
behavior	O
is	O
strengthened	O
when	O
followed	O
by	O
positive	O
reinforcement	O
and	O
weakened	O
when	O
followed	O
by	O
punishment	O
.	O

For	O
Ehrlich	O
,	O
it	O
is	O
less	O
about	O
punishment	O
and	O
more	O
about	O
reward	B
.	O

If	O
a	O
youngster	O
becomes	O
anxious	O
or	O
distracted	O
with	O
a	O
task	O
,	O
she	O
backs	O
off	O
the	O
pressure	O
,	O
asks	O
for	O
only	O
a	O
small	O
step	O
of	O
progress	O
,	O
gives	O
verbal	O
praise	B
and	O
turns	O
to	O
something	O
more	O
familiar	O
for	O
the	O
youngster	O
.	O

The	O
original	O
lesson	O
can	O
be	O
repeated	O
later	O
in	O
smaller	O
increments	O
.	O

Proprioception	B
is	O
the	O
sense	O
of	O
knowing	O
where	O
all	O
the	O
parts	O
of	O
the	O
body	O
are	O
positioned	O
at	O
any	O
given	O
time	O
.	O

In	O
humans	O
,	O
the	O
brain	O
integrates	O
information	O
from	O
proprioceptors	B
(	O
sensory	O
receptors	O
on	O
nerve	O
endings	O
found	O
in	O
the	O
muscles	B
,	O
joints	B
,	O
tendons	O
and	O
inner	O
ear	B
)	O
to	O
give	O
us	O
our	O
sense	O
of	O
body	O
position	O
and	O
movement	O
.	O

It	O
's	O
what	O
allows	O
a	O
person	O
to	O
walk	O
in	O
the	O
dark	O
without	O
falling	O
.	O

For	O
young	O
horses	B
,	O
a	O
sense	O
of	O
body	O
awareness	O
is	O
often	O
lacking	O
relative	O
to	O
what	O
the	O
handler	B
is	O
asking	O
of	O
them	O
.	O

Ehrlich	O
incorporates	O
patterns	O
of	O
movement	O
into	O
early	O
training	B
to	O
improve	O
physical	O
coordination	O
while	O
encouraging	O
cooperation	O
and	O
trust	O
.	O

Exercises	B
are	O
based	O
on	O
the	O
system	O
of	O
equine	B
behaviorist	O
Linda	O
Tellington-Jones	O
and	O
,	O
more	O
recently	O
,	O
work	O
learned	O
with	O
Australian	O
dressage	B
rider	I
and	O
trainer	B
Tristan	O
Tucker	O
.	O

The	O
groundwork	B
theory	O
developed	O
by	O
Tellington-Jones	O
,	O
consists	O
of	O
leading	B
exercises	B
and	O
obstacles	O
to	O
improve	O
the	O
horse	B
's	O
balance	B
,	O
coordination	O
and	O
ability	O
to	O
learn	O
in	O
a	O
relaxed	B
state	O
.	O

In	O
the	O
exercises	B
,	O
the	O
handler	B
uses	O
a	O
whip	B
as	O
an	O
extension	O
of	O
his	O
arm	B
to	O
signal	O
to	O
the	O
horse	B
.	O

It	O
is	O
not	O
used	O
for	O
punishment	O
but	O
acts	O
as	O
a	O
directional	O
cue	O
and	O
also	O
helps	O
focus	O
the	O
horse	B
on	O
the	O
task	O
at	O
hand	O
.	O

Credit	O
:	O
From	O
Dressage	B
with	O
Mind	O
,	O
Body	O
&	O
Soul	O
;	O
Courtesy	O
,	O
Trafalgar	O
Square	O
Books	O
The	O
groundwork	B
theory	O
developed	O
by	O
Linda	O
Tellington-Jones	O
consists	O
of	O
leading	B
exercises	B
and	O
obstacles	O
,	O
such	O
as	O
the	O
Labyrinth	O
exercise	B
shown	O
here	O
that	O
improves	O
the	O
horse	B
's	O
balance	B
,	O
coordination	O
and	O
ability	O
to	O
learn	O
in	O
a	O
relaxed	B
state	O
.	O

Credit	O
:	O
From	O
Dressage	B
with	O
Mind	O
,	O
Body	O
&	O
Soul	O
;	O
Courtesy	O
,	O
Trafalgar	O
Square	O
Books	O
The	O
groundwork	B
theory	O
developed	O
by	O
Linda	O
Tellington-Jones	O
consists	O
of	O
leading	B
exercises	B
and	O
obstacles	O
,	O
such	O
as	O
the	O
Labyrinth	O
exercise	B
shown	O
here	O
that	O
improves	O
the	O
horse	B
's	O
balance	B
,	O
coordination	O
and	O
ability	O
to	O
learn	O
in	O
a	O
relaxed	B
state	O
.	O

The	O
Labyrinth	O
Exercise	B

Rachel	O
Ehrlich	O
of	O
Greengate	O
Farm	O
in	O
New	O
Braintree	O
,	O
Massachusetts	O
,	O
is	O
partial	O
to	O
the	O
Labyrinth	O
exercise	B
of	O
Linda	O
Tellington-Jones	O
.	O

It	O
uses	O
six	O
poles	O
,	O
10	O
-	O
to	O
12-feet	O
long	O
,	O
placed	O
in	O
a	O
pattern	O
on	O
the	O
ground	O
4	O
feet	O
apart	O
(	O
see	O
photo	O
on	O
p	O
.	O

44	O
)	O
.	O

The	O
purpose	O
is	O
to	O
teach	O
patience	O
,	O
obedience	B
and	O
focus	O
while	O
helping	O
with	O
balance	B
,	O
flexibility	O
and	O
coordination	O
.	O

The	O
horse	B
is	O
guided	O
through	O
the	O
labyrinth	O
,	O
stopping	O
before	O
each	O
tight	O
turn	O
,	O
and	O
sometimes	O
taking	O
only	O
one	O
or	O
two	O
steps	B
at	O
a	O
time	O
.	O

The	O
exercise	B
also	O
is	O
used	O
to	O
practice	O
moving	O
backward	O
.	O

Tucker	O
's	O
Response	O
Training	B
system	O
involves	O
teaching	O
techniques	O
and	O
exercises	B
that	O
allow	O
the	O
horse	B
to	O
relax	B
and	O
have	O
a	O
place	O
to	O
go	O
when	O
frightening	O
objects	O
or	O
situations	O
arise	O
.	O

The	O
goal	O
is	O
to	O
influence	O
the	O
horse	B
's	O
natural	O
flight	O
instinct	O
and	O
to	O
teach	O
him	O
how	O
to	O
function	O
in	O
the	O
human	O
world	O
.	O

For	O
Tucker	O
,	O
training	B
starts	O
as	O
soon	O
as	O
the	O
foal	B
can	O
stand	O
,	O
first	O
by	O
introducing	O
human	O
touch	O
,	O
then	O
applying	O
physical	O
pressure	O
to	O
establish	O
body	O
awareness	O
and	O
,	O
finally	O
,	O
teaching	O
to	O
lead	O
and	O
accept	O
pressure	O
.	O

Once	O
the	O
foal	B
understands	O
body	O
control	O
and	O
reacts	O
appropriately	O
to	O
pressure	O
for	O
guidance	O
,	O
Tucker	O
introduces	O
the	O
three	O
environmental	O
elements	O
that	O
trigger	O
the	O
horse	B
's	O
natural	O
fight-or-flight	O
response	O
:	O
movement	O
,	O
touch	O
and	O
sound	O
.	O

Credit	O
:	O
Annemarie	O
Field	O
Australian	O
dressage	B
rider	I
and	O
trainer	B
Tristan	O
Tucker	O
's	O
Response	O
Training	B
system	O
involves	O
teaching	O
techniques	O
and	O
exercises	B
that	O
allow	O
the	O
horse	B
to	O
relax	B
and	O
have	O
a	O
place	O
to	O
go	O
when	O
frightening	O
objects	O
or	O
situations	O
arise	O
.	O

Here	O
Tucker	O
works	O
with	O
Dueck	O
's	O
filly	B
MW	O
Angelika	O
(	O
Angel	O
)	O
.	O

Credit	O
:	O
Annemarie	O
Field	O
Australian	O
dressage	B
rider	I
and	O
trainer	B
Tristan	O
Tucker	O
's	O
Response	O
Training	B
system	O
involves	O
teaching	O
techniques	O
and	O
exercises	B
that	O
allow	O
the	O
horse	B
to	O
relax	B
and	O
have	O
a	O
place	O
to	O
go	O
when	O
frightening	O
objects	O
or	O
situations	O
arise	O
.	O

Here	O
Tucker	O
works	O
with	O
Dueck	O
's	O
filly	B
MW	O
Angelika	O
(	O
Angel	O
)	O
.	O

Credit	O
:	O
Annemarie	O
Field	O
Once	O
a	O
foal	B
understands	O
body	O
control	O
,	O
Tucker	O
introduces	O
the	O
three	O
environmental	O
elements	O
that	O
trigger	O
the	O
horse	B
's	O
natural	O
fight-or-flight	O
response	O
:	O
movement	O
,	O
touch	O
and	O
sound	O
.	O

He	O
'll	O
start	O
with	O
a	O
whip	B
and	O
then	O
attach	O
a	O
plastic	O
bag	O
to	O
the	O
end	O
of	O
it	O
and	O
,	O
finally	O
,	O
introduce	O
a	O
waving	O
flag	O
.	O

Credit	O
:	O
Annemarie	O
Field	O
Once	O
a	O
foal	B
understands	O
body	O
control	O
,	O
Tucker	O
introduces	O
the	O
three	O
environmental	O
elements	O
that	O
trigger	O
the	O
horse	B
's	O
natural	O
fight-or-flight	O
response	O
:	O
movement	O
,	O
touch	O
and	O
sound	O
.	O

He	O
'll	O
start	O
with	O
a	O
whip	B
and	O
then	O
attach	O
a	O
plastic	O
bag	O
to	O
the	O
end	O
of	O
it	O
and	O
,	O
finally	O
,	O
introduce	O
a	O
waving	O
flag	O
.	O

Tucker	O
starts	O
with	O
a	O
whip	B
touching	O
the	O
youngster	O
's	O
body	O
.	O

Later	O
he	O
attaches	O
a	O
plastic	O
bag	O
to	O
the	O
end	O
of	O
the	O
whip	B
,	O
and	O
then	O
introduces	O
a	O
waving	O
flag	O
.	O

He	O
applies	O
minimal	O
pressure	O
at	O
first	O
and	O
removes	O
the	O
pressure	O
when	O
the	O
horse	B
relaxes	B
,	O
lowering	O
his	O
head	B
,	O
softening	O
his	O
eyes	B
and	O
moving	O
his	O
ears	B
.	O

Tucker	O
incorporates	O
leg	B
patterns	O
into	O
his	O
training	B
to	O
reduce	O
tension	O
.	O

By	O
controlling	O
the	O
horse	B
's	O
feet	B
and	O
bending	B
the	O
body	O
,	O
the	O
trainer	B
encourages	O
the	O
youngster	O
to	O
become	O
physically	O
soft	O
and	O
mentally	O
relaxed	B
.	O

The	O
objective	O
is	O
to	O
apply	O
,	O
reduce	O
and	O
increase	O
pressure	O
;	O
create	O
relaxation	B
through	O
physical	O
movement	O
;	O
and	O
influence	O
the	O
horse	B
to	O
approach	O
an	O
object	O
because	O
he	O
feels	O
in	O
control	O
.	O

Additional	O
Lessons	O

Initially	O
,	O
going	O
to	O
the	O
covered	O
arena	B
was	O
frightening	O
for	O
Angel	O
.	O

Her	O
neck	B
came	O
up	O
and	O
she	O
threw	O
her	O
head	B
around	O
,	O
trying	O
to	O
escape	O
.	O

After	O
visits	O
with	O
a	O
companion	O
horse	B
,	O
she	O
relaxed	B
.	O

Ehrlich	O
placed	O
the	O
whip	B
on	O
her	O
back	B
and	O
croup	B
to	O
calm	O
and	O
focus	O
her	O
.	O

Then	O
the	O
handler	B
tapped	O
the	O
croup	B
to	O
ask	O
Angel	O
to	O
go	O
forward	O
and	O
placed	O
it	O
on	O
her	O
shoulder	B
to	O
ask	O
her	O
to	O
move	O
away	O
from	O
the	O
handler	B
.	O

Once	O
Angel	O
was	O
comfortable	O
being	O
led	O
in	O
various	O
directions	O
and	O
patterns	O
in	O
the	O
indoor	O
,	O
the	O
handler	B
introduced	O
obstacles	O
and	O
objects	O
(	O
some	O
making	O
noise	O
)	O
one	O
at	O
a	O
time	O
:	O
a	O
ball	O
,	O
plastic	O
bag	O
,	O
flag	O
,	O
umbrella	O
,	O
streamers	O
,	O
jump	B
stands	O
,	O
ground	O
poles	O
,	O
tarp	O
and	O
other	O
items	O
.	O

The	O
purpose	O
of	O
this	O
lesson	O
is	O
for	O
the	O
youngster	O
to	O
stay	O
relaxed	B
and	O
focused	O
,	O
trusting	O
and	O
waiting	O
for	O
the	O
handler	B
.	O

At	O
first	O
Angel	O
was	O
anxious	O
about	O
the	O
objects	O
,	O
and	O
lessons	O
were	O
kept	O
short—no	O
more	O
than	O
10	O
to	O
15	O
minutes	O
.	O

She	O
was	O
encouraged	O
to	O
approach	O
the	O
objects	O
and	O
touch	O
them	O
but	O
was	O
n't	O
forced	O
toward	O
them	O
.	O

When	O
you	O
push	O
a	O
horse	B
past	O
something	O
,	O
you	O
can	O
shut	O
them	O
down	O
mentally	O
.	O

This	O
fact	O
is	O
often	O
expressed	O
as	O
physical	O
resistance	O
,	O
explains	O
Ehrlich	O
.	O

After	O
multiple	O
sessions	O
,	O
Angel	O
relaxed	B
.	O

She	O
went	O
from	O
snorting	O
at	O
the	O
umbrella	O
closed	O
on	O
the	O
ground	O
to	O
having	O
it	O
opened	O
,	O
waved	O
and	O
touching	O
her	O
body	O
.	O

Safety	O
is	O
paramount	O
during	O
this	O
learning	O
process	O
.	O

Follow	O
these	O
rules	O
:	O
Find	O
someone	O
to	O
help	O
you	O
,	O
work	O
in	O
an	O
enclosed	O
arena	B
without	O
distractions	O
,	O
allow	O
enough	O
space	O
so	O
you	O
can	O
move	O
out	O
of	O
the	O
way	O
if	O
needed	O
,	O
wear	O
gloves	B
and	O
a	O
helmet	B
,	O
never	O
tie	O
a	O
youngster	O
and	O
never	O
wrap	O
a	O
lead	O
around	O
your	O
hand	B
.	O

Adding	O
Equipment	O

Angel	O
was	O
gradually	O
introduced	O
to	O
the	O
saddle	B
pad	I
,	O
bridle	B
and	O
surcingle	B
at	O
the	O
end	O
of	O
her	O
yearling	B
summer	O
.	O

She	O
also	O
became	O
familiar	O
with	O
long	B
lines	I
touching	O
her	O
body	O
.	O

Ehrlich	O
does	O
n't	O
longe	B
young	O
horses	B
due	O
to	O
strain	O
on	O
muscles	B
and	O
joints	B
.	O

Instead	O
she	O
teaches	O
youngsters	O
long-lining	B
when	O
they	O
are	O
2	O
.	O

All	O
the	O
yearlings	B
have	O
a	O
break	O
in	O
late	O
fall	O
except	O
for	O
daily	O
grooming	B
.	O

When	O
training	B
is	O
resumed	O
for	O
a	O
2-year-old	O
,	O
Ehrlich	O
first	O
goes	O
through	O
a	O
checklist	O
of	O
what	O
is	O
known	O
and	O
then	O
adds	O
to	O
the	O
learning	O
.	O

New	O
ground	O
patterns	O
,	O
objects	O
and	O
sounds	O
are	O
introduced	O
,	O
long-lining	B
commences	O
and	O
the	O
youngsters	O
may	O
free-jump	B
in	O
a	O
chute	O
.	O

In	O
the	O
fall	O
of	O
her	O
2-year-old	O
year	O
,	O
Angel	O
will	O
be	O
introduced	O
to	O
the	O
saddle	B
,	O
and	O
weight	O
in	O
the	O
stirrups	B
and	O
over	O
her	O
body	O
,	O
and	O
finally	O
a	O
rider	B
will	O
sit	O
on	O
her	O
,	O
but	O
only	O
at	O
the	O
walk	B
.	O

She	O
then	O
will	O
have	O
time	O
off	O
,	O
and	O
the	O
following	O
spring	O
the	O
process	O
will	O
resume	O
.	O

The	O
early	O
years	O
can	O
make	O
or	O
break	O
a	O
horse	B
's	O
desire	O
to	O
work	O
with	O
humans	O
.	O

'	O
Breaking	O
'	O
is	O
a	O
poor	O
choice	O
of	O
words	O
for	O
how	O
we	O
should	O
train	B
young	O
horses	B
,	O
adds	O
Dueck	O
.	O

They	O
need	O
to	O
respect	O
us	O
first	O
because	O
they	O
are	O
big	O
and	O
can	O
be	O
quite	O
dangerous	O
if	O
they	O
do	O
n't	O
.	O

But	O
with	O
thoughtful	O
and	O
systematic	O
training	B
long	O
before	O
they	O
are	O
ridden	B
,	O
we	O
can	O
instill	O
a	O
desire	O
to	O
work	O
with	O
us	O
and	O
understand	O
our	O
requests	O
.	O

I	O
think	O
everyone	O
would	O
agree	O
,	O
it	O
's	O
incredible	O
to	O
develop	O
that	O
kind	O
of	O
partnership	O
with	O
these	O
beautiful	O
creatures	O
.	O

