Low-dose	O
dopamine	B
or	O
low-dose	O
nesiritide	B
in	O
acute	B
heart	I
failure	I
with	O
renal	B
dysfunction	I
:	O
the	O
ROSE	O
acute	B
heart	I
failure	I
randomized	B
trial	O
.	O

IMPORTANCE	O
:	O

Small	O
studies	O
suggest	O
that	O
low-dose	O
dopamine	B
or	O
low-dose	O
nesiritide	B
may	O
enhance	O
decongestion	O
and	O
preserve	O
renal	B
function	I
in	O
patients	B
with	O
acute	B
heart	I
failure	I
and	O
renal	B
dysfunction	I
;	O
however	O
,	O
neither	O
strategy	O
has	O
been	O
rigorously	O
tested	O
.	O

OBJECTIVE	O
:	O

To	O
test	O
the	O
2	O
independent	O
hypotheses	O
that	O
,	O
compared	O
with	O
placebo	B
,	O
addition	O
of	O
low-dose	O
dopamine	B
(	O
2	O
μg	O
/	O
kg	O
/	O
min	O
)	O
or	O
low-dose	O
nesiritide	B
(	O
0.005	O
μg	O
/	O
kg	O
/	O
min	O
without	O
bolus	B
)	O
to	O
diuretic	B
therapy	B
will	O
enhance	O
decongestion	O
and	O
preserve	O
renal	B
function	I
in	O
patients	B
with	O
acute	B
heart	I
failure	I
and	O
renal	B
dysfunction	I
.	O

DESIGN	O
,	O
SETTING	O
,	O
AND	O
PARTICIPANTS	O
:	O

Multicenter	O
,	O
double-blind	B
,	O
placebo-controlled	B
clinical	B
trial	O
(	O
Renal	B
Optimization	O
Strategies	O
Evaluation	O
[	O
ROSE	O
]	O
)	O
of	O
360	O
hospitalized	B
patients	B
with	O
acute	B
heart	I
failure	I
and	O
renal	B
dysfunction	I
(	O
estimated	B
glomerular	I
filtration	I
rate	I
of	O
15	O
-	O
60	O
mL	O
/	O
min	O
/	O
1.73	O
m2	O
)	O
,	O
randomized	B
within	O
24	O
hours	O
of	O
admission	B
.	O

Enrollment	O
occurred	O
from	O
September	O
2010	O
to	O
March	O
2013	O
across	O
26	O
sites	O
in	O
North	O
America	O
.	O

INTERVENTIONS	O
:	O

Participants	O
were	O
randomized	B
in	O
an	O
open	O
,	O
1:1	O
allocation	O
ratio	O
to	O
the	O
dopamine	B
or	O
nesiritide	B
strategy	O
.	O

Within	O
each	O
strategy	O
,	O
participants	O
were	O
randomized	B
in	O
a	O
double-blind	B
,	O
2:1	O
ratio	O
to	O
active	O
treatment	O
or	O
placebo	B
.	O

The	O
dopamine	B
(	O
n	O
=	O
122	O
)	O
and	O
nesiritide	B
(	O
n	O
=	O
119	O
)	O
groups	O
were	O
independently	O
compared	O
with	O
the	O
pooled	O
placebo	B
group	O
(	O
n	O
=	O
119	O
)	O
.	O

MAIN	O
OUTCOMES	B
AND	O
MEASURES	O
:	O

Coprimary	B
end	I
points	I
included	O
72-hour	O
cumulative	O
urine	O
volume	O
(	O
decongestion	O
end	B
point	I
)	O
and	O
the	O
change	O
in	O
serum	B
cystatin	I
C	I
from	O
enrollment	O
to	O
72	O
hours	O
(	O
renal	B
function	I
end	B
point	I
)	O
.	O

RESULTS	O
:	O

Compared	O
with	O
placebo	B
,	O
low-dose	O
dopamine	B
had	O
no	O
significant	B
effect	O
on	O
72-hour	O
cumulative	O
urine	O
volume	O
(	O
dopamine	B
,	O
8524	O
mL	O
;	O
95	O
%	O
CI	B
,	O
7917	O
-	O
9131	O
vs	O
placebo	B
,	O
8296	O
mL	O
;	O
95	O
%	O
CI	B
,	O
7762	O
-	O
8830	O
;	O
difference	O
,	O
229	O
mL	O
;	O
95	O
%	O
CI	B
,	O
-	O
714	O
to	O
1171	O
mL	O
;	O
P	B
=	O
.59	O
)	O
or	O
on	O
the	O
change	O
in	O
cystatin	B
C	I
level	O
(	O
dopamine	B
,	O
0.12	O
mg	O
/	O
L	O
;	O
95	O
%	O
CI	B
,	O
0.06	O
-	O
0.18	O
vs	O
placebo	B
,	O
0.11	O
mg	O
/	O
L	O
;	O
95	O
%	O
CI	B
,	O
0.06	O
-	O
0.16	O
;	O
difference	O
,	O
0.01	O
;	O
95	O
%	O
CI	B
,	O
-	O
0.08	O
to	O
0.10	O
;	O
P	B
=	O
.72	O
)	O
.	O

Similarly	O
,	O
low-dose	O
nesiritide	B
had	O
no	O
significant	B
effect	O
on	O
72-hour	O
cumulative	O
urine	O
volume	O
(	O
nesiritide	B
,	O
8574	O
mL	O
;	O
95	O
%	O
CI	B
,	O
8014	O
-	O
9134	O
vs	O
placebo	B
,	O
8296	O
mL	O
;	O
95	O
%	O
CI	B
,	O
7762	O
-	O
8830	O
;	O
difference	O
,	O
279	O
mL	O
;	O
95	O
%	O
CI	B
,	O
-	O
618	O
to	O
1176	O
mL	O
;	O
P	B
=	O
.49	O
)	O
or	O
on	O
the	O
change	O
in	O
cystatin	B
C	I
level	O
(	O
nesiritide	B
,	O
0.07	O
mg	O
/	O
L	O
;	O
95	O
%	O
CI	B
,	O
0.01	O
-	O
0.13	O
vs	O
placebo	B
,	O
0.11	O
mg	O
/	O
L	O
;	O
95	O
%	O
CI	B
,	O
0.06	O
-	O
0.16	O
;	O
difference	O
,	O
-	O
0.04	O
;	O
95	O
%	O
CI	B
,	O
-	O
0.13	O
to	O
0.05	O
;	O
P	B
=	O
.36	O
)	O
.	O

Compared	O
with	O
placebo	B
,	O
there	O
was	O
no	O
effect	O
of	O
low-dose	O
dopamine	B
or	O
nesiritide	B
on	O
secondary	B
end	I
points	I
reflective	O
of	O
decongestion	O
,	O
renal	B
function	I
,	O
or	O
clinical	B
outcomes	B
.	O

CONCLUSION	O
AND	O
RELEVANCE	O
:	O

In	O
participants	O
with	O
acute	B
heart	I
failure	I
and	O
renal	B
dysfunction	I
,	O
neither	O
low-dose	O
dopamine	B
nor	O
low-dose	O
nesiritide	B
enhanced	O
decongestion	O
or	O
improved	O
renal	B
function	I
when	O
added	O
to	O
diuretic	B
therapy	B
.	O

