Explanatory	O
Report	O
on	O
the	O
Second	O
Protocol	O
to	O
the	O
Convention	B
on	I
the	I
protection	I
of	I
the	I
European	I
Communities	I
'	I
financial	I
interests	I
(	O
Text	O
approved	O
by	O
the	O
Council	B
on	O
12	O
March	O
1999	O
)	O

Official	B
Journal	I
C	O
091	O
,	O
31	O
/	O
03	O
/	O
1999	O
P.	O
0008	O
-	O
0019	O

EXPLANATORY	O
REPORT	O
on	O
the	O
Second	O
Protocol	O
to	O
the	O
Convention	B
on	I
the	I
protection	I
of	I
the	I
European	I
Communities	I
'	I
financial	I
interests	I
(	O
Text	O
approved	O
by	O
the	O
Council	B
on	O
12	O
March	O
1999	O
)	O
(	O
1999	O
/	O
C	O
91	O
/	O
02	O
)	O

I.	O
INTRODUCTION	O

The	O
Convention	B
on	I
the	I
protection	I
of	I
the	I
European	I
Communities	I
'	I
financial	I
interests	I
was	O
drawn	O
up	O
by	O
the	O
Council	B
and	O
signed	O
by	O
the	O
representatives	O
of	O
the	O
Governments	B
of	O
the	O
Member	O
States	O
on	O
26	O
July	O
1995	O
.	O

This	O
Convention	O
(	O
hereinafter	O
referred	O
to	O
as	O
the	O
'	O
Convention	O
'	O
or	O
'	O
Fraud	B
Convention	I
'	O
)	O
constitutes	O
the	O
first	O
agreement	O
under	O
Title	O
VI	O
of	O
the	O
Treaty	B
on	I
European	I
Union	I
(	O
TEU	B
)	O
dealing	O
with	O
fraud	B
affecting	O
the	O
European	B
Communities	I
'	O
budget	B
.	O

A	O
First	O
Protocol	O
to	O
the	O
Convention	O
was	O
drawn	O
up	O
and	O
signed	O
on	O
27	O
September	O
1996	O
.	O

It	O
is	O
primarily	O
aimed	O
at	O
acts	B
of	I
corruption	I
which	O
involve	O
national	O
and	O
Community	O
officials	B
and	O
damage	O
,	O
or	O
are	O
likely	O
to	O
damage	O
,	O
the	O
European	B
Communities	I
'	O
financial	B
interests	I
and	O
will	O
be	O
referred	O
to	O
as	O
the	O
'	O
First	O
'	O
or	O
'	O
Corruption	B
Protocol	I
'	O
.	O

The	O
Protocol	O
on	O
the	O
interpretation	O
,	O
by	O
way	O
of	O
preliminary	B
rulings	I
,	O
by	O
the	O
Court	B
of	I
Justice	I
of	O
the	O
European	B
Communities	I
,	O
of	O
the	O
Convention	B
on	I
the	I
protection	I
of	I
the	I
European	I
Communities	I
'	I
financial	I
interests	I
was	O
drawn	O
up	O
and	O
signed	O
on	O
29	O
November	O
1996	O
.	O

This	O
instrument	O
allows	O
Member	O
States	O
to	O
accept	O
,	O
by	O
a	O
declaration	O
made	O
at	O
the	O
time	O
of	O
the	O
signing	O
of	O
the	O
Protocol	O
or	O
any	O
time	O
thereafter	O
,	O
the	O
jurisdiction	B
of	O
the	O
Court	B
to	O
give	O
preliminary	B
rulings	I
on	O
the	O
interpretation	O
of	O
the	O
Convention	O
and	O
the	O
First	O
Protocol	O
.	O

Alongside	O
the	O
drawing	O
up	O
of	O
the	O
above	O
instruments	O
on	O
the	O
basis	O
of	O
Title	O
VI	O
of	O
the	O
Treaty	B
on	I
European	I
Union	I
,	O
two	O
instruments	O
of	O
particular	O
interest	O
in	O
this	O
context	O
have	O
been	O
adopted	O
by	O
the	O
European	B
Community	I
.	O

These	O
are	O
Council	B
Regulation	B
(	O
EC	B
,	O
Euratom	B
)	O
No	O
2988	O
/	O
95	O
of	O
18	O
December	O
1995	O
on	O
the	O
protection	O
of	O
the	O
European	B
Communities	I
'	O
financial	B
interests	I
and	O
Council	B
Regulation	B
(	O
Euratom	B
,	O
EC	B
)	O
No	O
2185	O
/	O
96	O
of	O
11	O
November	O
1996	O
concerning	O
on-the-spot	O
checks	O
and	O
inspections	O
carried	O
out	O
by	O
the	O
Commission	B
in	O
order	O
to	O
protect	O
the	O
European	B
Communities	I
'	O
financial	B
interests	I
against	O
fraud	B
and	O
other	O
irregularities	B
.	O

In	O
the	O
act	O
of	O
the	O
Council	B
drawing	O
up	O
the	O
Convention	O
,	O
the	O
Council	B
stressed	O
that	O
the	O
Convention	O
should	O
be	O
supplemented	O
shortly	O
afterwards	O
by	O
another	O
legal	B
instrument	I
,	O
in	O
such	O
a	O
way	O
as	O
to	O
improve	O
the	O
effectiveness	O
of	O
protection	B
under	I
criminal	I
law	I
of	O
the	O
European	B
Communities	I
'	O
financial	B
interests	I
.	O

The	O
Commission	B
presented	O
a	O
draft	O
for	O
a	O
Second	O
Protocol	O
to	O
the	O
Fraud	B
Convention	I
in	O
early	O
1996	O
.	O

It	O
referred	O
to	O
the	O
intention	O
expressed	O
by	O
the	O
Council	B
when	O
drawing	O
up	O
the	O
Convention	O
,	O
as	O
well	O
as	O
to	O
the	O
Council	B
resolution	B
of	O
6	O
December	O
1994	O
on	O
the	O
legal	B
protection	O
of	O
the	O
financial	B
interests	I
of	O
the	O
Communities	O
.	O

In	O
the	O
resolution	B
,	O
the	O
Council	B
requested	O
the	O
elaboration	O
of	O
possibilities	O
to	O
impose	O
sanctions	B
on	O
legal	B
persons	I
,	O
as	O
well	O
as	O
the	O
extension	O
of	O
legislation	B
concerning	O
money	B
laundering	I
to	O
the	O
protection	O
of	O
the	O
European	B
Communities	I
'	O
financial	B
interests	I
.	O

The	O
Commission	B
initiative	O
and	O
draft	O
were	O
taken	O
over	O
by	O
the	O
Italian	O
Presidency	O
of	O
the	O
Council	B
and	O
,	O
by	O
the	O
end	O
of	O
that	O
Presidency	O
,	O
the	O
discussions	O
on	O
the	O
draft	O
were	O
well	O
advanced	O
.	O

In	O
June	O
1996	O
,	O
the	O
Italian	O
Presidency	O
consulted	O
the	O
European	B
Parliament	I
pursuant	O
to	O
Article	O
K.6	O
of	O
the	O
Treaty	B
on	I
European	I
Union	I
and	O
the	O
Parliament	B
gave	O
its	O
opinion	O
in	O
a	O
resolution	B
of	O
24	O
October	O
1996	O
.	O

Discussions	O
continued	O
under	O
the	O
Irish	O
Presidency	O
and	O
finally	O
under	O
the	O
Netherlands	B
Presidency	O
political	B
agreement	I
was	O
reached	O
on	O
26	O
May	O
1997	O
on	O
the	O
draft	O
before	O
the	O
Council	B
.	O

On	O
19	O
June	O
1997	O
,	O
the	O
act	O
drawing	O
up	O
the	O
Second	O
Protocol	O
was	O
adopted	O
by	O
the	O
Council	B
and	O
the	O
Second	O
Protocol	O
to	O
the	O
Convention	B
on	I
the	I
protection	I
of	I
the	I
European	I
Communities	I
'	I
financial	I
interests	I
was	O
signed	O
by	O
the	O
representatives	O
of	O
the	O
Governments	B
of	O
the	O
Member	O
States	O
.	O

As	O
regards	O
the	O
legal	B
basis	I
for	O
the	O
Second	O
Protocol	O
,	O
reference	O
is	O
made	O
to	O
the	O
remarks	O
under	O
point	O
II	O
of	O
the	O
Explanatory	O
report	O
on	O
the	O
Convention	O
.	O

The	O
importance	O
of	O
finalising	O
and	O
implementing	O
the	O
Second	O
Protocol	O
is	O
stressed	O
in	O
the	O
action	B
plan	I
to	O
combat	O
organised	B
crime	I
,	O
adopted	O
by	O
the	O
Council	B
on	O
28	O
April	O
1997	O
,	O
which	O
recommends	O
that	O
the	O
Member	O
States	O
widen	O
the	O
scope	O
of	O
the	O
criminalisation	B
of	O
money	B
laundering	I
,	O
further	O
improve	O
and	O
structure	O
cooperation	O
between	O
the	O
Commission	B
and	O
the	O
Member	O
States	O
in	O
the	O
fight	B
against	I
fraud	I
affecting	O
the	O
financial	B
interests	I
of	O
the	O
European	B
Communities	I
and	O
money	B
laundering	I
linked	O
thereto	O
,	O
introduce	O
liability	B
for	O
legal	B
persons	I
involved	O
in	O
organised	B
crime	I
and	O
collect	O
relevant	O
information	O
with	O
respect	O
to	O
legal	B
persons	I
in	O
order	O
to	O
prevent	O
the	O
penetration	O
of	O
organised	B
crime	I
in	O
the	O
legitimate	B
economy	I
.	O

II	O
.	O

COMMENTARY	O
ON	O
THE	O
ARTICLES	O

Article	O
1	O
Definitions	O

1.1	O
.	O

General	O
remarks	O

This	O
introductory	O
provision	O
contains	O
five	O
definitions	O
of	O
terms	O
used	O
in	O
the	O
Second	O
Protocol	O
.	O

Besides	O
defining	O
the	O
exact	O
meaning	O
of	O
the	O
terms	O
for	O
the	O
purpose	O
of	O
the	O
Second	O
Protocol	O
,	O
the	O
first	O
three	O
terms	O
also	O
establish	O
the	O
links	O
between	O
the	O
Second	O
Protocol	O
and	O
the	O
Fraud	B
Convention	I
and	O
the	O
First	O
Protocol	O
thereto	O
.	O

1.2	O
.	O

Paragraphs	O
(	O
a	O
)	O
and	O
(	O
b	O
)	O

These	O
paragraphs	O
formally	O
establish	O
the	O
relationship	O
between	O
the	O
Second	O
Protocol	O
and	O
the	O
Fraud	B
Convention	I
,	O
providing	O
that	O
'	O
Convention	O
'	O
shall	O
refer	O
to	O
the	O
Fraud	B
Convention	I
and	O
'	O
fraud	B
'	O
shall	O
refer	O
to	O
the	O
conduct	O
described	O
as	O
such	O
in	O
that	O
Convention	O
.	O

1.3	O
.	O

Paragraph	O
(	O
c	O
)	O

Besides	O
being	O
related	O
to	O
the	O
Fraud	B
Convention	I
,	O
the	O
Second	O
Protocol	O
is	O
also	O
related	O
to	O
the	O
First	O
Protocol	O
thereto	O
,	O
the	O
Corruption	B
Protocol	I
.	O

The	O
link	O
is	O
emphasised	O
by	O
paragraph	O
(	O
c	O
)	O
,	O
which	O
states	O
that	O
,	O
in	O
the	O
context	O
of	O
the	O
Second	O
Protocol	O
,	O
'	O
passive	B
corruption	I
'	O
and	O
'	O
active	B
corruption	I
'	O
shall	O
have	O
the	O
same	O
meanings	O
as	O
in	O
the	O
First	O
Protocol	O
.	O

1.4	O
.	O

Paragraph	O
(	O
d	O
)	O

The	O
Second	O
Protocol	O
states	O
that	O
a	O
'	O
legal	B
person	I
'	O
shall	O
mean	O
any	O
entity	O
having	O
such	O
status	O
under	O
the	O
applicable	O
national	O
law	B
,	O
except	O
for	O
States	O
or	O
other	O
public	B
bodies	I
in	O
the	O
exercise	O
of	O
State	B
authority	I
and	O
for	O
public	B
international	O
organisations	O
.	O

In	O
this	O
context	O
,	O
'	O
national	O
law	B
'	O
means	O
the	O
national	O
law	B
of	O
the	O
Member	O
State	O
taking	O
measures	O
against	O
a	O
legal	B
person	I
in	O
accordance	O
with	O
the	O
Second	O
Protocol	O
.	O

1.5	O
.	O

Paragraph	O
(	O
e	O
)	O

For	O
the	O
purpose	O
of	O
the	O
Second	O
Protocol	O
,	O
'	O
money	B
laundering	I
'	O
is	O
understood	O
as	O
the	O
conduct	O
defined	O
as	O
such	O
in	O
Council	B
Directive	B
91	O
/	O
308	O
/	O
EEC	O
of	O
10	O
June	O
1991	O
on	O
the	O
prevention	O
of	O
the	O
use	O
of	O
the	O
financial	B
system	I
for	O
the	O
purpose	O
of	O
money	B
laundering	I
as	O
far	O
as	O
the	O
offences	B
covered	O
by	O
the	O
Fraud	B
Convention	I
and	O
the	O
First	O
Protocol	O
thereto	O
are	O
concerned	O
.	O

As	O
a	O
result	O
,	O
under	O
the	O
Second	O
Protocol	O
money	B
laundering	I
refers	O
to	O
the	O
proceeds	B
of	O
,	O
at	O
least	O
,	O
serious	O
cases	O
of	O
fraud	B
and	O
the	O
proceeds	B
of	O
active	B
and	O
passive	B
corruption	I
.	O

Where	O
reference	O
is	O
made	O
to	O
the	O
Directive	B
,	O
in	O
the	O
definition	O
of	O
money	B
laundering	I
,	O
the	O
expression	O
'	O
property	O
'	O
used	O
in	O
the	O
third	O
indent	O
of	O
Article	O
1	O
of	O
the	O
Directive	B
is	O
defined	O
in	O
the	O
fourth	O
indent	O
of	O
the	O
said	O
Article	O
1	O
.	O

As	O
a	O
consequence	O
,	O
'	O
property	O
'	O
in	O
the	O
context	O
of	O
the	O
Second	O
Protocol	O
means	O
'	O
assets	B
of	O
every	O
kind	O
,	O
whether	O
corporeal	O
or	O
incorporeal	O
,	O
movable	B
or	O
immovable	B
,	O
tangible	O
or	O
intangible	O
,	O
and	O
legal	B
documents	O
or	O
instruments	O
evidencing	O
title	O
to	O
such	O
assets	B
'	O
.	O

Article	O
2	O
Money	B
laundering	I

On	O
the	O
basis	O
of	O
this	O
provision	O
,	O
in	O
combination	O
with	O
Article	O
1(e	O
)	O
,	O
Member	O
States	O
are	O
obliged	O
to	O
ensure	O
that	O
the	O
criminal	B
offence	I
of	O
money	B
laundering	I
in	O
their	O
national	O
legislation	B
also	O
includes	O
the	O
offences	B
of	O
fraud	B
,	O
at	O
least	O
in	O
serious	O
cases	O
,	O
and	O
of	O
active	B
and	O
passive	B
corruption	I
as	O
predicate	B
offences	I
.	O

This	O
extension	O
of	O
the	O
scope	O
of	O
money	B
laundering	I
was	O
encouraged	O
in	O
the	O
action	B
plan	I
to	O
combat	O
organised	B
crime	I
which	O
recommends	O
that	O
the	O
'	O
criminalisation	B
of	O
laundering	B
of	I
the	I
proceeds	I
of	I
crime	I
should	O
be	O
made	O
as	O
general	O
as	O
possible	O
'	O
(	O
Recommendation	O
26	O
)	O
.	O

In	O
order	O
to	O
put	O
this	O
recommendation	O
into	O
practice	O
,	O
the	O
Council	B
adopted	O
on	O
3	O
December	O
1998	O
a	O
joint	B
action	I
on	O
money	B
laundering	I
,	O
the	O
identification	O
,	O
tracing	O
,	O
freezing	B
,	O
seizing	B
and	O
confiscation	B
of	O
instrumentalities	B
and	O
proceeds	B
of	I
crime	I
,	O
which	O
obliges	O
the	O
Member	O
States	O
to	O
provide	O
for	O
a	O
broad	O
list	O
of	O
predicate	B
offences	I
.	O

In	O
its	O
second	O
report	O
to	O
the	O
European	B
Parliament	I
and	O
the	O
Council	B
on	O
the	O
implementation	O
of	O
the	O
Money	B
Laundering	I
Directive	B
,	O
the	O
Commission	B
announced	O
its	O
intention	O
to	O
propose	O
an	O
extension	O
to	O
the	O
scope	O
of	O
the	O
Money	B
Laundering	I
Directive	B
.	O

It	O
should	O
be	O
noted	O
that	O
,	O
in	O
order	O
to	O
enable	O
Member	O
States	O
to	O
ratify	O
the	O
Second	O
Protocol	O
where	O
they	O
have	O
not	O
yet	O
been	O
able	O
to	O
implement	O
such	O
an	O
extension	O
,	O
Article	O
18(1	O
)	O
of	O
the	O
Second	O
Protocol	O
allows	O
a	O
temporary	O
reservation	O
regarding	O
cases	O
other	O
than	O
those	O
related	O
to	O
serious	O
cases	O
of	O
active	B
and	O
passive	B
corruption	I
to	O
be	O
made	O
for	O
a	O
period	O
of	O
five	O
years	O
which	O
may	O
be	O
renewed	O
once	O
.	O

Article	O
3	O
Liability	B
of	O
legal	B
persons	I

3.1	O
.	O

General	O
remarks	O

On	O
the	O
basis	O
of	O
this	O
provision	O
,	O
the	O
law	B
of	O
the	O
Member	O
States	O
must	O
provide	O
that	O
legal	B
persons	I
can	O
be	O
held	O
liable	B
for	O
fraud	B
,	O
active	B
corruption	I
and	O
money	B
laundering	I
committed	O
for	O
their	O
benefit	O
.	O

Paragraph	O
1	O
contains	O
the	O
criteria	O
according	O
to	O
which	O
the	O
legal	B
person	I
's	O
liability	B
must	O
be	O
established	O
for	O
offences	B
committed	O
by	O
persons	O
with	O
certain	O
leading	O
positions	O
,	O
whereas	O
paragraph	O
2	O
addresses	O
the	O
possibility	O
of	O
a	O
legal	B
person	I
being	O
held	O
liable	B
for	O
offences	B
committed	O
by	O
other	O
persons	O
within	O
the	O
legal	B
person	I
.	O

The	O
third	O
paragraph	O
stresses	O
that	O
the	O
liability	B
of	O
a	O
legal	B
person	I
should	O
not	O
exclude	O
the	O
liability	B
of	O
the	O
natural	B
person	I
involved	O
in	O
the	O
commission	B
of	O
the	O
offences	B
for	O
which	O
the	O
legal	B
person	I
is	O
liable	B
.	O

3.2	O
.	O

Paragraph	O
1	O

According	O
to	O
paragraph	O
1	O
,	O
liability	B
of	O
a	O
legal	B
person	I
for	O
one	O
of	O
the	O
offences	B
mentioned	O
exists	O
if	O
at	O
least	O
two	O
complementary	O
criteria	O
are	O
met	O
:	O

(	O
i	O
)	O
the	O
offence	B
involved	O
has	O
been	O
committed	O
for	O
the	O
benefit	O
of	O
the	O
legal	B
person	I
;	O
and	O
(	O
ii	O
)	O
the	O
offence	B
has	O
been	O
committed	O
by	O
a	O
natural	B
person	I
who	O
has	O
a	O
certain	O
leading	O
position	O
within	O
the	O
legal	B
person	I
.	O

The	O
first	O
criterion	O
creates	O
a	O
link	O
between	O
the	O
offence	B
and	O
the	O
legal	B
person	I
.	O

The	O
offence	B
must	O
be	O
committed	O
for	O
the	O
benefit	O
of	O
the	O
legal	B
person	I
.	O

The	O
possible	O
benefit	O
may	O
be	O
directly	O
financial	B
(	O
e.g.	O
by	O
obtaining	O
the	O
proceeds	B
of	O
EC	B
fraud	B
)	O
or	O
otherwise	O
(	O
e.g.	O
by	O
receiving	O
orders	O
due	O
to	O
the	O
corruption	B
of	O
an	O
official	B
)	O
.	O

It	O
is	O
not	O
relevant	O
whether	O
the	O
natural	B
person	I
who	O
physically	O
commits	O
the	O
offence	B
is	O
acting	O
individually	O
or	O
as	O
part	O
of	O
an	O
organ	O
of	O
the	O
legal	B
person	I
.	O

In	O
the	O
second	O
criterion	O
,	O
a	O
relationship	O
is	O
established	O
between	O
the	O
physical	O
offender	B
and	O
the	O
legal	B
person	I
to	O
be	O
held	O
liable	B
for	O
the	O
offence	B
.	O

It	O
is	O
further	O
stated	O
that	O
the	O
'	O
leading	O
position	O
'	O
of	O
the	O
natural	B
person	I
may	O
be	O
derived	O
from	O
one	O
or	O
more	O
of	O
the	O
elements	O
mentioned	O
within	O
paragraph	O
1	O
,	O
which	O
vary	O
from	O
the	O
rather	O
formal	O
to	O
the	O
rather	O
substantial	O
:	O
a	O
power	O
of	O
representation	O
of	O
the	O
legal	B
person	I
,	O
or	O
an	O
authority	B
to	O
take	O
decisions	O
on	O
behalf	O
of	O
the	O
legal	B
person	I
,	O
or	O
an	O
authority	B
to	O
exercise	O
control	O
within	O
the	O
legal	B
person	I
.	O

As	O
a	O
result	O
,	O
in	O
order	O
to	O
implement	O
the	O
Second	O
Protocol	O
,	O
Member	O
States	O
will	O
have	O
to	O
insert	O
all	O
three	O
elements	O
in	O
their	O
domestic	O
legislation	B
as	O
alternatives	O
on	O
which	O
the	O
leading	O
position	O
may	O
be	O
based	O
.	O

As	O
regards	O
cases	O
where	O
the	O
liability	B
of	O
a	O
legal	B
person	I
would	O
be	O
based	O
on	O
the	O
physical	O
offender	B
's	O
authority	B
to	O
exercise	O
control	O
within	O
a	O
legal	B
person	I
,	O
it	O
should	O
be	O
noted	O
that	O
the	O
term	O
'	O
control	O
'	O
is	O
to	O
be	O
understood	O
in	O
the	O
way	O
that	O
the	O
power	O
of	O
supervision	O
over	O
the	O
legal	B
person	I
's	O
management	O
must	O
be	O
such	O
as	O
to	O
ensure	O
that	O
the	O
physical	O
offender	B
occupies	O
a	O
leading	O
position	O
within	O
the	O
legal	B
person	I
.	O

Authority	B
to	O
exercise	O
control	O
within	O
the	O
legal	B
person	I
may	O
result	O
in	O
particular	O
from	O
responsibility	O
for	O
internal	O
financial	B
control	O
and	O
auditing	B
or	O
from	O
membership	O
of	O
a	O
controlling	O
or	O
supervisory	O
body	O
internal	O
to	O
the	O
legal	B
person	I
,	O
to	O
the	O
extent	O
that	O
these	O
positions	O
correspond	O
to	O
a	O
leading	O
position	O
which	O
implies	O
a	O
possibility	O
of	O
influencing	O
the	O
legal	B
person	I
's	O
management	O
.	O

Thus	O
,	O
the	O
power	O
of	O
control	O
vested	O
in	O
persons	O
which	O
implies	O
no	O
possibility	O
of	O
influencing	O
the	O
legal	B
person	I
's	O
management	O
does	O
not	O
count	O
.	O

Paragraph	O
1	O
does	O
not	O
cover	O
external	O
persons	O
auditing	B
accounts	B
of	O
the	O
legal	B
person	I
in	O
question	O
,	O
for	O
example	O
persons	O
from	O
audit	B
companies	B
.	O

The	O
legal	B
person	I
may	O
also	O
be	O
held	O
liable	B
with	O
respect	O
to	O
the	O
involvement	O
of	O
the	O
natural	B
person	I
referred	O
to	O
in	O
paragraph	O
1	O
as	O
an	O
accessory	B
or	O
instigator	B
in	O
the	O
offences	B
,	O
or	O
in	O
the	O
attempted	O
commission	B
of	O
fraud	B
.	O

3.3	O
.	O

Paragraph	O
2	O

In	O
addition	O
to	O
the	O
cases	O
covered	O
by	O
paragraph	O
1	O
,	O
Article	O
3(2	O
)	O
addresses	O
the	O
situation	O
of	O
an	O
offence	B
referred	O
to	O
in	O
paragraph	O
1	O
being	O
committed	O
by	O
a	O
person	O
in	O
a	O
position	O
subordinate	O
to	O
the	O
person	O
in	O
a	O
leading	O
position	O
.	O

Member	O
States	O
are	O
obliged	O
to	O
provide	O
for	O
measures	O
against	O
legal	B
persons	I
in	O
such	O
cases	O
if	O
the	O
commission	B
of	O
the	O
offence	B
has	O
been	O
made	O
possible	O
by	O
the	O
lack	O
of	O
supervision	O
or	O
control	O
by	O
one	O
of	O
the	O
persons	O
in	O
a	O
leading	O
position	O
.	O

Thus	O
,	O
paragraph	O
2	O
does	O
not	O
necessarily	O
imply	O
an	O
objective	O
responsibility	O
on	O
the	O
part	O
of	O
the	O
legal	B
person	I
but	O
the	O
paragraph	O
may	O
be	O
interpreted	O
as	O
being	O
limited	O
to	O
covering	O
cases	O
where	O
the	O
legal	B
person	I
as	O
such	O
may	O
be	O
blamed	O
for	O
culpable	B
behaviour	I
of	O
persons	O
acting	O
on	O
its	O
behalf	O
.	O

See	O
also	O
point	O
4.3	O
.	O

3.4	O
.	O

Paragraph	O
3	O

Article	O
3(3	O
)	O
provides	O
that	O
criminal	B
proceedings	I
against	O
those	O
natural	B
persons	I
who	O
,	O
de	O
facto	O
,	O
committed	O
the	O
offence	B
should	O
not	O
be	O
excluded	O
by	O
the	O
liability	B
of	O
the	O
legal	B
person	I
.	O

As	O
a	O
result	O
,	O
measures	O
being	O
taken	O
,	O
for	O
example	O
against	O
a	O
company	B
for	O
whose	O
benefit	O
a	O
fraud	B
was	O
committed	O
by	O
the	O
general	O
manager	O
,	O
shall	O
not	O
exclude	O
criminal	B
prosecution	I
of	O
the	O
manager	O
himself	O
.	O

Article	O
4	O
Sanctions	B
for	O
legal	B
persons	I

4.1	O
.	O

General	O
remarks	O

Article	O
4	O
addresses	O
the	O
issue	O
of	O
sanctions	B
against	O
legal	B
persons	I
held	O
liable	B
for	O
the	O
offences	B
referred	O
to	O
in	O
Article	O
3	O
.	O

It	O
recognises	O
the	O
different	O
forms	O
of	O
liability	B
dealt	O
with	O
in	O
the	O
first	O
two	O
paragraphs	O
of	O
Article	O
3	O
,	O
distinguishing	O
the	O
liability	B
for	O
an	O
offence	B
committed	O
by	O
a	O
person	O
in	O
a	O
leading	O
position	O
from	O
that	O
for	O
an	O
offence	B
committed	O
by	O
a	O
subordinate	O
employee	O
.	O

4.2	O
.	O

Paragraph	O
1	O

In	O
its	O
first	O
paragraph	O
,	O
Article	O
4	O
obliges	O
Member	O
States	O
to	O
ensure	O
that	O
legal	B
persons	I
held	O
liable	B
for	O
one	O
of	O
the	O
offences	B
covered	O
by	O
Article	O
3(1	O
)	O
committed	O
by	O
a	O
person	O
in	O
a	O
leading	O
position	O
may	O
be	O
punished	B
by	O
'	O
effective	O
,	O
proportionate	O
and	O
dissuasive	O
sanctions	B
'	O
,	O
thus	O
recalling	O
the	O
criteria	O
used	O
in	O
Article	O
2	O
of	O
the	O
Fraud	B
Convention	I
and	O
the	O
case-law	B
of	O
the	O
Court	B
of	I
Justice	I
.	O

According	O
to	O
the	O
Second	O
Protocol	O
,	O
these	O
sanctions	B
must	O
include	O
fines	B
of	O
a	O
criminal	B
or	O
non-criminal	B
nature	O
and	O
may	O
include	O
other	O
sanctions	B
,	O
some	O
of	O
which	O
are	O
suggested	O
in	O
the	O
paragraph	O
.	O

As	O
for	O
other	O
sanctions	B
,	O
these	O
could	O
,	O
for	O
example	O
,	O
be	O
additional	O
measures	O
such	O
as	O
the	O
exclusion	O
of	O
a	O
legal	B
person	I
from	O
participation	O
in	O
a	O
public	B
tender	I
,	O
as	O
suggested	O
in	O
the	O
resolution	B
of	O
the	O
European	B
Parliament	I
of	O
24	O
October	O
1996	O
.	O

4.3	O
.	O

Paragraph	O
2	O

Paragraph	O
2	O
states	O
that	O
the	O
Member	O
States	O
must	O
also	O
ensure	O
that	O
effective	O
,	O
proportionate	O
and	O
dissuasive	O
sanctions	B
or	O
measures	O
apply	O
to	O
legal	B
persons	I
held	O
liable	B
for	O
fraud	B
,	O
corruption	B
and	O
money	B
laundering	I
pursuant	O
to	O
Article	O
3(2	O
)	O
,	O
i.e.	O
in	O
cases	O
where	O
the	O
commission	B
of	O
the	O
offence	B
by	O
a	O
subordinate	O
employee	O
was	O
made	O
possible	O
by	O
insufficient	O
supervision	O
or	O
control	O
by	O
a	O
person	O
in	O
a	O
leading	O
position	O
.	O

For	O
the	O
cases	O
referred	O
to	O
in	O
Articles	O
3(2	O
)	O
and	O
4(2	O
)	O
,	O
Member	O
States	O
may	O
choose	O
the	O
type	O
and	O
severity	O
of	O
the	O
sanctions	B
or	O
measures	O
,	O
as	O
long	O
as	O
they	O
are	O
effective	O
,	O
proportionate	O
and	O
dissuasive	O
.	O

It	O
should	O
,	O
therefore	O
,	O
be	O
noted	O
that	O
while	O
the	O
measures	O
to	O
be	O
taken	O
under	O
Article	O
3(2	O
)	O
and	O
4(2	O
)	O
may	O
be	O
criminal	B
sanctions	I
,	O
administrative	B
and	O
civil	B
law	I
measures	O
are	O
possible	O
as	O
well	O
.	O

Sanctions	B
or	O
measures	O
contemplated	O
in	O
Article	O
4(2	O
)	O
of	O
the	O
Second	O
Protocol	O
,	O
even	O
if	O
they	O
need	O
not	O
be	O
provided	O
for	O
in	O
the	O
criminal	B
law	I
or	O
administrative	B
penal	I
legislation	I
of	O
the	O
Member	O
States	O
,	O
should	O
,	O
where	O
appropriate	O
,	O
have	O
a	O
certain	O
punitive	B
character	O
in	O
the	O
sense	O
of	O
going	O
beyond	O
mere	O
reparation	B
of	I
damages	I
or	O
restitution	B
of	I
wrongful	I
enrichment	I
.	O

Article	O
5	O
Confiscation	B

In	O
order	O
to	O
ensure	O
effective	O
cooperation	O
in	O
the	O
fight	O
against	O
Community	O
fraud	B
and	O
corruption	B
related	O
thereto	O
,	O
it	O
is	O
necessary	O
that	O
the	O
legislation	B
of	O
the	O
Member	O
States	O
allows	O
similar	O
minimum	O
measures	O
to	O
be	O
taken	O
in	O
similar	O
cases	O
regarding	O
the	O
seizure	B
and	O
the	O
confiscation	B
or	O
removal	B
of	I
instruments	I
and	I
proceeds	I
of	O
fraud	B
,	O
active	B
and	O
passive	B
corruption	I
and	O
money	B
laundering	I
.	O

The	O
reference	O
to	O
removal	B
of	I
instruments	I
and	I
proceeds	I
is	O
intended	O
to	O
cover	O
cases	O
which	O
do	O
not	O
necessarily	O
involve	O
confiscation	B
(	O
for	O
example	O
civil	B
law	I
cases	O
for	O
the	O
purpose	O
of	O
compensation	B
of	I
damages	I
or	O
restitution	B
of	O
the	O
property	O
concerned	O
to	O
its	O
rightful	O
owner	O
)	O
.	O

The	O
seizure	B
,	O
confiscation	B
or	O
removal	B
measures	I
which	O
must	O
be	O
in	O
place	O
may	O
concern	O
the	O
instruments	O
used	O
in	O
order	O
to	O
commit	O
fraud	B
,	O
active	B
or	O
passive	B
corruption	I
or	O
money	B
laundering	I
,	O
and	O
the	O
proceeds	B
of	O
these	O
offences	B
.	O

Moreover	O
,	O
these	O
measures	O
may	O
also	O
concern	O
property	O
the	O
value	O
of	O
which	O
corresponds	O
to	O
such	O
proceeds	B
.	O

In	O
this	O
context	O
,	O
the	O
expression	O
'	O
seizure	B
'	O
covers	O
'	O
freezing	B
'	O
and	O
'	O
seizure	B
'	O
as	O
defined	O
in	O
Article	O
1(I	O
)	O
of	O
the	O
UN	B
Convention	O
against	O
Illicit	B
Traffic	O
in	O
Narcotic	O
Drugs	O
and	O
Psychotropic	O
Substances	O
(	O
Vienna	B
,	O
19	O
December	O
1988	O
)	O
.	O

Bona	B
fide	I
third	I
parties	I
should	O
be	O
protected	O
regarding	O
confiscation	B
and	O
removal	B
of	I
instruments	I
and	I
proceeds	I
.	O

It	O
follows	O
from	O
the	O
second	O
sentence	O
of	O
Article	O
5	O
,	O
which	O
provides	O
that	O
the	O
said	O
Member	O
State	O
will	O
act	O
in	O
accordance	O
with	O
its	O
national	O
law	B
,	O
that	O
the	O
question	O
of	O
whether	O
or	O
not	O
a	O
third	B
party	I
is	O
bona	B
fide	I
will	O
be	O
answered	O
according	O
to	O
that	O
law	B
.	O

Article	O
6	O
Tax	B
and	O
customs	B
duty	I
offences	B

This	O
provision	O
,	O
which	O
deals	O
with	O
non-invocation	O
of	O
the	O
fiscal	B
exception	I
for	O
the	O
purpose	O
of	O
mutual	B
assistance	I
as	O
far	O
as	O
the	O
scope	O
of	O
the	O
Second	O
Protocol	O
is	O
concerned	O
,	O
supplements	O
Article	O
5(3	O
)	O
of	O
the	O
Fraud	B
Convention	I
.	O

Whereas	O
the	O
latter	O
excludes	O
the	O
application	O
of	O
the	O
fiscal	B
exception	I
in	O
the	O
context	O
of	O
extradition	B
,	O
Article	O
6	O
of	O
the	O
Second	O
Protocol	O
states	O
that	O
mutual	B
legal	I
assistance	I
in	O
criminal	B
matters	O
may	O
not	O
be	O
refused	O
for	O
the	O
mere	O
reason	O
of	O
the	O
offence	B
being	O
tax	B
or	O
duty	B
related	O
.	O

The	O
provision	O
in	O
itself	O
is	O
an	O
exception	O
to	O
Article	O
2(a	O
)	O
of	O
the	O
European	O
Convention	O
on	O
mutual	B
assistance	I
in	O
criminal	B
matters	O
(	O
Strasbourg	B
,	O
20	O
April	O
1959	O
)	O
and	O
,	O
although	O
several	O
provisions	O
similar	O
to	O
Article	O
6	O
already	O
exist	O
(	O
e.g.	O
in	O
Article	O
1	O
of	O
the	O
Additional	O
Protocol	O
to	O
the	O
1959	O
Convention	O
(	O
Strasbourg	B
,	O
17	O
March	O
1978	O
)	O
and	O
Article	O
50	O
of	O
the	O
Schengen	B
Implementation	I
Convention	I
(	O
Schengen	B
,	O
14	O
June	O
1990	O
)	O
)	O
,	O
it	O
was	O
decided	O
that	O
it	O
should	O
be	O
included	O
in	O
the	O
Second	O
Protocol	O
as	O
well	O
,	O
as	O
none	O
of	O
these	O
instruments	O
were	O
ratified	O
by	O
all	O
Member	O
States	O
at	O
the	O
time	O
of	O
the	O
adoption	O
of	O
the	O
act	O
drawing	O
up	O
the	O
Second	O
Protocol	O
.	O

As	O
regards	O
the	O
scope	O
of	O
'	O
tax	B
offences	I
'	O
in	O
this	O
context	O
,	O
this	O
will	O
cover	O
revenue	B
(	O
taxes	B
and	O
duties	B
)	O
within	O
the	O
meaning	O
of	O
the	O
Convention	O
.	O

Article	O
7	O
Cooperation	O
with	O
the	O
Commission	B
of	I
the	I
European	I
Communities	I

7.1	O
.	O

General	O
remarks	O

Article	O
7	O
and	O
the	O
Articles	O
which	O
follow	O
it	O
set	O
out	O
the	O
provisions	O
governing	O
cooperation	O
between	O
the	O
Member	O
States	O
and	O
the	O
Commission	B
in	O
the	O
area	O
of	O
the	O
Fraud	B
Convention	I
and	O
the	O
Protocols	O
to	O
it	O
and	O
lay	O
down	O
the	O
obligations	O
resulting	O
from	O
that	O
cooperation	O
for	O
the	O
Commission	B
.	O

The	O
Member	O
States	O
,	O
as	O
Contracting	B
Parties	O
to	O
the	O
Second	O
Protocol	O
,	O
confer	O
on	O
the	O
Commission	B
a	O
task	O
implying	O
certain	O
commitments	O
by	O
the	O
Commission	B
,	O
not	O
only	O
as	O
regards	O
its	O
relations	O
with	O
the	O
Member	O
States	O
but	O
also	O
as	O
regards	O
its	O
relations	O
with	O
private	B
individuals	O
where	O
data	B
protection	I
is	O
concerned	O
.	O

The	O
Commission	B
is	O
prepared	O
to	O
carry	O
out	O
this	O
task	O
and	O
it	O
accepts	O
the	O
responsibility	O
incumbent	O
upon	O
it	O
under	O
the	O
relevant	O
provisions	O
of	O
the	O
Second	O
Protocol	O
.	O

Article	O
6	O
of	O
the	O
Fraud	B
Convention	I
provides	O
general	O
rules	B
on	O
cooperation	O
between	O
the	O
Member	O
States	O
regarding	O
cases	O
of	O
fraud	B
detrimental	O
to	O
the	O
European	B
Communities	I
'	O
financial	B
interests	I
.	O

That	O
provision	O
also	O
applies	O
to	O
the	O
Second	O
Protocol	O
pursuant	O
to	O
Article	O
12(1	O
)	O
of	O
the	O
Second	O
Protocol	O
.	O

Article	O
10	O
of	O
the	O
Second	O
Protocol	O
lays	O
down	O
the	O
principle	O
of	O
data	O
transfer	O
between	O
the	O
Member	O
States	O
and	O
the	O
Commission	B
for	O
the	O
purposes	O
of	O
applying	O
the	O
Convention	O
.	O

Article	O
7	O
of	O
the	O
Second	O
Protocol	O
follows	O
on	O
from	O
these	O
provisions	O
.	O

It	O
requires	O
the	O
Member	O
States	O
and	O
the	O
Commission	B
to	O
cooperate	O
with	O
each	O
other	O
in	O
the	O
fight	B
against	I
fraud	I
,	O
active	B
and	O
passive	B
corruption	I
and	O
money	B
laundering	I
.	O

It	O
makes	O
it	O
clear	O
that	O
not	O
only	O
the	O
Member	O
States	O
,	O
but	O
also	O
the	O
Commission	B
,	O
have	O
a	O
role	O
to	O
play	O
regarding	O
cooperation	O
in	O
the	O
fight	B
against	I
fraud	I
,	O
active	B
and	O
passive	B
corruption	I
and	O
money	B
laundering	I
.	O

The	O
Commission	B
's	O
role	O
is	O
related	O
to	O
its	O
specific	O
responsibilities	O
and	O
obligations	O
in	O
respect	O
of	O
implementation	O
of	O
the	O
budget	B
and	O
combating	O
fraud	B
against	O
the	O
Communities	O
'	O
financial	B
interests	I
under	O
Articles	O
205	O
and	O
209a	O
of	O
the	O
Treaty	B
establishing	I
the	I
European	I
Community	I
.	O

Article	O
7	O
further	O
specifies	O
the	O
rules	B
governing	O
data	O
transfers	O
,	O
which	O
are	O
vital	O
to	O
effective	O
cooperation	O
between	O
the	O
Member	O
States	O
and	O
the	O
Commission	B
.	O

7.2	O
.	O

Paragraph	O
1	O

(	O
a	O
)	O
This	O
paragraph	O
provides	O
for	O
cooperation	O
between	O
the	O
Member	O
States	O
and	O
the	O
Commission	B
.	O

Alongside	O
the	O
Member	O
States	O
'	O
primary	O
responsibility	O
for	O
investigations	O
and	O
prosecutions	B
(	O
Article	O
6	O
of	O
the	O
Convention	O
)	O
Article	O
7(1	O
)	O
confers	O
a	O
technical	O
and	O
operational	O
role	O
on	O
the	O
Commission	B
.	O

The	O
text	O
expresses	O
the	O
concept	O
of	O
partnership	O
in	O
the	O
fight	B
against	I
fraud	I
.	O

What	O
is	O
concerned	O
here	O
is	O
fraud	B
in	O
the	O
criminal	B
sense	O
.	O

The	O
following	O
situations	O
are	O
involved	O
where	O
at	O
least	O
two	O
Member	O
States	O
are	O
affected	O
:	O
cases	O
where	O
fraudulent	B
acts	I
are	O
committed	O
on	O
two	O
sides	O
of	O
an	O
international	O
border	O
,	O
cases	O
where	O
a	O
fraudulent	B
act	I
is	O
committed	O
in	O
one	O
Member	O
State	O
but	O
the	O
perpetrators	B
are	O
nationals	O
of	O
more	O
than	O
one	O
Member	O
State	O
or	O
non-member	O
country	O
,	O
cases	O
where	O
a	O
fraudulent	B
act	I
is	O
committed	O
in	O
one	O
Member	O
State	O
but	O
the	O
evidence	B
is	O
spread	O
over	O
more	O
than	O
one	O
Member	O
State	O
or	O
non-member	O
country	O
,	O
cases	O
where	O
the	O
fruits	O
of	O
fraud	B
and	O
property	O
liable	B
to	O
confiscation	B
are	O
to	O
be	O
found	O
outside	O
the	O
country	O
where	O
the	O
fraudulent	B
act	I
is	O
committed	O
,	O
even	O
outside	O
the	O
European	B
Union	I
,	O
cases	O
where	O
,	O
although	O
individual	O
fraudulent	B
acts	I
are	O
committed	O
within	O
a	O
national	O
context	O
,	O
they	O
constitute	O
links	O
in	O
a	O
chain	O
of	O
fraudulent	B
acts	I
organised	O
transnationally	O
.	O

These	O
situations	O
also	O
apply	O
to	O
corruption	B
and	O
money	B
laundering	I
.	O

Provision	O
is	O
made	O
for	O
cooperation	O
between	O
the	O
Member	O
States	O
and	O
the	O
Commission	B
in	O
all	O
of	O
them	O
.	O

(	O
b	O
)	O
The	O
Commission	B
's	O
role	O
is	O
further	O
spelled	O
out	O
in	O
the	O
second	O
subparagraph	O
.	O

It	O
is	O
provided	O
for	O
the	O
purposes	O
of	O
cooperation	O
that	O
the	O
Commission	B
shall	O
lend	O
its	O
assistance	O
.	O

Where	O
fraudulent	B
acts	I
are	O
committed	O
in	O
a	O
single	O
Member	O
State	O
,	O
there	O
may	O
nonetheless	O
be	O
links	O
with	O
organised	O
networks	O
in	O
several	O
Member	O
States	O
.	O

Rapid	O
and	O
fruitful	O
cooperation	O
between	O
the	O
relevant	O
authorities	B
-	O
whether	O
at	O
Member	O
State	O
or	O
Community	O
level	O
-	O
will	O
be	O
conducive	O
to	O
successful	O
investigations	O
and	O
prosecution	B
.	O

The	O
role	O
conferred	O
on	O
the	O
Commission	B
is	O
defined	O
by	O
the	O
word	O
'	O
assistance	O
'	O
.	O

Assistance	O
will	O
depend	O
on	O
the	O
circumstances	O
and	O
requirements	O
of	O
the	O
individual	O
case	O
.	O

The	O
objective	O
is	O
to	O
add	O
value	O
to	O
the	O
investigations	O
of	O
the	O
facts	O
and	O
to	O
prosecution	B
and	O
conviction	B
where	O
the	O
case	O
is	O
referred	O
to	O
the	O
official	O
national	O
authorities	B
,	O
by	O
ensuring	O
that	O
the	O
necessary	O
skills	O
and	O
know-how	O
are	O
available	O
.	O

The	O
concept	O
will	O
fall	O
to	O
be	O
interpreted	O
in	O
the	O
broadest	O
sense	O
,	O
without	O
restrictions	O
.	O

The	O
role	O
conferred	O
on	O
the	O
Commission	B
is	O
clearly	O
without	O
prejudice	O
to	O
the	O
exercise	O
of	O
powers	O
conferred	O
on	O
the	O
Member	O
States	O
'	O
judicial	B
authorities	I
in	O
criminal	B
matters	O
.	O

The	O
Member	O
States	O
'	O
authorities	B
have	O
access	O
to	O
the	O
full	O
range	O
of	O
national	O
and	O
international	O
legal	B
instruments	I
,	O
including	O
the	O
Convention	O
on	O
the	O
protection	O
of	O
the	O
Communities	O
'	O
financial	B
interests	I
and	O
the	O
Protocols	O
to	O
it	O
,	O
to	O
enable	O
them	O
to	O
act	O
against	O
fraud	B
,	O
particularly	O
where	O
organised	B
financial	I
crime	I
is	O
involved	O
.	O

No	O
change	O
is	O
made	O
to	O
the	O
national	O
and	O
international	O
legal	B
instruments	I
themselves	O
;	O
the	O
provision	O
is	O
solely	O
for	O
Commission	B
assistance	O
in	O
their	O
implementation	O
.	O

Assistance	O
may	O
be	O
in	O
two	O
forms	O
-	O
technical	O
and	O
operational	O
-	O
which	O
must	O
be	O
distinguished	O
.	O

(	O
c	O
)	O
Technical	O
assistance	O
corresponds	O
to	O
the	O
value	O
added	O
by	O
the	O
Commission	B
in	O
all	O
areas	O
governed	O
by	O
Community	O
rules	B
.	O

The	O
documentary	O
and	O
logistical	O
expertise	O
that	O
it	O
can	O
make	O
available	O
in	O
the	O
fight	B
against	I
fraud	I
are	O
significant	O
here	O
.	O

But	O
so	O
are	O
the	O
full	O
range	O
of	O
its	O
strategic	O
data	O
that	O
can	O
be	O
used	O
to	O
identify	O
current	O
trends	O
regarding	O
fraudulent	B
activities	I
,	O
the	O
typology	O
of	O
fraud	B
perpetrators	I
,	O
both	O
individual	O
and	O
organisations	O
,	O
as	O
well	O
as	O
the	O
risk	O
analyses	O
prompted	O
by	O
the	O
vulnerability	B
to	I
fraud	I
of	O
certain	O
areas	O
of	O
activity	O
.	O

In	O
logistical	O
terms	O
,	O
the	O
judicial	B
and	O
prosecuting	B
authorities	I
may	O
well	O
need	O
access	O
to	O
the	O
Commission	B
's	O
databases	O
relating	O
to	O
potentially	O
relevant	O
business	B
activities	O
;	O
they	O
can	O
not	O
consult	O
these	O
without	O
the	O
Commission	B
's	O
assistance	O
.	O

Technical	O
assistance	O
embraces	O
other	O
forms	O
of	O
support	O
available	O
from	O
the	O
Unit	B
on	I
Coordination	I
of	I
Fraud	I
Prevention	I
's	O
(	O
UCLAF	B
)	O
Criminal	B
Expertise	I
and	I
Liaison	I
Unit	I
,	O
which	O
is	O
experienced	O
in	O
technical	O
legal	B
matters	O
extending	O
to	O
national	O
systems	O
.	O

All	O
prosecuting	B
authorities	I
will	O
thus	O
have	O
access	O
to	O
that	O
expertise	O
to	O
help	O
them	O
prepare	O
requests	O
to	O
be	O
made	O
to	O
the	O
judicial	B
authorities	I
of	O
one	O
or	O
more	O
other	O
Member	O
States	O
.	O

(	O
d	O
)	O
Operational	O
assistance	O
relates	O
specifically	O
to	O
on-the-ground	O
activities	O
to	O
combat	O
fraud	B
,	O
corruption	B
and	O
money	B
laundering	I
.	O

It	O
covers	O
all	O
the	O
contributions	O
the	O
Commission	B
can	O
make	O
to	O
enhancing	O
the	O
effectiveness	O
of	O
enforcement	B
activities	O
to	O
facilitate	O
coordination	O
of	O
investigations	O
undertaken	O
by	O
the	O
national	O
authorities	B
.	O

Clearly	O
the	O
investigations	O
and	O
prosecutions	B
in	O
the	O
areas	O
referred	O
to	O
in	O
Article	O
7	O
are	O
a	O
matter	O
for	O
the	O
Member	O
States	O
'	O
own	O
competent	O
(	O
judicial	B
or	O
other	O
)	O
authorities	B
.	O

But	O
the	O
Commission	B
's	O
operational	O
assistance	O
can	O
be	O
valuable	O
for	O
the	O
sound	O
performance	O
of	O
investigations	O
,	O
particularly	O
as	O
it	O
can	O
help	O
to	O
:	O
identify	O
and	O
contact	O
the	O
relevant	O
authorities	B
and	O
establish	O
relations	O
for	O
the	O
purposes	O
of	O
information	O
and	O
operations	O
,	O
thus	O
linking	O
the	O
administrative	B
and	O
the	O
criminal	B
investigations	I
,	O
establish	O
or	O
facilitate	O
direct	O
contacts	O
between	O
the	O
relevant	O
authorities	B
involved	O
,	O
organise	O
meetings	O
quickly	O
between	O
the	O
relevant	O
authorities	B
,	O
on	O
request	O
or	O
when	O
the	O
need	O
arises	O
,	O
promote	O
and	O
facilitate	O
relations	O
between	O
the	O
different	O
relevant	O
authorities	B
in	O
the	O
relevant	O
countries	O
in	O
cases	O
of	O
transnational	B
organised	I
fraud	I
,	O
provide	O
the	O
relevant	O
national	O
authorities	B
with	O
the	O
help	O
they	O
need	O
so	O
as	O
to	O
enjoy	O
the	O
quickest	O
and	O
most	O
efficient	O
access	O
to	O
the	O
results	O
of	O
investigations	O
undertaken	O
by	O
the	O
Commission	B
and	O
to	O
the	O
opportunities	O
offered	O
by	O
international	O
administrative	B
cooperation	O
,	O
provide	O
assistance	O
to	O
the	O
relevant	O
national	O
authorities	B
for	O
the	O
purpose	O
of	O
the	O
full	O
exploitation	O
of	O
the	O
possibilities	O
offered	O
by	O
international	O
agreements	O
on	O
judicial	B
cooperation	O
.	O

This	O
assistance	O
may	O
,	O
where	O
appropriate	O
,	O
include	O
the	O
provision	O
of	O
information	O
for	O
the	O
purpose	O
of	O
the	O
preparation	O
of	O
requests	O
for	O
judicial	B
cooperation	O
,	O
facilitate	O
requisite	O
contacts	O
with	O
the	O
relevant	O
authorities	B
in	O
cases	O
of	O
organised	B
international	I
fraud	I
so	O
as	O
to	O
promote	O
the	O
application	O
of	O
Article	O
6(2	O
)	O
of	O
the	O
Fraud	B
Convention	I
(	O
centralisation	O
of	O
prosecutions	B
)	O
.	O

7.3	O
.	O

Paragraph	O
2	O

Paragraph	O
2	O
provides	O
for	O
exchange	O
of	O
information	O
,	O
subject	O
to	O
protection	O
of	O
the	O
confidentiality	B
of	O
investigations	O
and	O
of	O
personal	O
data	O
.	O

(	O
a	O
)	O
The	O
purpose	O
of	O
paragraph	O
2	O
is	O
to	O
state	O
that	O
in	O
principle	O
there	O
must	O
be	O
no	O
barriers	O
to	O
the	O
exchange	O
of	O
information	O
between	O
the	O
Member	O
States	O
and	O
the	O
Commission	B
,	O
including	O
between	O
Member	O
States	O
via	O
the	O
Commission	B
.	O

The	O
information	O
exchange	O
presupposes	O
a	O
flow	O
of	O
information	O
in	O
two	O
directions	O
.	O

The	O
aim	O
of	O
the	O
information	O
exchange	O
is	O
to	O
facilitate	O
evidence	B
of	O
the	O
facts	O
of	O
a	O
case	O
and	O
preventive	O
or	O
enforcement	B
measures	O
in	O
cases	O
of	O
fraud	B
,	O
active	B
and	O
passive	B
corruption	I
and	O
money	B
laundering	I
.	O

There	O
may	O
be	O
an	O
intensified	O
administrative	B
investigation	O
where	O
there	O
is	O
reason	O
to	O
expect	O
real	O
irregularities	B
;	O
a	O
coherent	O
investigation	O
strategy	O
may	O
also	O
be	O
developed	O
.	O

The	O
paragraph	O
does	O
not	O
specify	O
the	O
types	O
of	O
information	O
that	O
may	O
be	O
exchanged	O
.	O

There	O
are	O
no	O
good	O
reasons	O
for	O
restricting	O
them	O
.	O

Given	O
the	O
wide	O
range	O
of	O
cooperation	O
situations	O
that	O
may	O
arise	O
,	O
information	O
needs	O
will	O
relate	O
to	O
a	O
whole	O
series	O
of	O
practical	O
possibilities	O
depending	O
on	O
the	O
individual	O
case	O
.	O

The	O
concrete	O
nature	O
of	O
the	O
information	O
will	O
depend	O
on	O
progress	O
in	O
investigations	O
at	O
the	O
time	O
when	O
cooperation	O
commences	O
and	O
,	O
of	O
course	O
,	O
on	O
the	O
specific	O
features	O
of	O
the	O
case	O
in	O
which	O
information	O
is	O
required	O
as	O
a	O
basis	O
for	O
further	O
action	O
.	O

The	O
information	O
exchanged	O
under	O
paragraph	O
2	O
might	O
,	O
for	O
instance	O
,	O
concern	O
:	O
the	O
nature	O
of	O
the	O
fraud	B
and	O
its	O
legal	B
context	I
,	O
the	O
modus	B
operandi	I
,	O
the	O
persons	O
or	O
bodies	B
corporate	I
involved	O
,	O
and	O
personal	O
data	O
more	O
generally	O
.	O

(	O
b	O
)	O
Paragraph	O
2	O
imposes	O
two	O
constraints	O
on	O
information	O
exchanges	O
:	O
data	B
protection	I
and	O
confidentiality	B
of	O
investigations	O
.	O

Each	O
individual	O
situation	O
will	O
have	O
to	O
be	O
assessed	O
individually	O
on	O
the	O
basis	O
of	O
the	O
circumstances	O
.	O

Specific	O
provisions	O
of	O
the	O
Second	O
Protocol	O
(	O
Articles	O
8	O
to	O
11	O
)	O
secure	O
the	O
protection	O
of	O
personal	O
data	O
in	O
the	O
information	O
exchange	O
process	O
.	O

The	O
national	O
law	B
of	O
each	O
Member	O
State	O
will	O
apply	O
to	O
the	O
confidentiality	B
of	O
investigations	O
.	O

As	O
regards	O
the	O
Commission	B
,	O
Community	O
law	B
provides	O
for	O
the	O
principle	O
of	O
business	B
secrecy	I
(	O
Article	O
214	O
of	O
the	O
Treaty	B
establishing	I
the	I
European	I
Community	I
)	O
.	O

Consideration	O
should	O
be	O
given	O
on	O
a	O
case-by-case	O
basis	O
to	O
the	O
specific	O
features	O
and	O
requirements	O
of	O
transnational	O
investigations	O
regarding	O
the	O
Communities	O
'	O
financial	B
interests	I
.	O

(	O
c	O
)	O
Article	O
7(2	O
)	O
also	O
allows	O
a	O
Member	O
State	O
which	O
supplies	O
information	O
to	O
set	O
specific	O
conditions	O
concerning	O
the	O
use	O
of	O
the	O
information	O
,	O
whether	O
by	O
the	O
Commission	B
or	O
by	O
another	O
Member	O
State	O
to	O
which	O
the	O
information	O
may	O
be	O
passed	O
.	O

A	O
Member	O
State	O
may	O
,	O
for	O
example	O
,	O
set	O
out	O
for	O
its	O
competent	O
authorities	B
general	O
or	O
specific	O
provisions	O
which	O
may	O
serve	O
as	O
a	O
basis	O
for	O
specific	O
conditions	O
relating	O
to	O
the	O
use	O
of	O
information	O
which	O
provide	O
a	O
level	O
of	O
protection	O
equivalent	O
to	O
that	O
provided	O
in	O
Directive	B
95	O
/	O
46	O
/	O
EC	O
of	O
the	O
European	B
Parliament	I
and	O
of	O
the	O
Council	B
of	O
24	O
October	O
1995	O
on	O
the	O
protection	O
of	O
individuals	O
with	O
regard	O
to	O
the	O
processing	O
of	O
personal	O
data	O
and	O
on	O
the	O
free	O
movement	O
of	O
such	O
data	O
and	O
are	O
consistent	O
with	O
the	O
provisions	O
of	O
national	O
law	B
.	O

In	O
so	O
doing	O
,	O
the	O
Member	O
States	O
should	O
take	O
account	O
on	O
a	O
case-by-case	O
basis	O
of	O
the	O
specific	O
features	O
and	O
requirements	O
of	O
transnational	O
investigations	O
regarding	O
the	O
Communities	O
'	O
financial	B
interests	I
.	O

Article	O
8	O
Data	B
protection	I
responsibility	O
for	O
the	O
Commission	B

The	O
Commission	B
shall	O
ensure	O
that	O
,	O
in	O
the	O
context	O
of	O
the	O
exchange	O
of	O
information	O
under	O
Article	O
7(2	O
)	O
,	O
it	O
observes	O
,	O
as	O
regards	O
the	O
processing	O
of	O
personal	O
data	O
,	O
a	O
level	O
of	O
protection	O
equivalent	O
to	O
the	O
level	O
of	O
protection	O
set	O
out	O
in	O
Directive	B
95	O
/	O
46	O
/	O
EC	O
.	O

A	O
Commission	B
statement	O
entered	O
in	O
the	O
Council	B
minutes	O
when	O
that	O
Directive	B
was	O
adopted	O
stated	O
that	O
the	O
Commission	B
accepted	O
the	O
obligations	O
flowing	O
from	O
the	O
Directive	B
.	O

The	O
principles	O
expressed	O
in	O
the	O
recitals	O
and	O
the	O
enacting	O
provisions	O
of	O
that	O
Directive	B
will	O
accordingly	O
constitute	O
the	O
framework	B
of	I
legal	I
reference	I
for	O
protection	O
of	O
all	O
the	O
data	O
to	O
which	O
Article	O
7	O
applies	O
.	O

The	O
kind	O
of	O
assistance	O
which	O
the	O
Commission	B
will	O
be	O
able	O
to	O
render	O
to	O
the	O
Member	O
States	O
,	O
as	O
described	O
in	O
the	O
commentary	O
on	O
Article	O
7	O
,	O
would	O
imply	O
the	O
transfer	O
by	O
Member	O
States	O
of	O
all	O
kinds	O
of	O
data	O
,	O
including	O
personal	O
data	O
,	O
to	O
the	O
Commission	B
and	O
the	O
processing	O
by	O
the	O
latter	O
of	O
such	O
data	O
.	O

Since	O
it	O
is	O
inevitable	O
that	O
the	O
Commission	B
will	O
process	O
such	O
data	O
by	O
creating	O
its	O
own	O
filing	O
systems	O
,	O
it	O
was	O
felt	O
necessary	O
to	O
introduce	O
provisions	O
in	O
the	O
Protocol	O
to	O
ensure	O
the	O
observance	O
by	O
the	O
Commission	B
of	O
rules	B
on	O
the	O
protection	O
of	O
personal	O
data	O
and	O
the	O
preservation	O
of	O
confidentiality	B
.	O

These	O
rules	B
will	O
define	O
the	O
conditions	O
under	O
which	O
the	O
processing	O
of	O
personal	O
data	O
by	O
the	O
Commission	B
is	O
lawful	B
,	O
including	O
conditions	O
relating	O
to	O
data	O
quality	O
and	O
legitimacy	B
of	O
data	O
processing	O
,	O
as	O
well	O
as	O
the	O
right	B
of	O
the	O
data	O
subject	O
to	O
have	O
access	O
to	O
,	O
object	O
to	O
or	O
have	O
corrections	O
made	O
to	O
,	O
his	O
personal	O
data	O
.	O

Article	O
9	O
Publication	O
of	O
data	B
protection	I
rules	B

The	O
rules	B
adopted	O
concerning	O
the	O
obligations	O
under	O
Article	O
8	O
will	O
be	O
published	O
in	O
the	O
Official	B
Journal	I
of	O
the	O
European	B
Communities	I
.	O

Data	B
protection	I
rules	B
will	O
thus	O
have	O
mandatory	O
legal	B
effect	I
.	O

They	O
will	O
be	O
part	O
of	O
Community	O
data-protection	B
law	B
.	O

In	O
this	O
context	O
it	O
should	O
be	O
pointed	O
out	O
that	O
according	O
to	O
Article	O
16(4	O
)	O
of	O
the	O
Second	O
Protocol	O
,	O
exchange	O
of	O
information	O
by	O
the	O
Member	O
States	O
with	O
the	O
Commission	B
under	O
Article	O
7(2	O
)	O
will	O
be	O
suspended	O
if	O
,	O
and	O
for	O
as	O
long	O
as	O
,	O
the	O
rules	B
adopted	O
in	O
conformity	O
with	O
Article	O
8	O
have	O
not	O
yet	O
been	O
published	O
in	O
the	O
Official	B
Journal	I
.	O

Article	O
10	O
Transfer	O
of	O
data	O
to	O
other	O
Member	O
States	O
and	O
third	O
countries	O

10.1	O
.	O

General	O
remarks	O

This	O
Article	O
deals	O
with	O
the	O
question	O
under	O
which	O
conditions	O
the	O
Commission	B
may	O
pass	O
on	O
personal	O
data	O
obtained	O
from	O
a	O
Member	O
State	O
pursuant	O
to	O
cooperation	O
under	O
Article	O
7	O
to	O
other	O
Member	O
States	O
or	O
third	O
States	O
.	O

10.2	O
.	O

Paragraph	O
1	O

In	O
principle	O
,	O
there	O
are	O
no	O
barriers	O
to	O
the	O
transfer	O
of	O
information	O
to	O
other	O
Member	O
States	O
,	O
taking	O
into	O
account	O
investigation	B
secrecy	I
and	O
subject	O
to	O
the	O
observance	O
of	O
conditions	O
which	O
the	O
providing	O
Member	O
State	O
may	O
have	O
set	O
as	O
to	O
the	O
use	O
of	O
the	O
information	O
concerned	O
either	O
by	O
the	O
Commission	B
or	O
by	O
Member	O
States	O
to	O
which	O
this	O
information	O
may	O
be	O
passed	O
on	O
.	O

Before	O
information	O
is	O
transferred	O
,	O
the	O
Member	O
State	O
which	O
supplied	O
the	O
information	O
must	O
be	O
informed	O
of	O
the	O
intended	O
transfer	O
.	O

It	O
thus	O
has	O
the	O
opportunity	O
to	O
check	O
the	O
conditions	O
(	O
Article	O
7	O
(	O
2	O
)	O
)	O
in	O
relation	O
to	O
the	O
intended	O
transfer	O
of	O
information	O
and	O
to	O
check	O
whether	O
the	O
information	O
to	O
be	O
transferred	O
is	O
up	O
to	O
date	O
and	O
accurate	O
.	O

The	O
Member	O
State	O
should	O
take	O
into	O
account	O
the	O
need	O
for	O
carrying	O
out	O
this	O
verification	O
without	O
delay	O
in	O
order	O
to	O
avoid	O
any	O
unnecessary	O
procedural	O
complications	O
concerning	O
the	O
transfer	O
of	O
information	O
.	O

10.3	O
.	O

Paragraph	O
2	O

As	O
regards	O
the	O
transfer	O
of	O
personal	O
data	O
by	O
the	O
Commission	B
to	O
third	O
countries	O
,	O
the	O
situation	O
is	O
different	O
:	O
The	O
Commission	B
may	O
only	O
transfer	O
such	O
data	O
to	O
a	O
third	O
country	O
if	O
the	O
providing	O
Member	O
State	O
has	O
given	O
its	O
authorisation	O
to	O
do	O
so	O
.	O

For	O
example	O
,	O
as	O
is	O
the	O
case	O
under	O
Chapter	O
IV	O
of	O
Directive	B
95	O
/	O
46	O
/	O
EC	O
,	O
this	O
permits	O
the	O
providing	O
Member	O
State	O
to	O
assess	O
whether	O
the	O
level	O
of	O
protection	O
afforded	O
by	O
the	O
third	O
State	O
concerned	O
in	O
respect	O
of	O
these	O
data	O
is	O
adequate	O
.	O

Article	O
11	O
Supervisory	O
authority	B

This	O
Article	O
falls	O
to	O
be	O
considered	O
in	O
conjunction	O
with	O
Article	O
28	O
of	O
Directive	B
95	O
/	O
46	O
/	O
EC	O
,	O
which	O
provides	O
that	O
in	O
each	O
Member	O
State	O
'	O
one	O
or	O
more	O
public	B
authorities	I
are	O
responsible	O
for	O
monitoring	O
the	O
application	O
within	O
its	O
territory	O
of	O
the	O
provisions	O
adopted	O
by	O
the	O
Member	O
States	O
in	O
pursuance	O
of	O
this	O
Directive	B
'	O
.	O

Article	O
286(2	O
)	O
of	O
the	O
Treaty	B
establishing	I
the	I
European	I
Community	I
,	O
as	O
renumbered	O
by	O
the	O
Amsterdam	B
Treaty	I
,	O
requires	O
the	O
European	B
Parliament	I
and	O
the	O
Council	B
to	O
establish	O
by	O
1	O
January	O
1999	O
a	O
Community	O
data-protection	B
supervisory	O
authority	B
.	O

Article	O
11	O
of	O
the	O
Second	O
Protocol	O
provides	O
that	O
that	O
authority	B
shall	O
be	O
competent	O
to	O
exercise	O
the	O
same	O
function	O
with	O
respect	O
to	O
personal	O
data	O
held	O
by	O
the	O
Commission	B
by	O
virtue	O
of	O
the	O
Second	O
Protocol	O
.	O

Article	O
12	O
Relation	O
to	O
the	O
Convention	O

12.1	O
.	O

Paragraph	O
1	O

Paragraph	O
1	O
refers	O
to	O
specific	O
provisions	O
of	O
the	O
Fraud	B
Convention	I
declaring	O
them	O
applicable	O
to	O
money	B
laundering	I
as	O
referred	O
to	O
in	O
Article	O
2	O
of	O
the	O
Second	O
Protocol	O
.	O

The	O
relevant	O
provisions	O
of	O
the	O
Convention	O
may	O
be	O
summarised	O
as	O
follows	O
:	O
Article	O
3	O
etablishes	O
that	O
business	B
managers	O
may	O
be	O
held	O
criminally	B
liable	I
,	O
Article	O
5	O
deals	O
with	O
extradition	B
and	O
the	O
aut	B
dedere	I
aut	I
judicare	I
rule	I
,	O
Article	O
6	O
establishes	O
the	O
principle	O
of	O
close	O
cooperation	O
between	O
Member	O
States	O
in	O
cases	O
of	O
fraud	B
against	O
the	O
European	B
Communities	I
'	O
financial	B
interests	I
.	O

These	O
three	O
principles	O
apply	O
without	O
restriction	O
to	O
the	O
conduct	O
to	O
which	O
Article	O
2	O
refers	O
.	O

12.2	O
.	O

Paragraph	O
2	O

Paragraph	O
2	O
provides	O
that	O
certain	O
provisions	O
of	O
the	O
Convention	O
apply	O
to	O
the	O
Second	O
Protocol	O
.	O

These	O
provisions	O
may	O
be	O
summarised	O
as	O
follows	O
:	O
Article	O
4	O
provides	O
rules	B
on	O
jurisdiction	B
regarding	O
the	O
offences	B
concerned	O
.	O

Declarations	O
made	O
pursuant	O
to	O
Article	O
4(2	O
)	O
apply	O
to	O
the	O
Second	O
Protocol	O
unless	O
otherwise	O
indicated	O
at	O
the	O
time	O
of	O
ratification	O
of	O
the	O
Second	O
Protocol	O
,	O
Article	O
7	O
establishes	O
the	O
ne	B
bis	I
in	I
idem	I
rule	I
,	O
which	O
is	O
also	O
applicable	O
in	O
matters	O
coming	O
under	O
the	O
Second	O
Protocol	O
.	O

Declarations	O
made	O
pursuant	O
to	O
Article	O
7(2	O
)	O
apply	O
to	O
the	O
Second	O
Protocol	O
unless	O
otherwise	O
indicated	O
at	O
the	O
time	O
of	O
ratification	O
of	O
the	O
Second	O
Protocol	O
.	O

It	O
is	O
to	O
be	O
noted	O
that	O
the	O
enforcement	B
of	O
a	O
sentence	B
includes	O
cases	O
where	O
enforcement	B
is	O
suspended	O
on	O
probation	O
,	O
Article	O
9	O
allows	O
Member	O
States	O
to	O
enact	O
provisions	O
of	O
national	O
law	B
that	O
are	O
more	O
demanding	O
than	O
those	O
of	O
the	O
Convention	O
.	O

The	O
Second	O
Protocol	O
likewise	O
constitutes	O
a	O
set	O
of	O
minimum	O
standards	O
,	O
Article	O
10	O
establishes	O
,	O
inter	O
alia	O
,	O
arrangements	O
for	O
the	O
provision	O
of	O
information	O
by	O
Member	O
States	O
to	O
the	O
Commission	B
,	O
and	O
it	O
also	O
applies	O
in	O
matters	O
coming	O
under	O
the	O
Second	O
Protocol	O
.	O

Article	O
13	O
Court	B
of	I
Justice	I

13.1	O
.	O

General	O
remarks	O

This	O
Article	O
specifies	O
the	O
jurisdiction	B
conferred	O
on	O
the	O
Court	B
of	I
Justice	I
of	O
the	O
European	B
Communities	I
to	O
settle	O
disputes	B
between	O
Member	O
States	O
and	O
between	O
Member	O
States	O
and	O
the	O
Commission	B
relating	O
to	O
the	O
interpretation	O
or	O
application	O
of	O
the	O
Second	O
Protocol	O
,	O
as	O
well	O
as	O
the	O
jurisdiction	B
conferred	O
on	O
the	O
Court	B
of	I
Justice	I
regarding	O
preliminary	B
rulings	I
.	O

13.2	O
.	O

Paragraphs	O
1	O
and	O
2	O

Paragraph	O
1	O
deals	O
with	O
the	O
conditions	O
under	O
which	O
the	O
Court	B
of	I
Justice	I
is	O
competent	O
regarding	O
disputes	B
between	O
Member	O
States	O
.	O

Paragraph	O
2	O
concerns	O
disputes	B
between	O
Member	O
States	O
and	O
the	O
Commission	B
.	O

These	O
provisions	O
of	O
the	O
Second	O
Protocol	O
reproduce	O
,	O
as	O
far	O
as	O
possible	O
,	O
the	O
wording	O
of	O
Article	O
8	O
of	O
the	O
Fraud	B
Convention	I
,	O
and	O
that	O
of	O
Article	O
8	O
of	O
the	O
First	O
Protocol	O
,	O
in	O
order	O
to	O
ensure	O
consistency	O
between	O
the	O
three	O
instruments	O
.	O

Detailed	O
commentaries	O
are	O
to	O
be	O
found	O
in	O
the	O
Explanatory	O
report	O
to	O
the	O
Convention	O
.	O

13.3	O
.	O

Paragraph	O
3	O

Paragraph	O
3	O
provides	O
that	O
the	O
Protocol	O
of	O
29	O
November	O
1996	O
on	O
the	O
interpretation	O
,	O
by	O
way	O
of	O
preliminary	B
rulings	I
,	O
by	O
the	O
Court	B
of	I
Justice	I
of	O
the	O
European	B
Communities	I
,	O
of	O
the	O
Convention	B
on	I
the	I
protection	I
of	I
the	I
European	I
Communities	I
'	I
financial	I
interests	I
,	O
applies	O
to	O
the	O
Second	O
Protocol	O
.	O

That	O
Protocol	O
also	O
applies	O
to	O
the	O
Convention	O
and	O
the	O
First	O
Protocol	O
.	O

Declarations	O
made	O
pursuant	O
to	O
the	O
said	O
Protocol	O
are	O
valid	O
in	O
respect	O
of	O
the	O
Second	O
Protocol	O
unless	O
otherwise	O
indicated	O
at	O
the	O
time	O
of	O
ratification	O
of	O
the	O
Second	O
Protocol	O
.	O

Article	O
14	O
Non-contractual	B
liability	I

This	O
Article	O
confirms	O
that	O
action	O
taken	O
by	O
the	O
Commission	B
under	O
the	O
Second	O
Protocol	O
will	O
be	O
governed	O
by	O
the	O
rules	B
of	O
Community	O
law	B
on	O
the	O
Community	O
's	O
non-contractual	B
liability	I
,	O
set	O
out	O
in	O
Articles	O
215	O
and	O
178	O
of	O
the	O
Treaty	B
establishing	I
the	I
European	I
Community	I
.	O

Since	O
it	O
can	O
not	O
be	O
excluded	O
that	O
activities	O
of	O
the	O
Commission	B
pursuant	O
to	O
the	O
Second	O
Protocol	O
may	O
give	O
rise	O
to	O
claims	B
for	I
damages	I
by	O
individuals	O
whose	O
personal	O
data	O
are	O
processed	O
by	O
the	O
Commission	B
,	O
it	O
was	O
felt	O
necessary	O
to	O
confirm	O
that	O
also	O
in	O
a	O
case	O
where	O
the	O
Commission	B
acts	O
within	O
powers	O
conferred	O
on	O
it	O
otherwise	O
than	O
by	O
the	O
EC	B
Treaty	O
,	O
it	O
engages	O
the	O
non-contractual	B
liability	I
of	O
the	O
Community	O
in	O
accordance	O
with	O
the	O
terms	O
of	O
Article	O
215(2	O
)	O
of	O
the	O
EC	B
Treaty	O
.	O

Moreover	O
,	O
it	O
is	O
clear	O
that	O
the	O
Court	B
of	I
Justice	I
of	O
the	O
European	B
Communities	I
has	O
jurisdiction	B
in	O
disputes	B
relating	O
to	O
compensation	B
for	I
damage	I
caused	O
by	O
the	O
Commission	B
or	O
its	O
servants	O
in	O
the	O
performance	O
of	O
their	O
duties	O
under	O
the	O
Second	O
Protocol	O
.	O

Article	O
15	O
Judicial	B
control	I

According	O
to	O
Article	O
22	O
of	O
Directive	B
95	O
/	O
46	O
/	O
EC	O
,	O
which	O
deals	O
with	O
data	B
protection	I
,	O
Member	O
States	O
shall	O
provide	O
for	O
the	O
right	B
of	O
every	O
person	O
to	O
a	O
judicial	B
remedy	I
for	O
any	O
breach	B
of	O
the	O
rights	B
guaranteed	O
to	O
him	O
by	O
the	O
national	O
law	B
applicable	O
to	O
the	O
processing	O
of	O
relevant	O
data	O
.	O

Such	O
rights	B
include	O
a	O
right	B
of	O
access	O
,	O
a	O
right	B
of	O
rectification	O
,	O
erasure	O
or	O
blocking	O
of	O
data	O
when	O
they	O
are	O
incomplete	O
,	O
inaccurate	O
or	O
too	O
old	O
to	O
remain	O
stored	O
and	O
the	O
right	B
to	O
have	O
access	O
to	O
the	O
supervisory	O
authority	B
.	O

The	O
rules	B
to	O
be	O
adopted	O
pursuant	O
to	O
Article	O
8	O
of	O
the	O
Second	O
Protocol	O
will	O
have	O
to	O
include	O
provisions	O
granting	O
such	O
rights	B
to	O
individuals	O
in	O
respect	O
of	O
personal	O
data	O
processed	O
by	O
the	O
Commission	B
.	O

Under	O
Article	O
15(1	O
)	O
,	O
the	O
Court	B
of	I
Justice	I
of	O
the	O
European	B
Communities	I
is	O
given	O
jurisdiction	B
to	O
deal	O
with	O
applications	O
from	O
natural	B
and	O
legal	B
persons	I
against	O
decisions	O
(	O
which	O
include	O
refusals	O
to	O
take	O
a	O
decision	O
)	O
taken	O
by	O
the	O
Commission	B
on	O
the	O
basis	O
of	O
the	O
rules	B
adopted	O
by	O
it	O
pursuant	O
to	O
Article	O
8	O
.	O

It	O
will	O
also	O
be	O
possible	O
for	O
the	O
Court	B
of	I
Justice	I
to	O
assess	O
in	O
this	O
context	O
whether	O
the	O
Commission	B
has	O
fully	O
complied	O
with	O
its	O
obligations	O
under	O
Article	O
8	O
.	O

The	O
wording	O
of	O
Article	O
15(1	O
)	O
draws	O
largely	O
on	O
that	O
of	O
the	O
fourth	O
paragraph	O
of	O
Article	O
173	O
of	O
the	O
EC	B
Treaty	O
read	O
also	O
in	O
conjunction	O
with	O
the	O
second	O
paragraph	O
of	O
said	O
Article	O
173	O
.	O

The	O
references	O
in	O
Article	O
15(2	O
)	O
to	O
several	O
other	O
provisions	O
of	O
the	O
EC	B
Treaty	O
are	O
intended	O
to	O
clarify	O
:	O
that	O
the	O
Council	B
may	O
decide	O
,	O
in	O
accordance	O
with	O
the	O
procedure	O
of	O
Article	O
168a	O
(	O
1	O
)	O
and	O
(	O
2	O
)	O
of	O
the	O
EC	B
Treaty	O
,	O
to	O
confer	O
jurisdiction	B
on	O
the	O
Court	B
of	I
First	I
Instance	I
in	O
cases	O
covered	O
by	O
Article	O
15(1	O
)	O
;	O
the	O
time	O
limits	O
to	O
be	O
observed	O
for	O
bringing	O
a	O
case	O
before	O
the	O
Court	B
of	I
Justice	I
(	O
fifth	O
paragraph	O
of	O
Article	O
173	O
)	O
;	O
the	O
nature	O
of	O
the	O
decision	O
which	O
the	O
Court	B
of	I
Justice	I
may	O
take	O
on	O
an	O
action	O
brought	O
before	O
it	O
(	O
first	O
paragraph	O
of	O
Article	O
174	O
)	O
;	O
the	O
legal	B
effect	I
of	O
a	O
decision	O
of	O
the	O
Court	B
of	I
Justice	I
for	O
the	O
Commission	B
(	O
first	O
and	O
second	O
paragraphs	O
of	O
Article	O
176	O
)	O
;	O
the	O
legal	B
effect	I
of	O
bringing	O
an	O
action	O
before	O
the	O
Court	B
of	I
Justice	I
(	O
Article	O
185	O
)	O
;	O
and	O
that	O
the	O
Court	B
of	I
Justice	I
is	O
entitled	O
to	O
prescribe	O
any	O
interim	O
measures	O
it	O
considers	O
necessary	O
(	O
Article	O
186	O
)	O
.	O

Article	O
16	O
Entry	O
into	O
force	O

This	O
Article	O
concerns	O
the	O
entry	O
into	O
force	O
of	O
the	O
Second	O
Protocol	O
which	O
may	O
not	O
precede	O
that	O
of	O
the	O
Fraud	B
Convention	I
.	O

Article	O
17	O
Accession	O
of	O
new	O
Member	O
States	O

This	O
Article	O
concerns	O
the	O
accession	O
of	O
new	O
Member	O
States	O
of	O
the	O
European	B
Union	I
to	O
the	O
Second	O
Protocol	O
.	O

Article	O
18	O
Reservations	O

18.1	O
.	O

Paragraph	O
1	O

In	O
some	O
Member	O
States	O
,	O
money	B
laundering	I
related	O
to	O
the	O
proceeds	B
of	O
active	B
and	O
passive	B
corruption	I
is	O
a	O
criminal	B
offence	I
only	O
as	O
far	O
as	O
serious	O
cases	B
of	I
corruption	I
are	O
involved	O
.	O

In	O
order	O
to	O
enable	O
these	O
Member	O
States	O
to	O
ratify	O
the	O
Protocol	O
without	O
delay	O
,	O
they	O
were	O
given	O
the	O
possibility	O
of	O
making	O
a	O
reservation	O
in	O
this	O
area	O
.	O

To	O
ensure	O
that	O
the	O
necessity	O
for	O
such	O
a	O
reservation	O
will	O
be	O
reconsidered	O
on	O
a	O
regular	O
basis	O
,	O
its	O
validity	O
will	O
be	O
limited	O
to	O
a	O
period	O
of	O
five	O
years	O
from	O
the	O
date	O
of	O
notification	O
that	O
the	O
Protocol	O
has	O
been	O
adopted	O
according	O
to	O
Article	O
16(2	O
)	O
.	O

After	O
five	O
years	O
,	O
the	O
reservation	O
may	O
be	O
renewed	O
once	O
in	O
order	O
to	O
remain	O
valid	O
.	O

As	O
a	O
result	O
,	O
after	O
a	O
maximum	O
period	O
of	O
10	O
years	O
from	O
the	O
date	O
of	O
the	O
notification	O
of	O
ratification	O
by	O
the	O
last	O
Member	O
State	O
,	O
reservations	O
made	O
with	O
regard	O
to	O
the	O
scope	O
of	O
money	B
laundering	I
will	O
cease	O
to	O
have	O
effect	O
.	O

18.2	O
.	O

Paragraph	O
2	O

From	O
the	O
beginning	O
of	O
the	O
negotiations	O
on	O
the	O
Second	O
Protocol	O
,	O
the	O
issue	O
of	O
liability	B
and	O
sanctions	B
for	O
legal	B
persons	I
have	O
created	O
problems	O
for	O
Austria	B
,	O
the	O
concept	O
of	O
criminal	B
liability	I
for	O
legal	B
persons	I
being	O
unknown	O
to	O
its	O
legislation	B
.	O

Because	O
the	O
problem	O
was	O
considered	O
of	O
practical	O
rather	O
than	O
of	O
fundamental	O
nature	O
,	O
it	O
was	O
clear	O
that	O
Austria	B
would	O
need	O
more	O
time	O
to	O
implement	O
Articles	O
3	O
and	O
4	O
than	O
the	O
other	O
Member	O
States	O
.	O

To	O
ensure	O
that	O
this	O
specific	O
problem	O
would	O
not	O
delay	O
the	O
eventual	O
entry	O
into	O
force	O
of	O
the	O
entire	O
Protocol	O
for	O
all	O
Member	O
States	O
,	O
and	O
to	O
encourage	O
Austria	B
to	O
adapt	O
its	O
legislation	B
,	O
it	O
was	O
given	O
the	O
possibility	O
of	O
making	O
a	O
five-year	O
reservation	O
on	O
these	O
two	O
Articles	O
.	O

Unlike	O
the	O
reservation	O
referred	O
to	O
in	O
Article	O
18(1	O
)	O
,	O
this	O
reservation	O
may	O
not	O
be	O
renewed	O
and	O
will	O
lose	O
its	O
validity	O
five	O
years	O
after	O
the	O
Council	B
act	O
drawing	O
up	O
the	O
Protocol	O
was	O
adopted	O
,	O
i.e.	O
on	O
19	O
June	O
2002	O
.	O

18.3	O
.	O

Paragraph	O
3	O

Since	O
,	O
according	O
to	O
Article	O
12(2	O
)	O
,	O
Articles	O
4	O
and	O
7	O
of	O
the	O
Fraud	B
Convention	I
also	O
apply	O
to	O
the	O
Second	O
Protocol	O
,	O
reservations	O
that	O
were	O
accepted	O
under	O
the	O
scope	O
of	O
those	O
provisions	O
of	O
the	O
Convention	O
must	O
apply	O
in	O
the	O
context	O
of	O
the	O
Second	O
Protocol	O
as	O
well	O
.	O

Any	O
of	O
these	O
reservations	O
may	O
be	O
withdrawn	O
at	O
any	O
time	O
by	O
notice	O
given	O
to	O
the	O
Secretary-General	O
of	O
the	O
Council	B
.	O

