Communication	O
from	O
the	O
Commission	B
to	O
the	O
Council	B
,	O
the	O
European	B
Parliament	I
and	O
the	O
European	B
Economic	I
and	I
Social	I
Committee	I
-	O
On	O
a	O
comprehensive	O
EU	B
policy	B
against	I
corruption	I
/	O
*	O
COM	O
/	O
2003	O
/	O
0317	O
final	O
*	O
/	O

COMMUNICATION	O
FROM	O
THE	O
COMMISSION	B
TO	O
THE	O
COUNCIL	B
,	O
THE	O
EUROPEAN	B
PARLIAMENT	I
AND	O
THE	O
EUROPEAN	B
ECONOMIC	I
AND	I
SOCIAL	I
COMMITTEE	I
-	O
ON	O
A	O
COMPREHENSIVE	O
EU	B
POLICY	B
AGAINST	I
CORRUPTION	I

1	O
.	O

INTRODUCTION	O

Art	O
.	O

29	O
of	O
the	O
Treaty	B
on	I
European	I
Union	I
lists	O
the	O
prevention	O
and	O
combating	O
of	O
corruption	B
,	O
organised	O
or	O
otherwise	O
,	O
as	O
one	O
objective	O
enabling	O
the	O
creation	O
and	O
safeguarding	O
of	O
a	O
European	O
area	O
of	O
freedom	O
,	O
security	O
and	O
justice	B
through	O
closer	O
judicial	B
,	O
police	B
and	O
customs	B
cooperation	O
and	O
,	O
where	O
necessary	O
,	O
approximation	O
of	O
criminal	B
law	I
.	O

Going	O
beyond	O
the	O
area	O
of	O
pure	O
law	B
enforcement	I
,	O
the	O
Council	B
in	O
its	O
1997	O
Action	B
Plan	I
against	O
organised	B
crime	I
had	O
already	O
advocated	O
a	O
comprehensive	O
policy	B
against	I
corruption	I
,	O
primarily	O
focussing	O
on	O
preventive	O
measures	O
and	O
taking	O
into	O
account	O
the	O
work	O
carried	O
out	O
also	O
in	O
other	O
international	O
fora	O
.	O

In	O
particular	O
,	O
Member	O
States	O
,	O
the	O
Council	B
and	O
the	O
Commission	B
had	O
been	O
invited	O
to	O
also	O
tackle	O
all	O
aspects	O
linked	O
with	O
the	O
proper	O
functioning	O
of	O
the	O
internal	B
market	I
and	O
other	O
internal	O
policies	B
,	O
as	O
well	O
as	O
external	O
assistance	O
and	O
cooperation	O
.	O

Responding	O
to	O
this	O
political	B
guideline	O
,	O
the	O
Commission	B
put	O
forward	O
in	O
the	O
same	O
year	O
a	O
Communication	O
to	O
the	O
European	B
Parliament	I
and	O
to	O
the	O
Council	B
suggesting	O
a	O
range	O
of	O
measures	O
(	O
banning	O
of	O
tax	B
deductibility	I
of	O
bribes	B
,	O
rules	B
on	O
public	B
procurement	I
procedures	I
,	O
introduction	O
of	O
accounting	B
and	O
auditing	B
standards	I
,	O
blacklisting	B
of	O
corrupt	B
companies	B
and	O
measures	O
in	O
the	O
Community	O
's	O
external	O
aid	O
and	O
assistance	O
scheme	O
)	O
with	O
a	O
view	O
to	O
formulating	O
an	O
EU	B
strategy	O
on	O
corruption	B
both	O
within	O
and	O
outside	O
its	O
borders	O
.	O

Communication	O
from	O
the	O
Commission	B
to	O
the	O
Council	B
and	O
the	O
European	B
Parliament	I
on	O
a	O
Union	O
policy	B
against	I
corruption	I
,	O
adopted	O
by	O
the	O
Commission	B
on	O
21	O
May	O
1997	O
COM	O
(	O
97	O
)	O
192	O
final	O
.	O

Focussing	O
again	O
on	O
the	O
area	O
of	O
judicial	B
cooperation	O
in	O
criminal	B
law	I
matters	O
,	O
the	O
1998	O
Council	B
Vienna	B
Action	B
Plan	I
identified	O
corruption	B
as	O
one	O
of	O
those	O
criminal	B
behaviours	O
in	O
the	O
field	O
of	O
organised	B
crime	I
where	O
prioritised	O
action	O
was	O
deemed	O
necessary	O
by	O
elaborating	O
and	O
adopting	O
measures	O
establishing	O
minimum	O
rules	B
relating	O
to	O
the	O
constituent	O
elements	O
of	O
this	O
offence	B
and	O
penalties	B
.	O

Action	B
plan	I
of	O
the	O
Council	B
and	O
the	O
Commission	B
on	O
how	O
best	O
to	O
implement	O
the	O
provisions	O
of	O
the	O
Treaty	B
of	I
Amsterdam	I
on	O
an	O
area	O
of	O
freedom	O
,	O
security	O
and	O
justice	B
,	O
adopted	O
by	O
the	O
Council	B
on	O
3	O
December	O
1998	O
;	O
OJ	B
C	O
of	O
23	O
/	O
01	O
/	O
1999	O
N°	O
19	O
/	O
1	O
.	O

At	O
the	O
1999	O
Tampere	B
European	B
Council	I
,	O
EU	B
Heads	O
of	O
State	O
or	O
Government	B
endorsed	O
this	O
recommendation	O
by	O
identifying	O
corruption	B
,	O
in	O
the	O
context	O
of	O
financial	B
crime	I
,	O
as	O
one	O
of	O
the	O
sectors	O
of	O
particular	O
relevance	O
where	O
common	O
definitions	O
,	O
incriminations	B
and	O
sanctions	B
should	O
be	O
agreed	O
upon	O
.	O

Finally	O
,	O
in	O
line	O
with	O
the	O
1998	O
Action	B
Plan	I
and	O
the	O
Tampere	B
Conclusions	O
,	O
the	O
so-called	O
Millennium	B
Strategy	I
on	O
the	O
Prevention	O
and	O
Control	O
of	O
Organised	B
Crime	I
of	O
March	O
2000	O
reiterated	O
the	O
need	O
for	O
instruments	O
aimed	O
at	O
the	O
approximation	O
of	O
national	O
legislation	B
and	O
developing	O
a	O
more	O
general	O
(	O
i.e.	O
multi-disciplinary	O
)	O
EU	B
policy	B
towards	O
corruption	B
,	O
taking	O
into	O
account	O
as	O
appropriate	O
work	O
being	O
carried	O
out	O
in	O
international	O
organisations	O
.	O

Furthermore	O
,	O
the	O
same	O
document	O
urged	O
those	O
Member	O
States	O
,	O
which	O
had	O
not	O
yet	O
ratified	O
the	O
relevant	O
EU	B
and	O
Council	B
of	I
Europe	I
anti-corruption	B
legal	B
instruments	I
to	O
ensure	O
speedy	O
ratification	O
within	O
a	O
clear	O
timeframe	O
.	O

The	O
prevention	O
and	O
control	O
of	O
organised	B
crime	I
-	O
a	O
European	B
Union	I
strategy	O
for	O
the	O
beginning	O
of	O
the	O
new	O
millennium	O
adopted	O
by	O
the	O
Council	B
on	O
27	O
March	O
2000	O
.	O

Since	O
then	O
the	O
fight	B
against	I
corruption	I
has	O
gained	O
further	O
momentum	O
at	O
national	O
,	O
EU	B
and	O
international	O
level	O
and	O
important	O
EU	B
and	O
international	O
instruments	O
have	O
been	O
adopted	O
.	O

Concerning	O
EU	B
instruments	O
,	O
the	O
EU	B
Convention	B
on	I
the	I
protection	I
of	I
the	I
European	I
Communities	I
'	I
financial	I
interests	I
(	O
PIF-Convention	B
)	O
and	O
its	O
first	O
protocol	O
entered	O
into	O
force	O
on	O
17	O
October	O
2002	O
;	O
the	O
second	O
protocol	O
to	O
the	O
PIF-Convention	B
and	O
the	O
EU	B
Convention	O
on	O
the	O
fight	B
against	I
corruption	I
involving	O
officials	B
of	O
the	O
European	B
Communities	I
or	O
officials	B
of	O
the	O
EU	B
Member	O
States	O
are	O
still	O
in	O
the	O
ratification	O
process	O
.	O

Also	O
with	O
regard	O
to	O
the	O
protection	O
of	O
the	O
Communities	O
'	O
financial	B
interests	I
,	O
the	O
Commission	B
has	O
been	O
addressing	O
in-house	B
corruption	I
by	O
establishing	O
a	O
European	B
Anti-fraud	I
Office	I
(	O
OLAF	B
)	O
entrusted	O
with	O
interinstitutional	O
investigative	O
powers	O
.	O

On	O
the	O
basis	O
of	O
article	O
280	O
TEC	B
,	O
which	O
combines	O
measures	O
to	O
prevent	O
and	O
to	O
combat	O
fraud	B
detrimental	O
to	O
the	O
EC	B
budget	B
,	O
an	O
overall	O
strategy	O
was	O
adopted	O
.	O

This	O
strategy	O
defines	O
as	O
a	O
challenge	O
within	O
the	O
Commission	B
four-axed	O
policy	B
document	O
,	O
a	O
detailed	O
interinstitutional	O
approach	O
to	O
prevent	O
and	O
combat	B
corruption	I
.	O

With	O
respect	O
to	O
OLAF	B
internal	B
investigations	I
,	O
corruption	B
covers	O
the	O
professional	B
misconduct	I
of	O
EU	B
officials	B
in	O
relation	O
with	O
the	O
exercise	O
of	O
their	O
duties	O
liable	B
to	O
result	O
in	O
disciplinary	B
or	O
criminal	B
proceedings	I
.	O

The	O
European	B
Anti-Fraud	I
Office	I
(	O
OLAF	B
)	O
has	O
recently	O
been	O
subject	O
to	O
an	O
in-depth	O
evaluation	O
report	O
of	O
the	O
Commission	B
,	O
notably	O
with	O
respect	O
to	O
the	O
implementation	O
of	O
the	O
objectives	O
set	O
out	O
in	O
the	O
above	O
mentioned	O
strategy	O
.	O

Having	O
a	O
comprehensive	O
approach	O
on	O
tackling	O
corruption	B
,	O
the	O
present	O
communication	O
follows	O
a	O
coherent	O
approach	O
together	O
with	O
the	O
new	O
initiatives	O
on	O
the	O
protection	O
of	O
the	O
Communities	O
'	O
financial	B
interests	I
announced	O
by	O
this	O
evaluation	O
report	O
.	O

The	O
OECD	B
Convention	I
on	I
combating	I
bribery	I
of	I
foreign	I
public	I
officials	I
in	I
international	I
business	I
transactions	I
and	O
the	O
Criminal	B
Law	I
Convention	I
on	I
Corruption	I
of	O
the	O
Council	B
of	I
Europe	I
are	O
already	O
in	O
force	O
,	O
the	O
latter	O
still	O
lacking	O
ratification	O
instruments	O
of	O
most	O
EU	B
Member	O
States	O
.	O

The	O
Convention	O
was	O
signed	O
on	O
21	O
/	O
11	O
/	O
1997	O
and	O
entered	O
into	O
force	O
on	O
15	O
/	O
02	O
/	O
1999	O
.	O

The	O
full	O
text	O
,	O
details	O
on	O
ratification	O
and	O
implementing	O
legislation	B
and	O
evaluation	O
reports	O
are	O
available	O
.	O

The	O
Convention	O
was	O
signed	O
on	O
27	O
/	O
01	O
/	O
1999	O
and	O
entered	O
into	O
force	O
on	O
01	O
/	O
07	O
/	O
2002	O
.	O

The	O
full	O
text	O
,	O
details	O
on	O
ratification	O
and	O
implementing	O
legislation	B
and	O
evaluation	O
reports	O
are	O
available	O
.	O

In	O
2000	O
,	O
the	O
UN	B
General	B
Assembly	I
decided	O
to	O
mandate	B
an	O
Ad-Hoc	B
Committee	I
with	O
the	O
elaboration	O
of	O
an	O
international	O
legal	B
instrument	I
against	O
corruption	B
,	O
the	O
future	O
UN	B
Convention	I
against	I
corruption	I
.	O

If	O
agreed	O
,	O
this	O
will	O
have	O
far-reaching	O
implications	O
for	O
the	O
world-wide	O
fight	B
against	I
corruption	I
.	O

The	O
EU	B
has	O
adopted	O
three	O
common	O
positions	O
on	O
the	O
basis	O
of	O
article	O
34	O
of	O
the	O
Treaty	B
on	I
European	I
Union	I
.	O

The	O
Commission	B
has	O
substantially	O
contributed	O
to	O
the	O
common	O
positions	O
and	O
was	O
authorised	O
by	O
the	O
Council	B
to	O
negotiate	O
those	O
provisions	O
of	O
the	O
draft	O
Convention	O
relating	O
to	O
Community	O
competencies	O
.	O

Relevant	O
documents	O
of	O
the	O
Ad	B
Hoc	I
Committee	I
for	I
the	I
negotiations	I
of	I
a	I
United	I
Nations	I
Convention	I
against	I
Corruption	I
are	O
available	O
under	O
:	O

In	O
the	O
aforesaid	O
recommendations	O
,	O
the	O
EU	B
Council	I
repeatedly	O
emphasised	O
the	O
need	O
to	O
take	O
into	O
account	O
the	O
activities	O
of	O
other	O
international	O
fora	O
devoted	O
to	O
the	O
fight	B
against	I
corruption	I
.	O

Bearing	O
in	O
mind	O
this	O
advice	O
and	O
with	O
the	O
conviction	O
that	O
duplicating	O
similar	O
activities	O
can	O
bind	O
unnecessary	O
resources	O
and	O
therefore	O
even	O
be	O
counterproductive	O
,	O
the	O
Commission	B
holds	O
the	O
view	O
that	O
,	O
at	O
this	O
stage	O
of	O
policy	B
development	O
,	O
mainly	O
those	O
measures	O
should	O
be	O
strengthened	O
and	O
supported	O
at	O
EU	B
level	O
,	O
which	O
are	O
not	O
already	O
substantively	O
covered	O
,	O
or	O
not	O
with	O
the	O
same	O
degree	O
of	O
mandatory	O
character	O
as	O
EU	B
instruments	O
,	O
by	O
international	O
organisations	O
.	O

This	O
goes	O
in	O
particular	O
for	O
initiatives	O
of	O
the	O
United	B
Nations	I
,	O
the	O
OECD	B
and	O
the	O
Council	B
of	I
Europe	I
,	O
where	O
the	O
EU	B
has	O
been	O
playing	O
a	O
leading	O
role	O
and	O
should	O
continue	O
to	O
do	O
so	O
.	O

The	O
objectives	O
and	O
purposes	O
of	O
combating	B
corruption	I
at	O
EU	B
level	O
as	O
referred	O
to	O
in	O
article	O
29	O
TEU	B
need	O
to	O
be	O
put	O
clearly	O
and	O
coherently	O
in	O
the	O
context	O
of	O
other	O
policy	B
objectives	O
resulting	O
from	O
the	O
EC	B
treaty	O
such	O
as	O
sound	O
decision	O
making	O
,	O
fair	B
competition	I
,	O
effective	O
functioning	O
of	O
the	O
internal	B
market	I
,	O
protection	O
of	O
the	O
financial	B
interests	I
of	O
the	O
European	B
Communities	I
,	O
external	O
aid	O
and	O
assistance	O
,	O
open	O
,	O
free	O
and	O
fair	O
international	O
trade	B
.	O

A	O
clear	O
delimitation	O
of	O
the	O
initiatives	O
outlined	O
in	O
the	O
present	O
Communication	O
with	O
respect	O
to	O
actions	O
in	O
the	O
above	O
mentioned	O
policy	B
areas	I
is	O
necessary	O
with	O
a	O
view	O
to	O
providing	O
a	O
comprehensive	O
framework	O
and	O
to	O
ensuring	O
complementarity	O
between	O
the	O
different	O
areas	O
.	O

This	O
Communication	O
sets	O
out	O
an	O
overview	O
of	O
what	O
has	O
been	O
achieved	O
at	O
EU	B
level	O
,	O
but	O
also	O
indicates	O
what	O
needs	O
to	O
be	O
improved	O
to	O
give	O
fresh	O
impetus	O
to	O
the	O
fight	B
against	I
corruption	I
.	O

It	O
also	O
seeks	O
to	O
identify	O
possible	O
areas	O
where	O
the	O
EU	B
might	O
be	O
an	O
appropriate	O
actor	O
to	O
take	O
future	O
initiatives	O
in	O
the	O
fight	B
against	I
corruption	I
.	O

It	O
is	O
the	O
Commission	B
's	O
firm	O
intention	O
to	O
reduce	O
corruption	B
at	O
all	O
levels	O
in	O
a	O
coherent	O
way	O
within	O
the	O
EU	B
institutions	O
,	O
in	O
EU	B
Member	O
States	O
and	O
outside	O
the	O
EU	B
,	O
i.e.	O
political	B
corruption	I
,	O
corrupt	B
activities	I
committed	O
by	O
and	O
collusively	O
with	O
organised	B
crime	I
groups	I
,	O
private-to-private	B
and	O
so-called	O
petty	B
corruption	I
.	O

As	O
long	O
as	O
there	O
is	O
crime	B
,	O
the	O
interest	O
to	O
use	O
bribes	B
as	O
insurance	O
against	O
prosecution	B
and	O
punishment	B
will	O
remain	O
and	O
especially	O
organised	B
crime	I
groups	I
will	O
rather	O
reinvest	O
a	O
certain	O
amount	O
of	O
their	O
illicitly	B
acquired	O
gains	B
into	O
bribe-paying	B
than	O
running	O
the	O
risk	O
of	O
law	B
enforcement	I
measures	O
against	O
them	O
and	O
thus	O
facing	O
deprivation	B
of	I
liberty	I
and	O
the	O
loss	O
of	O
their	O
proceeds	B
.	O

Yet	O
,	O
it	O
can	O
be	O
assumed	O
that	O
the	O
level	O
and	O
degree	O
of	O
corruption	B
within	O
our	O
societies	B
could	O
be	O
considerably	O
diminished	O
if	O
repressive	O
measures	O
were	O
strengthened	O
and	O
opportunities	O
reduced	O
.	O

To	O
this	O
end	O
,	O
corrupt	B
acts	I
have	O
to	O
be	O
detected	O
and	O
prosecuted	B
and	O
offenders	B
have	O
to	O
be	O
punished	B
and	O
deprived	O
of	O
their	O
illicit	B
proceeds	I
.	O

At	O
the	O
same	O
time	O
,	O
opportunities	O
for	O
corrupt	B
practices	I
have	O
to	O
be	O
reduced	O
and	O
potential	O
conflicts	B
of	I
interest	I
have	O
to	O
be	O
prevented	O
through	O
transparent	B
and	O
accountable	B
administrative	B
structures	O
at	O
legislative	B
,	O
executive	O
and	O
judicial	B
level	O
as	O
well	O
as	O
in	O
the	O
private	B
sector	I
.	O

Comprehensive	O
integrity-enhancing	B
strategies	O
,	O
exchange	O
of	O
best	O
practices	O
and	O
institutional	O
safeguards	O
should	O
ensure	O
that	O
decisions	O
in	O
the	O
public	B
sector	I
are	O
solely	O
taken	O
in	O
the	O
public	B
interest	I
.	O

2	O
.	O

TERMINOLOGY	O

There	O
is	O
no	O
single	O
uniform	O
definition	O
of	O
all	O
the	O
constituent	O
elements	O
of	O
corruption	B
.	O

Whereas	O
one	O
of	O
the	O
rather	O
traditional	O
definitions	O
,	O
followed	O
by	O
the	O
World	B
Bank	I
and	O
the	O
non-governmental	B
organisation	I
Transparency	B
International	I
,	O
views	O
corruption	B
as	O
the	O
use	O
of	O
one	O
's	O
public	B
position	O
for	O
illegitimate	B
private	B
gains	I
,	O
it	O
appears	O
more	O
appropriate	O
to	O
use	O
a	O
broader	O
definition	O
such	O
as	O
the	O
one	O
of	O
the	O
Global	B
Programme	I
against	I
Corruption	I
run	O
by	O
the	O
United	B
Nations	I
,	O
i.e.	O
abuse	B
of	I
power	I
for	O
private	B
gain	I
and	O
including	O
thereby	O
both	O
the	O
entire	O
public	B
and	O
private	B
sector	I
.	O

The	O
Civil	B
Law	I
Convention	I
on	I
Corruption	I
of	O
the	O
Council	B
of	I
Europe	I
(	O
Strasbourg	B
4	O
/	O
11	O
/	O
1999	O
;	O
European	B
Treaty	I
Series	I
n°174	O
)	O
defines	O
corruption	B
as	O
requesting	O
,	O
offering	O
,	O
giving	O
or	O
accepting	O
,	O
directly	O
or	O
indirectly	O
,	O
a	O
bribe	B
or	O
any	O
other	O
undue	B
advantage	I
or	O
prospect	O
thereof	O
,	O
which	O
distorts	O
the	O
proper	O
performance	O
of	O
any	O
duty	O
or	O
behaviour	O
required	O
of	O
the	O
recipient	O
of	O
the	O
bribe	B
,	O
the	O
undue	B
advantage	I
or	O
the	O
prospect	O
thereof	O
.	O

Given	O
their	O
very	O
nature	O
,	O
the	O
aforementioned	O
EU	B
instruments	O
define	O
corruption	B
purely	O
from	O
a	O
criminal	B
law	I
perspective	O
criminalising	B
a	O
conduct	O
,	O
which	O
is	O
usually	O
referred	O
to	O
as	O
(	O
active	B
or	O
passive	B
)	O
bribery	B
.	O

Cf	O
.	O

Articles	O
2	O
and	O
3	O
of	O
the	O
Convention	O
on	O
the	O
fight	B
against	I
corruption	I
involving	O
officials	B
of	O
the	O
European	B
Communities	I
or	O
officials	B
of	O
Member	O
States	O
of	O
the	O
European	O
,	O
articles	O
2	O
and	O
3	O
of	O
the	O
first	O
protocol	O
to	O
the	O
Convention	B
on	I
the	I
protection	I
of	I
the	I
European	I
Communities	I
'	I
financial	I
interests	I
and	O
articles	O
2	O
and	O
3	O
of	O
the	O
Joint	B
Action	I
on	O
corruption	B
in	O
the	O
private	B
sector	I
.	O

In	O
the	O
following	O
,	O
a	O
distinction	O
should	O
be	O
made	O
between	O
corruption	B
in	O
this	O
narrower	O
criminal	B
law	I
sense	O
and	O
corruption	B
in	O
a	O
broader	O
socio-economic	B
sense	O
.	O

This	O
distinction	O
is	O
necessary	O
because	O
,	O
in	O
accordance	O
with	O
rule	B
of	I
law	I
principles	I
,	O
criminal	B
law	I
provisions	O
require	O
unambiguous	O
and	O
precise	O
language	O
,	O
whereas	O
the	O
concept	O
of	O
corruption	B
can	O
be	O
more	O
general	O
while	O
responding	O
to	O
the	O
purposes	O
of	O
crime	B
prevention	O
.	O

In	O
this	O
context	O
,	O
the	O
definition	O
of	O
corruption	B
could	O
embrace	O
concepts	O
such	O
as	O
integrity	B
,	O
transparency	B
,	O
accountability	B
and	O
good	B
governance	I
.	O

Hence	O
,	O
the	O
boundaries	O
for	O
an	O
EU	B
anti-corruption	B
policy	I
will	O
differ	O
depending	O
on	O
the	O
subject	O
:	O
Whereas	O
the	O
initiatives	O
mentioned	O
in	O
chapters	O
4	O
and	O
5	O
rather	O
address	O
corruption	B
in	O
a	O
narrower	O
criminal	B
law	I
sense	O
,	O
chapters	O
3	O
,	O
6	O
and	O
7	O
and	O
the	O
list	O
of	O
general	O
principles	O
attached	O
to	O
this	O
Communication	O
are	O
subject	O
of	O
a	O
much	O
broader	O
concept	O
of	O
corruption	B
.	O

IT	O
IS	O
USEFUL	O
NOTING	O
THAT	O
THESE	O
PRINCIPLES	O
ARE	O
REFLECTED	O
IN	O
THE	O
DISCIPLINARY	B
RULES	I
AS	O
LAID	O
DOWN	O
E.G.	O
IN	O
THE	O
STAFF	B
REGULATIONS	I
APPLYING	O
TO	O
ALL	O
OFFICIALS	B
AND	O
OTHER	O
AGENTS	O
OF	O
THE	O
EU	B
INSTITUTIONS	O
.	O

3	O
.	O

POLITICAL	B
COMMITMENT	O
-	O
A	O
PRIORITY	O

Combating	O
and	O
preventing	O
corruption	B
can	O
only	O
be	O
successful	O
when	O
all	O
parts	O
of	O
society	B
agree	O
that	O
this	O
is	O
indispensable	O
.	O

However	O
,	O
the	O
most	O
important	O
signal	O
has	O
to	O
come	O
from	O
leaders	O
and	O
decision-makers	O
themselves	O
.	O

Public	B
agents	I
would	O
find	O
it	O
difficult	O
to	O
act	O
impartially	B
,	O
objectively	B
and	O
solely	O
in	O
the	O
public	B
interest	I
if	O
the	O
country	O
's	O
highest	O
representatives	O
did	O
not	O
promote	O
and	O
live	O
up	O
to	O
the	O
anti-corruption	B
standards	I
to	O
be	O
established	O
.	O

Clear	O
political	B
determination	O
and	O
an	O
unambiguous	O
stance	O
of	O
EU	B
governments	B
and	O
its	O
representatives	O
would	O
also	O
give	O
a	O
clear	O
signal	O
to	O
their	O
counterparts	O
in	O
those	O
countries	O
preparing	O
for	O
accession	O
and	O
to	O
the	O
rest	O
of	O
the	O
world	O
.	O

In	O
this	O
context	O
,	O
the	O
Commissions	B
recalls	O
the	O
underlying	O
and	O
common	O
principles	O
of	O
the	O
Union	O
as	O
stipulated	O
in	O
article	O
6	O
of	O
the	O
Treaty	B
on	I
European	I
Union	I
:	O
liberty	O
,	O
democracy	O
,	O
respect	O
for	O
human	O
rights	B
and	O
fundamental	O
freedoms	O
and	O
the	O
rule	B
of	I
law	I
.	O

Whereas	O
corruption	B
undermines	O
all	O
of	O
these	O
principles	O
,	O
the	O
unlimited	O
respect	O
of	O
these	O
common	O
values	O
is	O
indeed	O
the	O
best	O
safeguard	O
against	O
the	O
spread	O
of	O
corrupt	B
practices	I
.	O

The	O
conclusions	O
and	O
recommendations	O
of	O
this	O
Communication	O
should	O
be	O
fully	O
endorsed	O
by	O
the	O
European	B
Council	I
at	O
one	O
of	O
its	O
next	O
meetings	O
.	O

4	O
.	O

PUTTING	O
EFFECT	O
TO	O
CRIMINAL	B
LAW	I
INSTRUMENTS	O

Further	O
to	O
the	O
European	B
Council	I
of	O
Tampere	B
,	O
devoted	O
exclusively	O
to	O
Justice	B
and	O
Home	B
Affairs	I
matters	O
,	O
the	O
so-called	O
Millennium	B
Strategy	I
on	O
the	O
Prevention	O
and	O
Control	O
of	O
Organised	B
Crime	I
of	O
27	O
March	O
2000	O
quotes	O
corruption	B
in	O
the	O
context	O
of	O
financial	B
crime	I
as	O
one	O
of	O
those	O
offences	B
where	O
the	O
Council	B
should	O
adopt	O
instruments	O
with	O
a	O
view	O
to	O
approximating	O
the	O
legislation	B
of	O
Member	O
States	O
by	O
agreeing	O
on	O
common	O
definitions	O
,	O
incriminations	B
and	O
sanctions	B
and	O
developing	O
a	O
more	O
general	O
(	O
i.e.	O
multi-disciplinary	O
)	O
EU	B
policy	B
towards	O
these	O
specific	O
form	O
of	O
crime	B
,	O
taking	O
into	O
account	O
as	O
appropriate	O
work	O
being	O
carried	O
out	O
in	O
other	O
international	O
organisations	O
(	O
cf	O
.	O

Tampere	B
Presidency	O
conclusion	O
48	O
and	O
recommendation	O
7	O
of	O
the	O
Millennium	B
Strategy	I
)	O
.	O

a	O
)	O
Ratification	O
of	O
EU	B
anti-corruption	B
instruments	I

In	O
its	O
recommendation	O
27	O
,	O
the	O
Millennium	B
Strategy	I
has	O
urged	O
those	O
Member	O
States	O
,	O
which	O
have	O
not	O
yet	O
ratified	O
the	O
following	O
EU	B
anti-corruption	B
instruments	I
to	O
make	O
proposals	O
to	O
their	O
Parliaments	O
with	O
a	O
view	O
to	O
speedy	O
ratification	O
within	O
the	O
given	O
timetable	O
:	O

(	O
1	O
)	O
by	O
mid-2001	O
the	O
Convention	B
on	I
the	I
Protection	I
of	I
the	I
European	I
Communities	I
'	I
Financial	I
Interests	I
(	O
PIF-Convention	B
)	O
;	O

(	O
2	O
)	O
by	O
the	O
end	O
of	O
2001	O
the	O
Protocols	O
to	O
the	O
PIF-Convention	B
;	O

(	O
3	O
)	O
by	O
the	O
end	O
of	O
2001	O
the	O
EU	B
Convention	O
on	O
the	O
fight	B
against	I
corruption	I
involving	O
officials	B
of	O
the	O
European	B
Communities	I
or	O
officials	B
of	O
the	O
EU	B
Member	O
States	O
.	O

With	O
the	O
ratification	O
of	O
all	O
EU	B
Member	O
States	O
,	O
the	O
PIF-Convention	B
and	O
its	O
1st	O
Protocol	O
(	O
which	O
has	O
for	O
the	O
first	O
time	O
legally	B
defined	O
active	B
and	O
passive	B
corruption	I
at	O
EU	B
level	O
)	O
entered	O
into	O
force	O
on	O
17	O
October	O
2002	O
.	O

Moreover	O
,	O
in	O
May	O
2001	O
the	O
Commission	B
adopted	O
a	O
proposal	O
for	O
a	O
Directive	B
,	O
which	O
would	O
provide	O
for	O
a	O
common	O
definition	O
of	O
active	B
and	O
passive	B
corruption	I
to	O
the	O
detriment	O
of	O
the	O
Communities	O
financial	B
interests	I
.	O

Further	O
to	O
the	O
opinion	O
of	O
the	O
European	B
Parliament	I
,	O
who	O
approved	O
the	O
text	O
in	O
principle	O
at	O
the	O
first	O
reading	O
,	O
the	O
proposal	O
was	O
amended	O
on	O
16	O
October	O
2002	O
.	O

The	O
Council	B
is	O
still	O
examining	O
this	O
proposal	O
.	O

The	O
proposal	O
aims	O
at	O
aligning	O
substantive	O
criminal	B
law	I
in	O
the	O
Member	O
States	O
as	O
regards	O
the	O
definition	O
of	O
fraud	B
,	O
corruption	B
and	O
money	B
laundering	I
affecting	O
Community	O
financial	B
interests	I
as	O
well	O
as	O
criminal	B
liability	I
and	O
the	O
criminal	B
penalties	I
applicable	O
,	O
in	O
accordance	O
with	O
the	O
PIF-Convention	B
and	O
its	O
two	O
protocols	O
.	O

Whilst	O
these	O
instruments	O
are	O
limited	O
to	O
criminal	B
behaviour	I
damaging	O
the	O
financial	B
interests	I
of	O
the	O
European	B
Communities	I
,	O
the	O
1997	O
Convention	O
on	O
the	O
fight	B
against	I
corruption	I
involving	O
officials	B
of	O
the	O
European	B
Communities	I
or	O
officials	B
of	O
Member	O
States	O
of	O
the	O
European	B
Union	I
criminalises	B
active	B
and	O
passive	B
transborder	I
corruption	I
within	O
the	O
EU	B
territory	O
,	O
even	O
when	O
Communities	O
financial	B
interests	I
are	O
not	O
affected	O
.	O

However	O
,	O
two	O
EU	B
Member	O
States	O
have	O
still	O
not	O
completed	O
the	O
ratification	O
process	O
.	O

The	O
Commission	B
calls	O
upon	O
those	O
Member	O
States	O
which	O
have	O
not	O
yet	O
ratified	O
the	O
EU	B
Convention	O
on	O
Corruption	B
and	O
/	O
or	O
the	O
2nd	O
Protocol	O
to	O
the	O
PIF-Convention	B
,	O
to	O
do	O
so	O
without	O
any	O
further	O
delay	O
.	O

b	O
)	O
Ratification	O
of	O
international	O
anti-corruption	B
instruments	I

All	O
EU	B
Member	O
States	O
have	O
ratified	O
the	O
OECD	B
Convention	O
on	O
bribery	B
of	O
foreign	O
public	B
officials	I
in	O
international	O
business	B
transactions	I
of	O
1997	O
and	O
have	O
adjusted	O
their	O
criminal	B
law	I
accordingly	O
.	O

With	O
14	O
ratifications	O
completed	O
,	O
the	O
Criminal	B
Law	I
Convention	I
on	I
Corruption	I
of	O
the	O
Council	B
of	I
Europe	I
entered	O
into	O
force	O
on	O
1	O
July	O
2002	O
.	O

Still	O
,	O
only	O
four	O
EU	B
Member	O
States	O
have	O
ratified	O
this	O
Convention	O
.	O

Only	O
2	O
EU	B
Member	O
States	O
have	O
ratified	O
the	O
Civil	B
Law	I
Convention	I
on	I
Corruption	I
of	O
the	O
Council	B
of	I
Europe	I
so	O
far	O
.	O

The	O
Commission	B
calls	O
upon	O
those	O
Member	O
States	O
which	O
have	O
not	O
yet	O
ratified	O
the	O
Criminal	B
and	O
/	O
or	O
the	O
Civil	B
Law	I
Convention	I
on	I
Corruption	I
of	O
the	O
Council	B
of	I
Europe	I
or	O
which	O
have	O
not	O
joined	O
the	O
Group	B
of	I
States	I
against	I
Corruption	I
(	O
GRECO	B
)	O
,	O
to	O
do	O
so	O
without	O
any	O
further	O
delay	O
.	O

c	O
)	O
Monitoring	O
the	O
implementation	O
of	O
anti-corruption	B
instruments	I

Once	O
these	O
EU	B
and	O
international	O
instruments	O
will	O
have	O
come	O
into	O
force	O
by	O
effective	O
enacting	O
legislation	B
,	O
many	O
of	O
the	O
Member	O
States	O
'	O
relevant	O
criminal	B
law	I
provisions	O
(	O
incriminations	B
,	O
sanctions	B
and	O
confiscation	B
,	O
liability	B
of	O
and	O
sanctions	B
for	O
legal	B
persons	I
,	O
extradition	B
,	O
prosecution	B
and	O
cooperation	O
between	O
Member	O
States	O
'	O
law	B
enforcement	I
authorities	B
)	O
will	O
be	O
already	O
assimilated	O
.	O

The	O
Commission	B
is	O
of	O
the	O
opinion	O
that	O
all	O
international	O
efforts	O
on	O
combating	B
corruption	I
can	O
only	O
prove	O
their	O
worth	O
if	O
they	O
are	O
followed	O
by	O
monitoring	O
and	O
evaluation	B
mechanisms	I
based	O
on	O
peer	O
review	O
.	O

On	O
the	O
other	O
hand	O
,	O
(	O
costly	O
and	O
often	O
counterproductive	O
)	O
duplication	O
of	O
international	O
activities	O
should	O
be	O
avoided	O
as	O
much	O
as	O
possible	O
.	O

As	O
guardian	O
of	O
the	O
Treaties	O
,	O
the	O
Commission	B
has	O
a	O
general	O
role	O
in	O
monitoring	O
the	O
implementation	O
of	O
in	O
particular	O
EC	B
law	B
and	O
closely	O
following	O
the	O
implementation	O
of	O
all	O
EU	B
instruments	O
by	O
the	O
Member	O
States	O

Nevertheless	O
,	O
apart	O
from	O
the	O
possibility	O
to	O
submit	O
questions	O
on	O
interpretation	O
and	O
validity	O
on	O
Framework	B
Decisions	I
and	O
Conventions	O
to	O
the	O
European	B
Court	I
of	I
Justice	I
by	O
way	O
of	O
preliminary	B
rulings	I
,	O
the	O
EU	B
instruments	O
do	O
not	O
provide	O
a	O
genuine	O
follow-up	O
monitoring	O
or	O
evaluating	O
mechanism	O
comparable	O
to	O
the	O
(	O
subregional	O
)	O
OECD	B
Working	I
Group	I
on	I
Bribery	I
or	O
the	O
(	O
mainly	O
European	O
)	O
Group	B
of	I
States	I
against	I
Corruption	I
(	O
GRECO	B
)	O
mandated	B
to	O
ensure	O
the	O
implementation	O
of	O
the	O
OECD	B
Bribery	B
Convention	O
and	O
the	O
Council	B
of	I
Europe	I
's	O
Criminal	B
and	O
Civil	B
Law	I
Conventions	O
.	O

GRECO	B
is	O
responsible	O
for	O
monitoring	O
observance	O
of	O
the	O
Council	B
of	I
Europe	I
's	O
20	O
Guiding	O
Principles	O
for	O
the	O
Fight	B
against	I
Corruption	I
and	O
implementation	O
of	O
the	O
Criminal	B
and	O
Civil	B
Law	I
Conventions	O
on	O
Corruption	B
and	O
on	O
codes	B
of	I
conduct	I
for	O
public	B
officials	I
.	O

It	O
evaluates	O
in	O
two	O
phases	O
through	O
peer	O
review	O
,	O
the	O
compliance	B
with	O
undertakings	O
contained	O
in	O
these	O
legal	B
instruments	I
and	O
thus	O
contributes	O
to	O
identifying	O
deficiencies	O
and	O
insufficiencies	O
of	O
national	O
mechanisms	O
against	O
corruption	B
,	O
and	O
to	O
prompting	O
the	O
necessary	O
legislative	B
,	O
institutional	O
and	O
practical	O
reforms	O
in	O
order	O
to	O
better	O
prevent	O
and	O
combat	B
corruption	I
.	O

In	O
this	O
context	O
,	O
it	O
is	O
useful	O
recalling	O
that	O
both	O
Council	B
of	I
Europe	I
Conventions	O
on	O
corruption	B
followed	O
the	O
adoption	O
of	O
the	O
EU	B
criminal	B
law	I
instruments	O
and	O
developed	O
them	O
further	O
.	O

GRECO	B
became	O
operational	O
as	O
of	O
1	O
May	O
1999	O
and	O
currently	O
has	O
34	O
members	O
,	O
including	O
all	O
EU	B
Member	O
States	O
(	O
except	O
Austria	B
and	O
Italy	B
)	O
and	O
candidate	O
countries	O
(	O
except	O
Turkey	B
)	O
and	O
the	O
US	B
.	O

The	O
Commission	B
is	O
of	O
the	O
opinion	O
that	O
at	O
this	O
stage	O
a	O
separate	O
EU	B
anti-corruption	B
evaluation	O
and	O
monitoring	B
mechanism	I
is	O
inappropriate	O
,	O
because	O
this	O
would	O
run	O
against	O
the	O
Commission	B
's	O
general	O
conviction	O
that	O
unnecessary	O
duplication	O
of	O
efforts	O
should	O
be	O
avoided	O
.	O

Both	O
Conventions	O
on	O
Corruption	B
of	O
the	O
Council	B
of	I
Europe	I
and	O
GRECO	B
's	O
Statute	B
provide	O
already	O
specific	O
accession	O
clauses	O
for	O
the	O
European	B
Community	I
.	O

Whilst	O
accession	O
to	O
the	O
Criminal	B
Law	I
Convention	O
and	O
GRECO	B
membership	O
independent	O
of	O
the	O
two	O
Conventions	O
requires	O
a	O
formal	O
invitation	O
by	O
the	O
Council	B
of	I
Europe	I
's	O
Committee	B
of	I
Ministers	I
,	O
the	O
accession	O
to	O
the	O
Civil	B
Law	I
Convention	O
,	O
followed	O
automatically	O
by	O
GRECO	B
membership	O
,	O
can	O
be	O
unilaterally	O
decided	O
by	O
the	O
EC	B
.	O

Hence	O
,	O
the	O
Commission	B
will	O
prepare	O
,	O
within	O
the	O
limits	O
of	O
Community	O
competence	O
,	O
the	O
accession	O
of	O
the	O
European	B
Community	I
to	O
both	O
Conventions	O
on	O
Corruption	B
of	O
the	O
Council	B
of	I
Europe	I
and	O
request	O
the	O
Council	B
for	O
authorisation	O
to	O
negotiate	O
with	O
the	O
Council	B
of	I
Europe	I
the	O
terms	O
and	O
modalities	O
of	O
the	O
Community	O
's	O
subsequent	O
participation	O
in	O
GRECO	B
.	O

EU	B
Member	O
States	O
should	O
in	O
the	O
Council	B
and	O
in	O
the	O
Committee	B
of	I
Ministers	I
of	O
the	O
Council	B
of	I
Europe	I
fully	O
support	O
the	O
possible	O
application	O
of	O
the	O
European	B
Community	I
,	O
prepared	O
by	O
the	O
Commission	B
,	O
to	O
the	O
Criminal	B
Law	I
Convention	I
on	I
Corruption	I
of	O
the	O
Council	B
of	I
Europe	I
,	O
including	O
its	O
subsequent	O
participation	O
in	O
GRECO	B
,	O
based	O
on	O
the	O
appropriate	O
modalities	O
to	O
be	O
agreed	O
.	O

In	O
case	O
participation	O
in	O
GRECO	B
will	O
not	O
be	O
considered	O
a	O
viable	O
option	O
,	O
the	O
Commission	B
would	O
consider	O
if	O
a	O
separate	O
EU	B
mutual	O
evaluation	O
and	O
monitoring	B
mechanism	I
on	O
the	O
fight	B
against	I
corruption	I
could	O
be	O
set	O
up	O
.	O

d	O
)	O
Improving	O
judicial	B
and	O
police	B
cooperation	O
within	O
the	O
EU	B

Police	B
and	O
judicial	B
cooperation	O
within	O
the	O
EU	B
has	O
been	O
strengthened	O
through	O
the	O
setting-up	O
of	O
EUROJUST	B
,	O
a	O
judicial	B
cooperation	O
network	O
,	O
and	O
an	O
extended	O
mandate	B
for	O
Europol	B
.	O

The	O
creation	O
of	O
the	O
provisional	O
EUROJUST	B
unit	O
was	O
approved	O
in	O
December	O
2001	O
and	O
nomination	O
of	O
its	O
members	O
took	O
place	O
in	O
July	O
2002	O
.	O

EUROJUST	B
is	O
composed	O
of	O
one	O
magistracy	B
(	O
prosecutor	B
,	O
judge	B
,	O
police	B
officers	I
with	O
prosecuting	B
powers	O
)	O
for	O
each	O
Member	O
State	O
with	O
a	O
view	O
to	O
facilitating	O
contacts	O
,	O
enabling	O
cooperation	O
between	O
magistrates	B
and	O
discovering	O
links	O
between	O
on-going	O
transborder	O
cases	O
.	O

The	O
material	O
competence	O
of	O
EUROJUST	B
is	O
very	O
similar	O
to	O
the	O
mandate	B
of	O
the	O
Europol	B
Convention	O
covering	O
inter	O
alia	O
fraud	B
and	O
corruption	B
,	O
money	B
laundering	I
and	O
participation	O
in	O
a	O
criminal	B
organisation	I
.	O

Hence	O
,	O
both	O
bodies	O
can	O
and	O
will	O
be	O
dealing	O
with	O
transborder	B
corruption	I
cases	I
and	O
thus	O
fulfil	O
requirements	O
stemming	O
from	O
relevant	O
provisions	O
of	O
the	O
EU	B
anti-corruption	B
instruments	I
.	O

Also	O
the	O
European	O
Financial	B
Prosecutor	I
as	O
proposed	O
by	O
the	O
Commission	B
in	O
its	O
Green	B
Paper	I
of	O
11	O
December	O
2001	O
would	O
be	O
mandated	B
to	O
deal	O
with	O
corruption	B
offences	I
provided	O
they	O
affect	O
the	O
financial	B
interests	I
of	O
the	O
Community	O
.	O

In	O
this	O
context	O
,	O
the	O
Framework	B
Decision	I
on	O
the	O
European	B
Arrest	I
Warrant	I
,	O
whose	O
provisions	O
will	O
be	O
applied	O
by	O
all	O
Member	O
States	O
at	O
the	O
latest	O
on	O
1	O
January	O
2004	O
,	O
will	O
be	O
a	O
key	O
factor	O
in	O
the	O
fight	B
against	I
corruption	I
.	O

The	O
Framework	B
Decision	I
will	O
include	O
the	O
offence	B
of	O
corruption	B
among	O
the	O
offences	B
for	O
which	O
prior	O
verification	O
of	O
double	B
criminality	I
is	O
not	O
required	O
,	O
and	O
this	O
should	O
ensure	O
that	O
offenders	B
are	O
surrendered	O
to	O
the	O
judicial	B
authorities	I
of	O
the	O
requesting	O
State	O
.	O

Furthermore	O
,	O
the	O
Council	B
is	O
currently	O
examining	O
proposals	O
for	O
two	O
new	O
legal	B
acts	I
,	O
which	O
once	O
adopted	O
,	O
would	O
engage	O
Member	O
States	O
to	O
adjust	O
national	O
legislation	B
or	O
adopt	O
new	O
provisions	O
with	O
a	O
view	O
to	O
ensuring	O
mutual	O
recognition	O
of	O
freezing	B
orders	O
,	O
including	O
proceeds	B
of	O
corruption	B
offences	I
,	O
and	O
facilitating	O
confiscation	B
of	O
proceeds	B
,	O
especially	O
by	O
allowing	O
the	O
competent	O
authorities	B
to	O
confiscate	B
property	O
belonging	O
to	O
a	O
person	O
convicted	B
of	O
a	O
criminal	B
act	I
that	O
is	O
of	O
such	O
nature	O
that	O
it	O
can	O
generate	O
substantial	O
proceeds	B
,	O
unless	O
that	O
person	O
can	O
demonstrate	O
that	O
the	O
property	O
was	O
legitimately	B
acquired	O
.	O

In	O
the	O
two	O
texts	O
,	O
no	O
specific	O
predicate	B
offences	I
are	O
listed	O
;	O
it	O
would	O
be	O
applicable	O
to	O
all	O
acts	O
punishable	B
by	O
a	O
maximum	O
sentence	B
of	O
up	O
to	O
six	O
years	O
'	O
imprisonment	B
.	O

Albeit	O
from	O
a	O
legal	B
point	O
of	O
view	O
not	O
covering	O
the	O
area	O
of	O
judicial	B
and	O
police	B
cooperation	O
,	O
it	O
is	O
useful	O
also	O
recalling	O
in	O
this	O
context	O
that	O
the	O
second	O
Money	B
Laundering	I
Directive	B
adopted	O
in	O
November	O
2001	O
extends	O
the	O
scope	O
of	O
predicate	B
offences	I
to	O
all	O
serious	O
crime	B
,	O
including	O
explicitly	O
corruption	B
,	O
and	O
obliges	O
Member	O
States	O
to	O
combat	O
and	O
to	O
prevent	O
the	O
laundering	B
of	O
proceeds	B
stemming	O
from	O
these	O
offences	B
.	O

Actions	O
which	O
amount	O
to	O
corruption	B
under	O
the	O
laws	B
of	O
the	O
Member	O
States	O
,	O
whether	O
passive	O
or	O
active	O
or	O
in	O
the	O
private	B
or	O
public	B
sectors	I
,	O
should	O
be	O
covered	O
taking	O
into	O
account	O
the	O
common	O
standards	O
and	O
definitions	O
developed	O
under	O
the	O
EU	B
instruments	O
and	O
the	O
OECD	B
Bribery	B
Convention	O
and	O
the	O
Council	B
of	I
Europe	I
Conventions	O
on	O
Corruption	B
.	O

e	O
)	O
Fighting	O
private-to-private	B
corruption	I

As	O
regards	O
private	B
sector	I
corruption	I
,	O
a	O
Joint	B
Action	I
on	O
corruption	B
in	O
the	O
private	B
sector	I
was	O
adopted	O
in	O
December	O
1998	O
,	O
which	O
calls	O
on	O
Member	O
States	O
to	O
make	O
a	O
criminal	B
offence	I
of	O
both	O
active	B
and	O
passive	B
corruption	I
of	O
a	O
person	O
acting	O
in	O
the	O
course	O
of	O
business	B
.	O

Member	O
States	O
may	O
however	O
limit	O
themselves	O
to	O
cover	O
conduct	O
which	O
involves	O
the	O
distortion	B
of	I
competition	I
within	O
the	O
common	B
market	I
and	O
which	O
results	O
in	O
economic	B
damage	I
to	O
others	O
by	O
the	O
improper	O
award	O
or	O
execution	O
of	O
a	O
contract	B
.	O

Still	O
,	O
the	O
Joint	B
Action	I
only	O
committed	O
the	O
Member	O
States	O
'	O
governments	B
,	O
but	O
not	O
the	O
national	O
parliaments	O
and	O
indeed	O
up	O
to	O
now	O
,	O
only	O
eight	O
Member	O
States	O
have	O
implemented	O
the	O
Joint	B
Action	I
in	O
its	O
entirety	O
.	O

Hence	O
,	O
Denmark	B
submitted	O
in	O
July	O
2002	O
an	O
initiative	O
for	O
a	O
Council	B
Framework	B
Decision	I
on	O
combating	O
private	B
sector	I
corruption	I
.	O

It	O
is	O
supposed	O
to	O
reformat	O
and	O
to	O
further	O
develop	O
the	O
Joint	B
Action	I
of	O
1998	O
and	O
thus	O
have	O
a	O
more	O
binding	O
character	O
than	O
the	O
previous	O
instrument	O
.	O

The	O
Commission	B
recalls	O
that	O
the	O
aforesaid	O
Joint	B
Action	I
was	O
accompanied	O
by	O
a	O
Council	B
declaration	O
,	O
which	O
was	O
supported	O
by	O
the	O
Commission	B
,	O
suggesting	O
to	O
take	O
further	O
steps	O
in	O
the	O
future	O
.	O

At	O
their	O
meeting	O
on	O
19	O
December	O
2002	O
,	O
EU	B
Ministers	O
of	O
Justice	B
and	O
Home	B
Affairs	I
reached	O
a	O
general	O
political	B
agreement	I
on	O
the	O
text	O
of	O
the	O
draft	O
Framework	B
Decision	I
.	O

The	O
Commission	B
welcomes	O
this	O
initiative	O
,	O
which	O
takes	O
into	O
account	O
the	O
process	O
of	O
privatisation	B
in	O
former	O
public	B
companies	B
at	O
large	O
.	O

The	O
suggested	O
instrument	O
would	O
also	O
ensure	O
that	O
there	O
is	O
no	O
imbalance	O
between	O
the	O
instruments	O
covering	O
corruption	B
involving	O
public	B
officials	I
and	O
corruption	B
between	O
private	B
entities	O
.	O

Thus	O
,	O
independent	O
of	O
the	O
organisational	O
structure	O
of	O
certain	O
sectors	O
within	O
the	O
EU	B
and	O
taking	O
into	O
account	O
that	O
the	O
public	B
sector	I
criminal	B
law	I
instruments	O
refer	O
to	O
domestic	O
law	B
when	O
defining	O
what	O
public	B
officials	I
are	O
,	O
possible	O
legal	B
discrepancies	O
can	O
be	O
evened	O
out	O
with	O
a	O
view	O
to	O
giving	O
the	O
same	O
degree	O
of	O
legal	B
protection	O
against	O
the	O
same	O
corrupt	B
behaviour	I
.	O

Furthermore	O
,	O
the	O
Danish	O
initiative	O
seeks	O
to	O
follow	O
the	O
approach	O
chosen	O
in	O
other	O
Framework	B
Decisions	I
.	O

f	O
)	O
Detecting	O
,	O
prosecuting	B
and	O
punishing	B
corruption	B
cases	I

Whilst	O
substantial	O
criminal	B
law	I
legislation	I
on	I
corruption	I
covering	O
both	O
active	O
and	O
passive	O
in	O
the	O
public	B
and	O
the	O
private	B
sector	I
is	O
already	O
or	O
will	O
be	O
shortly	O
in	O
place	O
in	O
all	O
EU	B
Member	O
States	O
and	O
its	O
candidate	O
countries	O
-	O
thanks	O
to	O
supranational	O
efforts	O
in	O
this	O
field	O
by	O
drawing	O
up	O
the	O
aforementioned	O
EU	B
and	O
international	O
anti-corruption	B
instruments	I
-	O
the	O
true	O
problem	O
of	O
the	O
fight	B
against	I
corruption	I
seems	O
to	O
lie	O
rather	O
in	O
the	O
field	O
of	O
implementing	O
these	O
laws	B
,	O
i.e.	O
preventing	O
,	O
investigating	O
,	O
prosecuting	B
and	O
adjudicating	B
corruption	B
cases	I
.	O

This	O
is	O
due	O
to	O
the	O
fact	O
that	O
corruption	B
is	O
often	O
referred	O
to	O
as	O
the	O
crime	B
without	O
(	O
direct	O
)	O
victim	B
.	O

Hence	O
,	O
there	O
is	O
rarely	O
an	O
affected	O
party	O
being	O
able	O
to	O
report	B
a	O
corruption	B
case	I
to	O
police	B
and	O
judicial	B
authorities	I
and	O
indeed	O
very	O
few	O
cases	B
of	I
corruption	I
are	O
reported	B
.	O

This	O
is	O
probably	O
due	O
to	O
the	O
fact	O
that	O
corruption	B
usually	O
is	O
sealed	O
through	O
the	O
pact	B
of	I
silence	I
between	O
briber	B
and	O
bribee	B
,	O
who	O
have	O
a	O
mutual	O
interest	O
in	O
concealing	O
their	O
activities	O
as	O
far	O
as	O
possible	O
.	O

Furthermore	O
there	O
are	O
only	O
very	O
limited	O
statistics	O
and	O
crime	B
records	I
on	O
corruption	B
cases	I
,	O
and	O
those	O
that	O
exist	O
do	O
not	O
serve	O
as	O
indicators	O
of	O
the	O
general	O
problem	O
due	O
to	O
the	O
high	O
number	O
of	O
unreported	O
cases	O
.	O

Consequently	O
,	O
it	O
is	O
very	O
difficult	O
to	O
draw	O
the	O
right	O
conclusions	O
and	O
the	O
only	O
way	O
in	O
order	O
to	O
know	O
more	O
is	O
to	O
convince	O
witnesses	B
to	O
report	B
corruption	B
cases	I
.	O

This	O
can	O
only	O
be	O
achieved	O
by	O
the	O
effective	O
protection	O
of	O
whistleblowers	B
against	O
victimisation	O
and	O
retaliation	B
(	O
loss	O
of	O
job	O
,	O
personal	O
threats	O
etc.	O
)	O
and	O
witness	B
protection	O
instruments	O
as	O
suggested	O
in	O
the	O
Millennium	B
Strategy	I
on	O
the	O
prevention	O
and	O
control	O
of	O
organised	B
crime	I
(	O
cf	O
.	O

Recommendation	O
n°	O
25	O
)	O
.	O

Often	O
,	O
there	O
will	O
be	O
no	O
witnesses	B
at	O
all	O
that	O
could	O
report	B
a	O
corruption	B
case	I
,	O
so	O
that	O
the	O
only	O
way	O
to	O
reveal	O
corrupt	B
practices	I
seems	O
to	O
be	O
to	O
give	O
incentives	O
for	O
persons	O
directly	O
involved	O
in	O
these	O
practices	O
to	O
report	B
their	O
accomplices	B
.	O

If	O
none	O
of	O
these	O
possibilities	O
provides	O
the	O
right	O
solution	O
,	O
one	O
has	O
to	O
think	O
,	O
as	O
a	O
last	O
resort	O
,	O
about	O
ways	O
to	O
facilitate	O
the	O
burden	B
of	I
proof	I
for	O
law	B
enforcement	I
authorities	B
.	O

The	O
Commission	B
Decision	B
on	O
raising	O
concerns	O
about	O
serious	B
wrongdoings	I
sets	O
out	O
clear	O
rules	B
for	O
the	O
Commission	B
staff	O
on	O
what	O
to	O
do	O
and	O
whom	O
to	O
contact	O
in	O
cases	O
of	O
e.g.	O
fraud	B
or	O
corruption	B
.	O

Member	O
States	O
should	O
,	O
where	O
appropriate	O
at	O
the	O
proposal	O
of	O
the	O
Commission	B
,	O
introduce	O
common	O
standards	O
for	O
collection	B
of	I
evidence	I
,	O
special	O
investigative	O
techniques	O
,	O
protection	O
for	O
whistleblowers	B
,	O
victims	B
and	O
witnesses	B
of	O
corruption	B
and	O
the	O
confiscation	B
of	O
proceeds	B
of	O
corruption	B
with	O
a	O
view	O
to	O
facilitating	O
the	O
detection	O
,	O
investigation	O
,	O
prosecution	B
and	O
adjudication	B
of	O
corruption	B
cases	I
.	O

They	O
should	O
ensure	O
that	O
appropriate	O
remedies	O
are	O
available	O
for	O
victims	B
of	O
corruption	B
.	O

The	O
Commission	B
invites	O
Member	O
States	O
to	O
introduce	O
,	O
where	O
appropriate	O
,	O
clear	O
guidelines	O
for	O
staff	O
of	O
public	B
administrations	I
.	O

Reference	O
might	O
be	O
made	O
to	O
the	O
Commission	B
Decision	B
of	O
4	O
April	O
2002	O
as	O
a	O
model	O
for	O
such	O
guidelines	O
.	O

It	O
is	O
estimated	O
that	O
the	O
global	O
cost	B
of	O
corruption	B
adds	O
up	O
to	O
approximately	O
5	O
%	O
of	O
the	O
world	B
economy	I
.	O

Organised	B
crime	I
groups	I
use	O
up	O
to	O
30	O
%	O
of	O
their	O
proceeds	B
to	O
bribe	B
police	B
,	O
prosecutors	B
,	O
judges	B
and	O
public	B
administration	I
in	O
general	O
to	O
purchase	O
exemption	O
from	O
law	B
enforcement	I
measures	O
.	O

However	O
,	O
comparatively	O
little	O
public	B
money	I
is	O
used	O
to	O
investigate	O
and	O
to	O
prevent	O
corruption	B
cases	I
,	O
although	O
experience	O
shows	O
that	O
higher	O
investment	O
into	O
specialised	O
anti-corruption	B
services	I
could	O
multiply	O
the	O
detection	O
and	O
prosecution	B
of	O
offenders	B
and	O
thereby	O
the	O
effectiveness	O
of	O
any	O
anti-corruption	B
policy	I
.	O

Specialised	O
anti-corruption	B
authorities	I
and	O
Member	O
States	O
'	O
officials	B
fighting	O
against	O
corruption	B
and	O
related	O
economic	B
crimes	I
such	O
as	O
fraud	B
,	O
money	B
laundering	I
,	O
tax	B
and	O
accounting	B
offences	I
must	O
enjoy	O
appropriate	O
independence	O
,	O
autonomy	O
and	O
protection	O
in	O
the	O
exercise	O
of	O
their	O
functions	O
,	O
be	O
free	O
from	O
improper	B
influence	I
and	O
have	O
effective	O
means	O
for	O
gathering	O
evidence	B
and	O
protecting	O
those	O
persons	O
helping	O
the	O
authorities	B
in	O
combating	B
corruption	I
.	O

Interagency	O
co-operation	O
and	O
joint	O
investigations	O
,	O
focusing	O
on	O
financial	B
investigations	I
should	O
be	O
enhanced	O
and	O
networks	O
and	O
national	O
contact	O
points	O
specifically	O
dealing	O
with	O
corruption	B
cases	I
should	O
be	O
set-up	O
in	O
order	O
to	O
facilitate	O
international	O
cooperation	O
.	O

In	O
addition	O
to	O
these	O
suggested	O
initiatives	O
,	O
the	O
Commission	B
has	O
advocated	O
a	O
revision	O
of	O
the	O
EC	B
Treaty	O
to	O
enable	O
the	O
creation	O
of	O
an	O
independent	O
European	O
Public	B
Prosecutor	I
responsible	O
for	O
detecting	O
,	O
prosecuting	B
and	O
remitting	O
for	O
trial	O
the	O
authors	O
of	O
offences	B
against	O
the	O
EC	B
financial	B
interests	I
including	O
corruption	B
of	O
EU	B
public	B
servants	I
.	O

The	O
establishment	O
of	O
a	O
European	O
public	B
prosecutor	I
would	O
guarantee	O
effective	O
criminal	B
law	I
enforcement	I
while	O
contributing	O
to	O
the	O
respect	O
for	O
individual	O
rights	B
and	O
securing	O
judicial	B
review	O
of	O
the	O
OLAF	B
operational	O
activities	O

SEE	O
COMMISSION	B
GREEN	B
PAPER	I
ON	O
THE	O
PROTECTION	O
OF	O
COMMUNITY	O
FINANCIAL	B
INTERESTS	I
AND	O
THE	O
ESTABLISHMENT	O
OF	O
A	O
EUROPEAN	O
PUBLIC	B
PROSECUTOR	I
,	O
COM	O
(	O
2001	O
)	O
715	O
FROM	O
12	O
/	O
12	O
/	O
2001	O
AND	O
ITS	O
FOLLOW-UP	O
REPORT	O
COM	O
(	O
2003	O
)	O
128	O
FINAL	O
OF	O
19	O
/	O
03	O
/	O
2003	O
.	O

5	O
.	O

BUILDING	O
UP	O
AN	O
ANTI-CORRUPTION	B
CULTURE	I
IN	O
THE	O
EU	B
INSTITUTIONS	O

Tackling	O
corruption	B
and	O
fraud	B
within	O
the	O
EU	B
institutions	O
and	O
bodies	O
has	O
become	O
an	O
absolute	O
priority	O
for	O
the	O
EU	B
in	O
the	O
last	O
years	O
.	O

The	O
crisis	O
triggered	O
by	O
the	O
Commission	B
's	O
resignation	O
in	O
March	O
1999	O
revealed	O
the	O
necessity	O
to	O
set	O
up	O
more	O
effective	O
measures	O
for	O
the	O
protection	O
of	O
the	O
integrity	B
of	O
the	O
European	O
Public	B
Administration	I
.	O

In	O
order	O
to	O
improve	O
the	O
legal	B
framework	I
in	O
this	O
field	O
,	O
the	O
Commission	B
has	O
defined	O
various	O
initiatives	O
in	O
its	O
overall	O
strategy	O
for	O
the	O
protection	O
of	O
the	O
Community	O
financial	B
interests	I
of	O
2000	O
,	O
its	O
action	B
plan	I
2001	O
-	O
2003	O
,	O
and	O
more	O
recently	O
,	O
its	O
evaluation	O
report	O
on	O
the	O
OLAF	B
activities	O
.	O

Based	O
upon	O
a	O
thorough	O
scrutiny	O
of	O
existing	O
rules	B
and	O
practices	O
,	O
several	O
documents	O
pointed	O
out	O
the	O
weakness	O
of	O
the	O
legal	B
framework	I
,	O
and	O
especially	O
the	O
fact	O
that	O
no	O
investigation	O
on	O
alleged	O
cases	B
of	I
corruption	I
or	O
fraud	B
could	O
be	O
carried	O
out	O
within	O
the	O
EU	B
institutions	O
.	O

See	O
Special	O
Report	O
of	O
the	O
Court	B
of	I
Auditors	I
on	O
the	O
Commission	B
's	O
services	O
specifically	O
involved	O
in	O
the	O
fight	B
against	I
fraud	I
,	O
notably	O
UCLAF	B
(	O
OJ	B
C	O
230	O
,	O
22	O
/	O
7	O
/	O
1998	O
)	O
.	O

See	O
Committee	B
of	I
Independent	I
Experts	I
,	O
report	O
of	O
15	O
March	O
1999	O
on	O
fraud	B
,	O
mismanagement	B
and	O
favoritism	B
in	O
the	O
European	B
Commission	I
,	O
followed	O
by	O
a	O
second	O
report	O
,	O
dated	O
10	O
September	O
1999	O
,	O
on	O
the	O
reform	O
of	O
the	O
Commission	B
,	O
analysis	O
of	O
practices	O
in	O
force	O
and	O
proposals	O
to	O
remedy	O
mismanagement	B
,	O
irregularities	B
and	O
fraud	B
.	O

Communication	O
on	O
the	O
fight	B
against	I
fraud	I
,	O
for	O
an	O
overall	O
strategic	O
approach	O
COM	O
(	O
2000	O
)	O
358	O
final	O
and	O
Communication	O
on	O
the	O
fight	B
against	I
fraud	I
,	O
Action	B
plan	I
2001	O
-	O
2003	O
COM	O
(	O
2001	O
)	O
254	O
final	O
.	O

Created	O
in	O
1999	O
as	O
an	O
independent	O
administrative	B
body	O
OLAF	B
is	O
entrusted	O
to	O
investigate	O
cases	B
of	I
corruption	I
,	O
fraud	B
and	O
other	O
serious	O
professional	B
misconduct	I
affecting	O
EC	B
budget	B
within	O
all	O
EU	B
institutions	O
and	O
bodies	O
(	O
internal	B
investigations	I
)	O
.	O

The	O
interinstitutional	O
agreement	O
of	O
May	O
1999	O
extended	O
further	O
the	O
scope	O
of	O
its	O
investigation	B
power	I
to	O
all	O
activities	O
affecting	O
Community	O
interests	O
against	O
irregular	O
conduct	O
liable	B
to	O
give	O
rise	O
to	O
administrative	B
or	O
criminal	B
proceedings	I
of	O
the	O
EC	B
public	B
servants	I
.	O

The	O
Cologne	B
European	B
Council	I
asked	O
all	O
the	O
institutions	O
and	O
bodies	O
to	O
join	O
the	O
interinstitutional	O
agreement	O
so	O
that	O
the	O
investigations	O
would	O
be	O
carried	O
out	O
under	O
equivalent	O
conditions	O
in	O
all	O
of	O
them	O
.	O

Interinstitutional	O
agreement	O
between	O
the	O
Commission	B
,	O
the	O
Council	B
and	O
the	O
Parliament	B
concerning	O
internal	B
investigations	I
carried	O
out	O
by	O
the	O
Office	O
(	O
OJ	B
L	O
136	O
,	O
31	O
/	O
5	O
/	O
1999	O
,	O
p	O
.	O

15	O
)	O
and	O
model	O
Decision	B
annexed	O
.	O

According	O
to	O
Parliament	B
and	O
Council	B
Regulation	B
(	O
EC	B
)	O
No	O
1073	O
/	O
1999	O
and	O
Council	B
Regulation	B
(	O
Euratom	B
)	O
No	O
1074	O
/	O
1999	O
(	O
OJ	B
L	O
136	O
,	O
31	O
/	O
5	O
/	O
1999	O
,	O
p	O
.	O

1	O
and	O
8	O
)	O
,	O
the	O
purpose	O
of	O
OLAF	B
's	O
investigations	O
is	O
fighting	O
fraud	B
,	O
corruption	B
and	O
any	O
other	O
illegal	B
activity	I
affecting	O
the	O
financial	B
interests	I
of	O
the	O
European	B
Community	I
and	O
investigating	O
to	O
that	O
end	O
serious	O
matters	O
relating	O
to	O
the	O
discharge	O
of	O
professional	O
duties	O
such	O
as	O
to	O
constitute	O
a	O
dereliction	B
of	O
the	O
obligations	O
of	O
officials	B
and	O
other	O
servants	O
of	O
the	O
Communities	O
liable	B
to	O
result	O
in	O
disciplinary	O
or	O
,	O
as	O
the	O
case	O
may	O
be	O
,	O
criminal	B
proceedings	I
,	O
or	O
an	O
equivalent	O
failure	O
to	O
discharge	O
obligations	O
on	O
the	O
part	O
of	O
members	O
...	O

or	O
members	O
of	O
the	O
staff	O
of	O
institutions	O
,	O
bodies	O
,	O
offices	O
or	O
agencies	O
not	O
subject	O
to	O
the	O
Staff	B
Regulations	I
....	O

In	O
order	O
to	O
assure	O
a	O
better	O
protection	O
of	O
the	O
European	O
Public	B
Administration	I
integrity	B
all	O
the	O
institutions	O
and	O
bodies	O
should	O
accede	O
to	O
interinstitutional	O
agreement	O
of	O
May	O
1999	O
and	O
adopt	O
an	O
internal	O
decision	O
in	O
line	O
with	O
the	O
model	O
decision	O
annexed	O
to	O
the	O
interinstitutional	O
agreement	O
.	O

See	O
recommendation	O
n°1	O
of	O
the	O
Commission	B
report	O
,	O
Evaluation	B
of	I
the	I
activities	I
of	I
the	I
European	I
Anti-fraud	I
Office	I
(	O
OLAF	B
)	O
,	O
COM	O
(	O
2003	O
)	O
154	O
.	O

OLAF	B
acts	O
principally	O
on	O
the	O
basis	O
of	O
referral	O
of	O
cases	O
and	O
using	O
information	O
supplied	O
by	O
the	O
members	O
and	O
staff	O
of	O
the	O
institutions	O
fulfilling	O
their	O
duty	B
of	I
loyalty	I
.	O

In	O
this	O
respect	O
,	O
the	O
Commission	B
recommends	O
that	O
OLAF	B
develop	O
practices	O
to	O
secure	O
compliance	B
with	O
and	O
the	O
standardised	O
application	O
of	O
information	O
procedures	O
to	O
institutions	O
and	O
bodies	O
concerned	O
and	O
information	O
procedures	O
to	O
persons	O
involved	O
in	O
the	O
investigations	O
.	O

The	O
duty	O
to	O
communicate	O
cases	O
of	O
fraud	B
or	O
corruption	B
is	O
laid	O
down	O
in	O
the	O
regulation	B
1073	O
/	O
1999	O
.	O

See	O
recommendation	O
n°16	O
of	O
the	O
Commission	B
report	O
,	O
Evaluation	B
of	I
the	I
activities	I
of	I
the	I
European	I
Anti-fraud	I
Office	I
(	O
OLAF	B
)	O
.	O

The	O
cooperation	O
between	O
OLAF	B
and	O
other	O
EU	B
institutions	O
and	O
bodies	O
as	O
well	O
as	O
the	O
authorities	B
specialising	O
in	O
financial	B
irregularities	I
has	O
also	O
been	O
designed	O
as	O
an	O
important	O
issue	O
for	O
combating	B
corruption	I
and	O
fraud	B
within	O
EU	B
institutions	O
.	O

See	O
Commission	B
report	O
,	O
Evaluation	B
of	I
the	I
activities	I
of	I
the	I
European	I
Anti-fraud	I
Office	I
(	O
OLAF	B
)	O

Further	O
to	O
its	O
White	B
Paper	I
on	O
Reform	O
,	O
the	O
Commission	B
has	O
drafted	O
a	O
practical	O
guide	O
for	O
sound	O
financial	B
management	I
describing	O
standards	B
of	I
conduct	I
,	O
with	O
reference	O
to	O
the	O
fundamental	B
ethical	I
obligations	I
provided	O
in	O
the	O
Staff	B
Regulations	I
,	O
in	O
particular	O
the	O
duties	O
of	O
integrity	B
,	O
loyalty	O
and	O
impartiality	B
.	O

The	O
Commission	B
has	O
also	O
introduced	O
internal	O
measures	O
with	O
a	O
view	O
to	O
promoting	O
accountability	B
and	O
preventing	O
corrupt	B
practices	I
within	O
the	O
Commission	B
such	O
as	O
the	O
Decision	B
of	O
4	O
April	O
2002	O
on	O
raising	O
concerns	O
about	O
serious	B
wrongdoings	I
,	O
Codes	B
of	I
Conduct	I
for	O
Commissioners	O
and	O
Commission	B
staff	O
,	O
standards	O
for	O
internal	O
control	O
within	O
the	O
Commission	B
's	O
services	O
,	O
a	O
Guide	O
to	O
testing	O
for	O
vulnerability	B
to	I
fraud	I
or	O
new	O
rules	B
on	O
job	O
rotation	O
for	O
sensitive	O
posts	O
.	O

White	B
Paper	I
on	O
Reforming	O
the	O
Commission	B
of	O
1	O
March	O
2000	O
,	O
COM	O
(	O
2000	O
)	O
200	O
/	O
2	O
.	O

See	O
Action	O
92	O
,	O
For	O
sound	O
project	O
management	O
,	O
Practical	O
guide	O
.	O

The	O
draft	O
is	O
to	O
be	O
submitted	O
for	O
approval	O
by	O
the	O
full	O
Commission	B
.	O

In	O
the	O
framework	O
of	O
the	O
reform	O
,	O
the	O
Commission	B
proposes	O
to	O
include	O
rules	B
applying	O
to	O
staff	O
of	O
all	O
EU	B
institutions	O
on	O
raising	O
concerns	O
about	O
serious	B
wrongdoings	I
in	O
the	O
future	O
Staff	B
Regulations	I
,	O
which	O
are	O
presently	O
under	O
discussion	O
in	O
the	O
Council	B
.	O

Code	B
of	I
good	I
administrative	I
behaviour	I
for	O
staff	O
of	O
the	O
European	B
Commission	I
in	O
their	O
relations	O
with	O
the	O
public	B

With	O
the	O
creation	O
of	O
the	O
Investigation	B
and	I
Disciplinary	I
Office	I
(	O
IDOC	B
)	O
,	O
the	O
Commission	B
has	O
set	O
up	O
a	O
system	O
,	O
which	O
better	O
addresses	O
corruption	B
or	O
generally	O
conflict	B
of	I
interest	I
situations	O
from	O
a	O
disciplinary	O
point	O
of	O
view	O
.	O

The	O
cooperation	O
between	O
IDOC	B
and	O
OLAF	B
should	O
be	O
considered	O
as	O
essential	O
issue	O
in	O
assuring	O
an	O
efficient	O
and	O
uniform	O
protection	O
of	O
the	O
integrity	B
of	O
the	O
European	O
Public	B
Administration	I
.	O

Taking	O
into	O
account	O
their	O
complementary	O
missions	O
in	O
the	O
field	O
of	O
administrative	B
investigation	O
,	O
a	O
memorandum	B
of	I
understanding	I
should	O
organise	O
their	O
relations	O
and	O
both	O
guarantee	O
appropriate	O
follow-up	O
of	O
the	O
OLAF	B
enquiries	O
when	O
requiring	O
disciplinary	B
sanctions	I
and	O
avoid	O
overlapping	O
in	O
their	O
competencies	O
.	O

THE	O
OLAF	B
HAS	O
BROADER	O
INTERNAL	O
POWER	O
TO	O
CARRY	O
OUT	O
INVESTIGATIONS	O
,	O
EVEN	O
INTO	O
MEMBERS	O
OR	O
PERSONNEL	O
NOT	O
SUBJECT	O
TO	O
THE	O
STAFF	B
REGULATIONS	I
,	O
WHICH	O
IT	O
CAN	O
EXERCISE	O
IN	O
ALL	O
INSTITUTIONS	O
AND	O
BODIES	O
.	O

TAKING	O
INTO	O
ACCOUNT	O
THE	O
OLAF	B
EXPERTISE	O
IN	O
THE	O
FIGHT	O
AGAINST	O
BEHAVIOUR	O
INVOLVING	O
SERIOUS	O
FORMS	O
OF	O
ECONOMIC	B
AND	O
FINANCIAL	B
OFFENCES	I
,	O
THIS	O
MEMORANDUM	O
SHOULD	O
MAKE	O
THE	O
PRACTICAL	O
BREAKDOWN	O
OF	O
TASKS	O
BETWEEN	O
OLAF	B
AND	O
DISCIPLINARY	B
BODIES	I
MORE	O
TRANSPARENT	B
.	O

SEE	O
RECOMMENDATION	O
8	O
OF	O
THE	O
COMMISSION	B
EVALUATION	O
REPORT	O
ON	O
THE	O
ACTIVITIES	O
OF	O
THE	O
EUROPEAN	B
ANTI-FRAUD	I
OFFICE	I
.	O

6	O
.	O

PREVENTING	O
CORRUPTION	B
-	O
THE	O
SINGLE	B
MARKET	I
AND	O
OTHER	O
INTERNAL	O
POLICIES	B

The	O
Commission	B
believes	O
that	O
future	O
initiatives	O
should	O
focus	O
on	O
preventive	O
measures	O
with	O
a	O
view	O
to	O
reducing	O
opportunities	O
for	O
corrupt	B
behaviour	I
by	O
avoiding	O
conflicts	B
of	I
interest	I
and	O
introducing	O
systematic	O
checks	O
and	O
controls	O
.	O

This	O
was	O
also	O
the	O
approach	O
in	O
the	O
Commission	B
's	O
first	O
Communication	O
on	O
corruption	B
.	O

In	O
response	O
to	O
the	O
Communication	O
,	O
the	O
European	B
Parliament	I
called	O
upon	O
the	O
Commission	B
to	O
exercise	O
its	O
power	O
in	O
different	O
areas	O
such	O
as	O
tax	B
deductibility	I
,	O
blacklisting	B
regarding	O
public	B
procurement	I
procedures	I
,	O
financial	B
transactions	I
,	O
training	O
programmes	O
,	O
fraud	B
within	O
the	O
EU	B
institutions	O
,	O
money	B
laundering	I
and	O
external	O
aid	O
and	O
assistance	O
.	O

a	O
)	O
Raising	O
integrity	B
in	O
the	O
public	B
sector	I

On	O
7	O
November	O
2000	O
,	O
EU	B
Ministers	O
in	O
charge	O
of	O
Civil	B
Service	I
and	O
Public	B
Administration	I
adopted	O
in	O
Strasbourg	B
a	O
resolution	B
on	O
quality	O
and	O
benchmarking	O
of	O
public	B
services	I
in	O
the	O
European	B
Union	I
.	O

The	O
cornerstone	O
of	O
this	O
resolution	B
is	O
the	O
setting-up	O
of	O
a	O
self-assessment	O
framework	O
of	O
total	O
quality	O
management	O
in	O
public	B
services	I
(	O
so-called	O
Cadre	B
d'Auto-évaluation	I
des	I
Fonctions	I
publiques	I
or	O
Common	B
Assessment	I
Framework	I
,	O
CAF	B
)	O
.	O

The	O
CAF	B
is	O
supposed	O
to	O
serve	O
both	O
as	O
a	O
means	O
of	O
communication	O
and	O
as	O
a	O
tool	O
for	O
benchmarking	O
among	O
EU	B
Member	O
States	O
'	O
public	B
administrations	I
with	O
a	O
view	O
to	O
raising	O
integrity	B
,	O
accountability	B
and	O
transparency	B
in	O
public	B
institutions	I

At	O
the	O
request	O
of	O
Ministers	O
,	O
Directors-general	O
of	O
Civil	B
Service	I
and	O
Public	B
Administrations	I
have	O
developed	O
a	O
work	O
programme	O
for	O
the	O
innovative	O
public	B
services	I
group	O
aimed	O
at	O
improving	O
the	O
quality	O
and	O
efficiency	O
of	O
administrations	B
on	O
a	O
continuous	O
basis	O
.	O

The	O
Commission	B
therefore	O
recommends	O
engaging	O
a	O
comprehensive	O
dialogue	O
within	O
the	O
EU	B
on	O
minimum	O
standards	O
and	O
benchmarks	O
in	O
administrative	B
integrity	B
and	O
good	B
governance	I
on	O
the	O
basis	O
of	O
the	O
Strasbourg	B
Resolution	B
,	O
essential	O
to	O
prevent	O
and	O
to	O
combat	O
effectively	O
organised	B
and	I
transborder	I
corruption	I
.	O

b	O
)	O
Tax	B
Deductibility	I
of	O
bribes	B

Further	O
to	O
a	O
recommendation	O
of	O
the	O
OECD	B
of	O
1996	O
and	O
the	O
Commission	B
's	O
1997	O
Communication	O
,	O
all	O
EU	B
Member	O
States	O
that	O
still	O
allowed	O
or	O
tolerated	O
the	O
tax	B
deductibility	I
of	O
bribes	B
paid	B
to	O
foreign	O
public	B
officials	I
have	O
amended	O
their	O
legislation	B
with	O
a	O
view	O
to	O
banning	O
this	O
possibility	O
.	O

c	O
)	O
Public	B
Procurement	I

Public	B
procurement	I
represents	O
about	O
15	O
%	O
of	O
the	O
GDP	B
in	O
the	O
EU	B
.	O

The	O
Community	O
directives	B
on	O
public	B
procurement	I
ensure	O
transparency	B
and	O
non-discriminatory	O
access	O
to	O
procurement	B
opportunities	O
.	O

The	O
prevention	O
of	O
fraud	B
,	O
corruption	B
and	O
collusion	B
between	O
the	O
tenderers	B
and	O
contracting	B
authorities	I
is	O
taken	O
into	O
consideration	O
in	O
the	O
Community	O
system	O
.	O

Collusive	B
behaviour	O
between	O
companies	B
participating	O
in	O
a	O
tender	B
moreover	O
may	O
constitute	O
a	O
direct	O
infringement	B
of	O
the	O
prohibition	B
laid	O
down	O
in	O
article	O
81	O
of	O
the	O
EC	B
Treaty	O
.	O

In	O
the	O
aforesaid	O
Millennium	B
Strategy	I
,	O
the	O
Council	B
has	O
called	O
on	O
Member	O
States	O
and	O
the	O
European	B
Commission	I
to	O
ensure	O
that	O
the	O
applicable	O
legislation	B
provides	O
for	O
the	O
possibility	O
that	O
an	O
applicant	O
in	O
a	O
public	B
tender	I
procedure	O
who	O
has	O
committed	O
offences	B
connected	O
with	O
organised	B
crime	I
can	O
be	O
excluded	O
from	O
the	O
participation	O
in	O
tender	B
procedures	O
conducted	O
by	O
Member	O
States	O
and	O
the	O
Community	O
;	O
specific	O
provisions	O
relating	O
to	O
the	O
role	O
of	O
the	O
Commission	B
both	O
in	O
administrative	B
co-operation	O
and	O
the	O
setting	O
up	O
of	O
black-lists	B
,	O
should	O
be	O
drawn	O
up	O
to	O
ensure	O
that	O
these	O
commitments	O
can	O
be	O
carried	O
out	O
,	O
while	O
ensuring	O
conformity	O
with	O
the	O
relevant	O
rules	B
relating	O
to	O
data	B
protection	I
.	O

In	O
its	O
draft	O
amendment	O
of	O
the	O
public	B
procurement	I
directives	B
,	O
submitted	O
in	O
May	O
2000	O
,	O
the	O
Commission	B
inserted	O
an	O
obligation	O
to	O
exclude	O
any	O
tenderer	B
who	O
has	O
been	O
convicted	B
by	O
definitive	B
judgement	I
for	O
corruption	B
,	O
fraud	B
or	O
participation	O
in	O
the	O
activities	O
of	O
a	O
criminal	B
organisation	I
.	O

Article	O
45	O
of	O
the	O
modified	O
proposal	O
for	O
a	O
directive	B
provides	O
for	O
a	O
possibility	O
for	O
a	O
contracting	B
authority	I
to	O
ask	O
for	O
the	O
cooperation	O
of	O
the	O
competent	O
authorities	B
of	O
another	O
Member	O
State	O
when	O
they	O
need	O
to	O
obtain	O
information	O
concerning	O
the	O
personal	O
situation	O
of	O
the	O
candidates	O
or	O
tenderers	B
concerned	O
.	O

The	O
authority	B
contacted	O
in	O
another	O
Member	O
State	O
is	O
obliged	O
to	O
cooperate	O
upon	O
request	O
.	O

Both	O
the	O
Council	B
and	O
the	O
European	B
Parliament	I
in	O
their	O
first	O
reading	O
of	O
the	O
proposed	O
directive	B
have	O
supported	O
the	O
amendments	O
to	O
article	O
45	O
.	O

Therefore	O
no	O
further	O
legislative	B
proposal	I
is	O
needed	O
in	O
order	O
to	O
start	O
implementing	O
article	O
45	O
of	O
the	O
proposed	O
directive	B
.	O

The	O
Commission	B
will	O
reassess	O
this	O
issue	O
in	O
the	O
light	O
of	O
the	O
application	O
of	O
the	O
new	O
rules	B
.	O

d	O
)	O
Raising	O
Integrity	B
in	O
the	O
private	B
sector	I

i	O
.	O

Protection	O
of	O
vulnerable	O
professions	O
against	O
influences	O
of	O
crime	B

An	O
open	O
and	O
fruitful	O
dialogue	O
has	O
started	O
with	O
representatives	O
of	O
the	O
legal	B
professions	O
,	O
accountants	B
and	O
auditors	B
,	O
in	O
order	O
to	O
identify	O
possible	O
gaps	O
or	O
inconsistencies	O
,	O
develop	O
basic	O
ethical	B
principles	O
at	O
EU	B
level	O
and	O
strike	O
the	O
right	O
balance	O
between	O
professional	B
secrecy	I
and	O
public	B
interest	I
.	O

As	O
a	O
result	O
,	O
a	O
Charter	O
of	O
the	O
European	O
professional	O
associations	O
in	O
support	O
of	O
the	O
fight	O
against	O
crime	B
was	O
signed	O
on	O
27	O
July	O
1999	O
.	O

The	O
European	O
professional	O
associations	O
(	O
notaries	B
,	O
lawyers	B
,	O
accountants	B
,	O
auditors	B
and	O
tax	B
consultants	I
)	O
encourage	O
their	O
Member	O
Associations	O
to	O
adopt	O
standards	O
within	O
the	O
existing	O
or	O
future	O
Codes	B
of	I
conduct	I
to	O
protect	O
the	O
professionals	O
they	O
represent	O
from	O
being	O
involved	O
in	O
fraud	B
,	O
corruption	B
and	O
money	B
laundering	I
or	O
from	O
being	O
exploited	B
by	O
organised	B
crime	I
.	O

The	O
Commission	B
invites	O
the	O
signatories	O
of	O
the	O
Charter	O
of	O
the	O
European	O
professional	O
associations	O
in	O
support	O
of	O
the	O
fight	O
against	O
crime	B
to	O
further	O
strengthen	O
their	O
self-regulatory	B
regimes	I
.	O

This	O
with	O
a	O
view	O
to	O
reducing	O
the	O
risk	O
that	O
representatives	O
of	O
these	O
professions	O
should	O
sacrifice	O
their	O
professional	B
integrity	I
as	O
a	O
result	O
of	O
acts	O
performed	O
by	O
criminals	B
for	O
illicit	B
purposes	O
.	O

ii	O
.	O

Strengthening	O
corporate	B
social	B
responsibility	I

Companies	B
and	O
their	O
representatives	O
are	O
usually	O
both	O
offenders	B
of	O
corrupt	B
practices	I
(	O
supply	O
side	O
of	O
corruption	B
)	O
and	O
victims	B
(	O
either	O
as	O
an	O
unselected	O
bidder	O
,	O
because	O
a	O
contract	B
was	O
awarded	O
to	O
a	O
competitor	O
using	O
bribes	B
to	O
influence	O
the	O
decision	O
to	O
their	O
favour	O
or	O
as	O
victims	B
where	O
an	O
employee	O
has	O
acted	O
against	O
the	O
company	B
's	O
interests	O
because	O
he	O
or	O
she	O
was	O
bribed	B
by	O
a	O
competing	O
company	B
)	O
.	O

This	O
double-faced	O
role	O
of	O
the	O
private	B
sector	I
has	O
to	O
be	O
addressed	O
through	O
promoting	O
corporate	B
responsibility	O
and	O
liability	B
on	O
the	O
basis	O
of	O
international	O
standards	O
and	O
principles	O
,	O
including	O
the	O
development	O
and	O
implementation	O
of	O
modern	O
accounting	B
standards	I
,	O
adoption	O
of	O
adequate	O
internal	B
audit	I
schemes	I
,	O
codes	B
of	I
conduct	I
and	O
their	O
implementation	O
,	O
and	O
the	O
establishment	O
of	O
channels	O
for	O
communication	O

Further	O
to	O
the	O
adoption	O
of	O
the	O
1997	O
OECD	B
Convention	O
on	O
bribery	B
of	O
foreign	O
public	B
officials	I
in	O
international	O
business	B
transactions	I
,	O
it	O
is	O
a	O
punishable	B
offence	I
(	O
including	O
corporate	B
liability	I
)	O
in	O
all	O
state	O
parties	O
'	O
jurisdictions	B
(	O
including	O
all	O
EU	B
Member	O
States	O
)	O
to	O
bribe	B
a	O
foreign	O
public	B
official	I
of	O
any	O
jurisdiction	B
world-wide	O
.	O

Still	O
,	O
recent	O
studies	O
(	O
cf	O
.	O

Bribe	B
Payers	I
'	I
Index	I
of	O
Transparency	B
International	I
)	O
seem	O
to	O
indicate	O
that	O
only	O
few	O
companies	B
are	O
aware	O
of	O
this	O
international	O
instrument	O
and	O
national	O
implementing	O
legislation	B
.	O

Awareness	O
raising	O
within	O
the	O
entire	O
private	B
sector	I
should	O
be	O
improved	O
with	O
a	O
view	O
to	O
sensitising	O
companies	B
to	O
the	O
damaging	O
consequences	O
that	O
corrupt	B
practices	I
might	O
have	O
on	O
companies	B
and	O
their	O
reputation	O
and	O
thus	O
preventing	O
corruption	B
.	O

Bribery	B
is	O
a	O
hidden	B
phenomenon	O
because	O
it	O
is	O
built	O
on	O
the	O
pact	B
of	I
silence	I
between	O
briber	B
and	O
bribee	B
.	O

Companies	B
should	O
therefore	O
have	O
clear	O
rules	B
on	O
whistleblowing	B
(	O
i.e.	O
procedures	O
to	O
follow	O
if	O
an	O
employee	O
becomes	O
aware	O
of	O
corrupt	B
behaviour	I
inside	O
the	O
company	B
)	O
.	O

This	O
should	O
include	O
training	O
and	O
monitoring	O
of	O
these	O
rules	B
with	O
a	O
view	O
to	O
making	O
it	O
clear	O
that	O
corruption	B
is	O
unacceptable	O
,	O
and	O
encouraging	O
employees	O
to	O
expose	O
it	O
.	O

The	O
Commission	B
intends	O
to	O
further	O
stimulate	O
the	O
necessary	O
dialogue	O
in	O
this	O
area	O
between	O
the	O
public	B
and	O
the	O
private	B
sector	I
through	O
initiatives	O
such	O
as	O
the	O
EU	B
Forum	O
on	O
the	O
prevention	O
of	O
organised	B
crime	I
.	O

e	O
)	O
Accounting	B
standards	I
and	O
statutory	B
audit	I

In	O
the	O
area	O
of	O
accounting	B
and	O
auditing	B
,	O
major	O
recent	O
scandals	O
have	O
led	O
to	O
an	O
acceleration	O
of	O
decision-making	O
with	O
a	O
view	O
to	O
creating	O
an	O
efficient	O
and	O
competitive	O
EU	B
capital	B
market	I
by	O
2005	O
,	O
which	O
is	O
the	O
objective	O
of	O
the	O
EU	B
's	O
Financial	B
Services	I
Action	I
Plan	I
.	O

In	O
June	O
2002	O
,	O
the	O
EU	B
adopted	O
a	O
regulation	B
requiring	O
listed	O
companies	B
,	O
including	O
banks	B
and	O
insurance	O
companies	B
,	O
to	O
prepare	O
their	O
consolidated	B
accounts	I
in	O
accordance	O
with	O
International	B
Accounting	I
Standards	I
(	O
IAS	B
)	O
from	O
2005	O
onwards	O
.	O

This	O
will	O
ensure	O
that	O
company	B
accounts	B
throughout	O
the	O
EU	B
are	O
more	O
reliable	O
,	O
transparent	B
and	O
more	O
easily	O
comparable	O
.	O

This	O
will	O
also	O
facilitate	O
the	O
detection	O
of	O
fraud	B
and	O
corruption	B
.	O

Now	O
,	O
the	O
Commission	B
has	O
to	O
ensure	O
proper	O
implementation	O
,	O
harmonised	O
interpretation	O
and	O
enforcement	B
of	O
the	O
IAS	B
.	O

In	O
May	O
2002	O
,	O
the	O
Commission	B
has	O
issued	O
Recommendations	O
on	O
the	O
independence	O
of	O
the	O
statutory	B
auditor	I
.	O

The	O
recommendations	O
contain	O
a	O
set	O
of	O
demanding	O
principles	O
.	O

They	O
recommend	O
in	O
particular	O
that	O
auditors	B
should	O
be	O
prohibited	O
from	O
carrying	O
out	O
a	O
statutory	B
audit	I
if	O
they	O
have	O
any	O
relationship	O
with	O
the	O
client	O
that	O
might	O
compromise	B
their	O
independence	O
.	O

Although	O
recommendations	O
are	O
not	O
legally	B
binding	O
,	O
they	O
will	O
serve	O
as	O
a	O
clear	O
benchmark	O
of	O
best	O
practice	O
.	O

The	O
Commission	B
will	O
monitor	O
implementation	O
and	O
will	O
consider	O
,	O
in	O
the	O
light	O
of	O
practical	O
application	O
,	O
whether	O
binding	O
EU	B
legislation	B
may	O
be	O
required	O
.	O

At	O
present	O
there	O
are	O
no	O
agreed	O
auditing	B
standards	I
in	O
the	O
EU	B
.	O

Although	O
there	O
is	O
general	O
agreement	O
that	O
any	O
initiative	O
in	O
this	O
field	O
should	O
be	O
based	O
on	O
the	O
International	B
Standards	I
on	I
Auditing	I
(	O
ISA	B
)	O
,	O
it	O
is	O
still	O
unclear	O
how	O
all	O
statutory	B
audits	I
in	O
the	O
EU	B
will	O
be	O
carried	O
out	O
on	O
this	O
basis	O
.	O

There	O
is	O
also	O
no	O
EU	B
mechanism	O
to	O
deal	O
with	O
supervision	O
of	O
the	O
audit	B
profession	O
.	O

Statutory	B
audit	I
will	O
be	O
subject	O
of	O
a	O
forthcoming	O
communication	O
of	O
the	O
Commission	B
outlining	O
future	O
policy	B
priorities	O
in	O
this	O
field	O
.	O

f	O
)	O
Fighting	B
corruption	I
in	O
bodies	O
of	O
special	O
nature	O
in-between	O
the	O
public	B
and	O
the	O
private	B
sector	I

In	O
recent	O
years	O
,	O
Western	B
Europe	I
has	O
been	O
hit	O
by	O
a	O
wave	O
of	O
political	B
corruption	I
scandals	I
.	O

They	O
have	O
highlighted	O
that	O
there	O
may	O
be	O
secret	O
(	O
triangular	O
)	O
links	O
between	O
public	B
office	I
holders	O
,	O
the	O
business	B
world	I
and	O
representatives	O
of	O
social	O
partners	O
and	O
other	O
interest	O
groups	O
,	O
somewhat	O
in-between	O
the	O
public	B
and	O
the	O
private	B
sector	I
,	O
such	O
as	O
political	B
parties	I
,	O
trade	B
unions	O
and	O
employers	O
'	O
associations	O
,	O
or	O
foundations	O
,	O
etc.	O
Very	O
often	O
undeclared	B
donations	I
are	O
given	O
to	O
these	O
semi-public	B
entities	O
of	O
special	O
nature	O
,	O
often	O
circumventing	O
legal	B
obligations	I
,	O
to	O
influence	O
important	O
political	B
or	O
economic	B
decisions	O
or	O
to	O
create	O
a	O
good	O
climate	O
between	O
the	O
public	B
and	O
the	O
private	B
sector	I
.	O

The	O
secret	O
nature	O
of	O
these	O
links	O
usually	O
makes	O
it	O
very	O
difficult	O
to	O
prove	O
concrete	O
quid-pro-quo	O
bribe	B
giving	I
and	O
bribe	B
taking	I
in	O
a	O
criminal	B
law	I
sense	O
and	O
sometimes	O
the	O
behaviour	O
is	O
not	O
punishable	B
at	O
all	O
.	O

In	O
particular	O
,	O
a	O
handful	O
of	O
high-profile	O
cases	O
disclosed	O
by	O
the	O
media	O
has	O
highlighted	O
this	O
phenomenon	O
.	O

This	O
trend	O
can	O
be	O
broadly	O
linked	O
to	O
the	O
structure	O
and	O
rules	B
of	O
the	O
financing	B
of	O
social	O
partners	O
and	O
other	O
interest	O
groups	O
within	O
the	O
countries	O
concerned	O
.	O

This	O
growth	O
in	O
political	B
scandals	I
linked	O
to	O
the	O
financing	B
of	O
these	O
entities	O
is	O
due	O
in	O
part	O
to	O
the	O
following	O
factors	O
:	O
growing	O
bureaucratisation	B
of	O
organisations	O
,	O
increasing	O
costs	B
of	O
campaign	O
expenditures	B
,	O
a	O
change	O
in	O
the	O
nature	O
of	O
political	B
competition	B
through	O
greater	O
use	O
of	O
the	O
media	O
or	O
the	O
declining	O
role	O
of	O
the	O
state	O
as	O
a	O
public	B
service	I
provider	I
and	O
competition	B
for	O
state	B
contracts	I
.	O

As	O
such	O
,	O
a	O
major	O
review	O
is	O
needed	O
that	O
assesses	O
and	O
analyses	O
the	O
nature	O
of	O
these	O
links	O
so	O
as	O
to	O
expose	O
the	O
problem	O
and	O
address	O
it	O
in	O
the	O
future	O
.	O

In	O
fact	O
,	O
only	O
utmost	O
transparency	B
in	O
financing	B
of	O
social	O
partners	O
and	O
interest	O
groups	O
,	O
election	B
spending	I
and	O
certain	O
restrictions	O
on	O
business	B
activities	O
of	O
representatives	O
of	O
these	O
entities	O
can	O
ensure	O
that	O
they	O
act	O
free	O
of	O
(	O
potential	O
)	O
conflicts	B
of	I
interests	I
.	O

The	O
Commission	B
is	O
very	O
concerned	O
about	O
this	O
development	O
and	O
suggests	O
the	O
EU-wide	B
adoption	O
of	O
clear	O
and	O
transparent	B
rules	B
on	O
the	O
financing	B
of	O
these	O
entities	O
of	O
special	O
nature	O
and	O
an	O
increasing	O
role	O
of	O
the	O
civil	B
society	I
.	O

On	O
the	O
basis	O
of	O
a	O
study	O
assessing	O
the	O
situation	O
of	O
political	B
corruption	I
and	O
financing	B
of	O
social	O
partner	O
entities	O
and	O
other	O
interest	O
groups	O
in	O
Europe	B
,	O
the	O
Commission	B
will	O
prepare	O
and	O
submit	O
proposals	O
to	O
the	O
European	B
Parliament	I
and	O
to	O
the	O
Council	B
containing	O
standards	O
and	O
best	O
practices	O
for	O
transparent	B
funding	B
of	O
these	O
entities	O
,	O
election	B
spending	I
and	O
avoiding	O
of	O
conflicts	B
of	I
interest	I
.	O

7	O
.	O

EXTERNAL	O
ASPECTS	O

The	O
forthcoming	O
accession	O
of	O
new	O
EU	B
Members	O
States	O
and	O
a	O
stronger	O
coherence	O
between	O
internal	O
and	O
external	O
EU	B
policy	B
as	O
suggested	O
in	O
the	O
Tampere	B
conclusions	O
or	O
in	O
the	O
recent	O
Communication	B
on	I
Wider	I
Europe	I
-	I
Neighbourhood	I
,	O
with	O
a	O
particular	O
focus	O
on	O
Russia	B
,	O
Western	B
NIS	I
,	O
South-East	B
Europe	I
and	O
the	O
Mediterranean	O
Partners	O
already	O
pave	O
the	O
way	O
for	O
future	O
(	O
concentrated	O
)	O
EU	B
initiatives	O
in	O
the	O
fight	B
against	I
corruption	I
.	O

a	O
)	O
Encouraging	O
anti-corruption	B
policies	I
in	O
the	O
acceding	O
,	O
candidate	O
and	O
other	O
third	O
countries	O
on	O
the	O
basis	O
of	O
10	O
general	O
principles	O
(	O
cf.	O
attached	O
to	O
this	O
document	O
)	O

In	O
the	O
EU	B
acceding	O
and	O
candidate	O
countries	O
the	O
fight	B
against	I
corruption	I
has	O
become	O
much	O
more	O
prominent	O
during	O
recent	O
years	O
,	O
particularly	O
driven	O
by	O
the	O
prospect	O
of	O
accession	O
.	O

Although	O
enormous	O
progress	O
has	O
already	O
been	O
achieved	O
and	O
the	O
majority	O
of	O
these	O
countries	O
have	O
adopted	O
national	O
anti-corruption	B
strategies	O
,	O
corruption	B
,	O
and	O
other	O
economic	B
crimes	I
remain	O
prevalent	O
as	O
highlighted	O
by	O
the	O
Commission	B
in	O
its	O
regular	O
progress	O
reports	O
on	O
accession	O
.	O

Moreover	O
,	O
overlapping	O
jurisdictions	B
and	O
lack	O
of	O
co-ordination	O
endanger	O
the	O
achievements	O
.	O

Although	O
capacity	O
building	O
in	O
the	O
fight	B
against	I
corruption	I
was	O
addressed	O
during	O
the	O
accession	O
negotiations	O
and	O
the	O
PHARE	B
programme	O
has	O
supported	O
several	O
anti-corruption	B
projects	O
,	O
the	O
Commission	B
proposes	O
that	O
efforts	O
should	O
be	O
intensified	O
to	O
ensure	O
that	O
its	O
overall	O
anti-corruption	B
strategy	I
is	O
fully	O
extended	O
to	O
acceding	O
and	O
candidate	O
countries	O
.	O

Although	O
all	O
acceding	O
and	O
candidate	O
countries	O
have	O
signed	O
at	O
least	O
one	O
of	O
the	O
relevant	O
international	O
anti-corruption	B
instruments	I
,	O
such	O
as	O
the	O
Criminal	B
and	O
the	O
Civil	B
Law	I
Conventions	O
of	O
the	O
Council	B
of	I
Europe	I
or	O
the	O
OECD	B
Convention	O
on	O
bribery	B
of	O
foreign	O
public	B
officials	I
in	O
international	O
business	B
transactions	I
,	O
the	O
biggest	O
challenge	O
remains	O
their	O
effective	O
implementation	O
.	O

The	O
Commission	B
has	O
frequently	O
recommended	O
improved	O
co-ordination	O
between	O
different	O
authorities	B
responsible	O
for	O
fighting	B
corruption	I
and	O
further	O
campaigns	O
to	O
raise	O
public	B
awareness	O
in	O
order	O
to	O
prevent	O
corruption	B
.	O

The	O
establishment	O
of	O
a	O
single	O
anti-corruption	B
unit	O
or	O
a	O
single	O
co-ordinating	O
body	O
would	O
represent	O
a	O
significant	O
step	O
forward	O
in	O
this	O
respect	O
.	O

The	O
capacity	O
of	O
public	B
administration	I
structures	O
and	O
the	O
judiciary	B
to	O
perform	O
their	O
tasks	O
effectively	O
is	O
an	O
overarching	O
concern	O
of	O
the	O
Commission	B
.	O

This	O
holds	O
in	O
particular	O
for	O
the	O
implementation	O
of	O
legal	B
obligations	I
derived	O
from	O
the	O
acquis	B
.	O

In	O
order	O
to	O
render	O
the	O
fight	B
against	I
corruption	I
effective	O
,	O
the	O
enhanced	O
integrity	B
,	O
transparency	B
and	O
accountability	B
of	O
administrations	B
and	O
the	O
promotion	O
of	O
good	B
governance	I
constitute	O
essential	O
elements	O
of	O
a	O
comprehensive	O
preventative	O
policy	B
.	O

The	O
Commission	B
favours	O
,	O
on	O
the	O
basis	O
of	O
ten	O
general	O
principles	O
(	O
cf.	O
attached	O
to	O
this	O
document	O
)	O
and	O
the	O
needs	O
of	O
each	O
particular	O
country	O
,	O
a	O
comprehensive	O
effort	O
of	O
the	O
Phare	B
programme	O
in	O
the	O
remaining	O
time-frame	O
prior	O
to	O
accession	O
with	O
a	O
view	O
to	O
further	O
strengthening	O
relevant	O
administrative	B
capacities	O
(	O
judiciary	B
,	O
police	B
,	O
customs	B
,	O
public	B
procurement	I
)	O
in	O
the	O
candidate	O
countries	O
.	O

The	O
Commission	B
considers	O
that	O
training	O
and	O
specialisation	O
in	O
this	O
field	O
should	O
be	O
improved	O
in	O
order	O
to	O
provide	O
the	O
national	O
bodies	O
in	O
all	O
relevant	O
areas	O
such	O
as	O
judiciary	B
,	O
prosecution	B
,	O
law	B
enforcement	I
,	O
customs	B
and	O
police	B
with	O
appropriate	O
and	O
well-trained	O
staff	O
.	O

Above	O
all	O
the	O
most	O
comprehensive	O
and	O
central	O
recommendation	O
in	O
this	O
context	O
is	O
an	O
enhanced	O
alignment	O
of	O
national	O
legislation	B
with	O
the	O
acquis	B
and	O
other	O
international	O
instruments	O
to	O
ensure	O
further	O
development	O
.	O

The	O
Commission	B
fully	O
recognises	O
that	O
the	O
effectiveness	O
of	O
national	O
anti-corruption	B
policies	I
can	O
be	O
only	O
assessed	O
at	O
least	O
one	O
year	O
after	O
their	O
implementation	O
.	O

In	O
other	O
countries	O
,	O
such	O
as	O
the	O
states	O
of	O
the	O
Western	O
Balkans	B
,	O
corruption	B
remains	O
a	O
widespread	O
phenomenon	O
.	O

A	O
general	O
strengthening	O
of	O
the	O
national	O
institution	O
is	O
a	O
key	O
element	O
of	O
the	O
Stabilisation	O
and	O
Association	O
process	O
in	O
the	O
Western	O
Balkan	B
countries	O
.	O

Stronger	O
and	O
more	O
effective	O
institutions	O
will	O
have	O
a	O
better	O
capacity	O
to	O
resist	O
corruption	B
.	O

Addressing	O
corruption	B
is	O
an	O
important	O
part	O
of	O
regional	O
and	O
country	O
strategies	O
set	O
up	O
in	O
the	O
context	O
of	O
the	O
CARDS	B
assistance	O
programme	O
with	O
regard	O
to	O
,	O
for	O
example	O
,	O
fighting	O
organised	B
crime	I
.	O

In	O
general	O
,	O
progress	O
in	O
eliminating	O
corruption	B
is	O
essential	O
if	O
the	O
countries	O
of	O
the	O
western	O
Balkans	B
are	O
to	O
advance	O
further	O
on	O
their	O
way	O
towards	O
European	O
integration	O
.	O

In	O
December	O
2002	O
,	O
the	O
Copenhagen	B
European	B
Council	I
confirmed	O
that	O
the	O
Union	O
should	O
take	O
the	O
opportunity	O
offered	O
by	O
enlargement	O
to	O
enhance	O
relations	O
with	O
its	O
neighbours	O
,	O
Russia	B
,	O
Ukraine	B
,	O
Moldova	B
,	O
Belarus	B
and	O
the	O
Mediterranean	O
countries	O
,	O
to	O
avoid	O
drawing	O
new	O
dividing	O
lines	O
in	O
Europe	B
and	O
to	O
promote	O
stability	O
and	O
prosperity	O
within	O
and	O
beyond	O
the	O
new	O
borders	O
of	O
the	O
Union	O
.	O

Within	O
the	O
new	O
Neighbourhood	B
Policy	I
,	O
it	O
is	O
foreseen	O
to	O
intensify	O
cooperation	O
to	O
prevent	O
and	O
combat	O
common	O
security	O
threats	O
,	O
including	O
corruption	B
.	O

The	O
EU	B
will	O
explore	O
possibilities	O
to	O
work	O
more	O
closely	O
with	O
the	O
neighbouring	O
countries	O
on	O
judicial	B
and	O
police	B
cooperation	O
and	O
the	O
development	O
of	O
mutual	B
legal	I
assistance	I
.	O

These	O
countries	O
need	O
to	O
attract	O
foreign	O
investment	B
in	O
order	O
to	O
boost	O
economic	B
performance	O
.	O

This	O
provides	O
strong	O
indirect	O
incentives	O
to	O
reduce	O
levels	O
of	O
corruption	B
,	O
and	O
politicians	B
have	O
increasingly	O
shown	O
awareness	O
of	O
this	O
fact	O
.	O

b	O
)	O
Cooperation	O
agreements	O
and	O
foreign	O
aid	O
programmes	O

The	O
promotion	O
of	O
human	O
rights	B
,	O
the	O
consolidation	O
of	O
democratic	O
principles	O
and	O
the	O
rule	B
of	I
law	I
have	O
become	O
key	O
objectives	O
of	O
the	O
foreign	O
and	O
development	O
policy	B
of	O
the	O
EU	B
.	O

They	O
have	O
been	O
integrated	O
as	O
essential	O
elements	O
in	O
the	O
different	O
co-operation	O
agreements	O
with	O
developing	O
countries	O
and	O
are	O
part	O
of	O
the	O
regular	O
political	B
dialogue	O
with	O
partner	O
countries	O
.	O

The	O
ACP-EU	B
Partnership	I
Agreement	I
signed	O
in	O
Cotonou	B
the	O
23	O
June	O
2000	O
between	O
the	O
EU	B
and	O
77	O
African	O
,	O
Caribbean	O
and	O
Pacific	O
(	O
ACP	B
)	O
countries	O
goes	O
one	O
step	O
further	O
by	O
explicitly	O
addressing	O
the	O
issues	O
of	O
good	B
governance	I
(	O
as	O
fundamental	O
element	O
)	O
and	O
corruption	B
.	O

The	O
ACP	B
and	O
EU	B
agreed	O
on	O
a	O
definition	O
of	O
good-governance	B
that	O
includes	O
the	O
fight	B
against	I
corruption	I
.	O

These	O
areas	O
are	O
also	O
an	O
important	O
subject	O
for	O
political	B
dialogue	O
.	O

The	O
parties	O
have	O
agreed	O
that	O
,	O
when	O
the	O
Community	O
is	O
a	O
significant	O
partner	O
in	O
terms	O
of	O
financial	B
support	O
,	O
serious	O
cases	B
of	I
corruption	I
,	O
including	O
acts	B
of	I
bribery	I
leading	O
to	O
such	O
corruption	B
,	O
can	O
give	O
rise	O
to	O
a	O
consultation	O
procedure	O
.	O

If	O
the	O
measures	O
to	O
remedy	O
the	O
situation	O
are	O
not	O
taken	O
,	O
the	O
suspension	O
of	O
the	O
co-operation	O
can	O
be	O
decided	O
as	O
a	O
measure	O
of	O
last	O
resort	O
.	O

Good	B
governance	I
is	O
the	O
transparent	B
and	O
accountable	B
management	O
of	O
human	O
,	O
natural	O
,	O
economic	B
and	O
financial	B
resources	O
for	O
the	O
purpose	O
of	O
equitable	B
and	O
sustainable	O
development	O
.	O

It	O
entails	O
clear	O
decision-making	O
procedures	O
at	O
the	O
level	O
of	O
public	B
authorities	I
,	O
transparent	B
and	O
accountable	B
institutions	O
,	O
the	O
primacy	B
of	I
the	I
rule	I
of	I
law	I
in	O
the	O
management	O
of	O
resources	O
and	O
capacity	O
building	O
for	O
elaborating	O
and	O
implementing	O
measures	O
aiming	O
in	O
particular	O
to	O
preventing	O
and	O
combating	B
corruption	I

The	O
Cotonou	B
Agreement	I
does	O
not	O
define	O
the	O
serious	O
cases	B
of	I
corruption	I
that	O
can	O
lead	O
to	O
the	O
suspension	O
of	O
the	O
co-operation	O
.	O

In	O
the	O
framework	O
of	O
the	O
permanent	O
political	B
dialogue	O
that	O
covers	O
governance-related	B
issues	O
,	O
the	O
parties	O
examine	O
the	O
changes	O
underway	O
and	O
the	O
continuity	O
of	O
the	O
progresses	O
achieved	O
.	O

This	O
regular	O
assessment	O
takes	O
into	O
account	O
each	O
country	O
's	O
economic	B
,	O
social	O
,	O
cultural	O
and	O
historical	O
context	O
.	O

The	O
consultation	O
procedure	O
does	O
not	O
apply	O
exclusively	O
or	O
necessarily	O
when	O
EC	B
funds	B
are	O
involved	O
but	O
more	O
generally	O
when	O
corruption	B
constitutes	O
an	O
obstacle	O
to	O
the	O
country	O
's	O
development	O
.	O

Consultations	O
have	O
taken	O
place	O
in	O
one	O
case	O
,	O
when	O
the	O
European	B
Union	I
were	O
deeply	O
preoccupied	O
by	O
the	O
lack	O
of	O
transparency	B
in	O
the	O
public	B
accounting	I
system	I
and	O
by	O
the	O
risks	O
of	O
serious	O
corruption	B
in	O
particular	O
in	O
the	O
management	O
of	O
natural	O
resources	O
and	O
the	O
exploitation	B
of	O
monopolies	B
in	O
a	O
partner	O
country	O
.	O

The	O
Commission	B
's	O
Manual	O
of	O
Instructions	O
on	O
Contracts	B
for	O
works	O
,	O
supplies	O
and	O
services	O
concluded	O
for	O
the	O
purposes	O
of	O
Community	O
co-operation	O
with	O
third	O
countries	O
contains	O
provisions	O
that	O
apply	O
to	O
cases	O
of	O
corrupt	B
practices	I
detected	O
in	O
the	O
context	O
of	O
a	O
particular	O
project	O
.	O

These	O
provisions	O
do	O
not	O
necessarily	O
involve	O
the	O
suspension	O
of	O
the	O
application	O
of	O
the	O
Co-operation	O
framework	O
with	O
the	O
country	O
concerned	O
.	O

They	O
affect	O
in	O
general	O
,	O
at	O
least	O
at	O
a	O
first	O
stage	O
,	O
EC	B
disbursements	B
for	O
supporting	O
this	O
particular	O
project	O
.	O

Section	O
7	O
of	O
the	O
Manual	O
provides	O
for	O
the	O
possibility	O
to	O
suspend	O
or	O
cancel	O
project	O
financing	B
if	O
corrupt	B
practices	I
of	O
any	O
kind	O
are	O
discovered	O
at	O
any	O
stage	O
of	O
the	O
award	O
process	O
and	O
if	O
the	O
contracting	B
authority	I
fails	O
to	O
take	O
all	O
appropriate	O
measures	O
to	O
remedy	O
the	O
situation	O
.	O

For	O
the	O
purposes	O
of	O
this	O
provision	O
,	O
'	O
corrupt	B
practices	I
'	O
are	O
the	O
offer	O
of	O
a	O
bribe	B
,	O
gift	O
,	O
gratuity	B
or	O
commission	B
to	O
any	O
person	O
as	O
an	O
inducement	O
or	O
reward	B
for	O
performing	O
or	O
refraining	O
from	O
any	O
act	O
relating	O
to	O
the	O
award	O
of	O
a	O
contract	B
or	O
implementation	O
of	O
a	O
contract	B
already	O
concluded	O
with	O
the	O
contracting	B
authority	I
.	O

In	O
order	O
to	O
implement	O
this	O
new	O
policy	B
,	O
the	O
Commission	B
is	O
currently	O
reviewing	O
its	O
framework	O
and	O
specific	O
financing	B
agreements	O
with	O
beneficiary	O
states	O
as	O
well	O
as	O
its	O
tender	B
documents	O
and	O
contracts	B
with	O
a	O
view	O
to	O
inserting	O
standard	O
clauses	O
clarifying	O
that	O
the	O
Commission	B
may	O
cancel	O
financing	B
and	O
making	O
the	O
beneficiary	O
state	O
responsible	O
for	O
taking	O
concrete	O
actions	O
in	O
cases	B
of	I
corruption	I
.	O

More	O
recently	O
(	O
December	O
2001	O
,	O
January	O
2002	O
)	O
agreements	O
were	O
concluded	O
with	O
Algeria	B
and	O
Lebanon	B
containing	O
new	O
chapters	O
dedicated	O
to	O
cooperation	O
in	O
the	O
Justice	B
and	O
Home	B
Affairs	I
area	O
.	O

They	O
include	O
a	O
specific	O
article	O
on	O
the	O
fight	B
against	I
corruption	I
and	O
refer	O
to	O
existing	O
international	O
legal	B
instruments	I
and	O
commit	O
the	O
parties	O
to	O
take	O
concrete	O
measures	O
against	O
corruption	B
and	O
grant	O
mutual	B
legal	I
assistance	I
in	O
criminal	B
enquiries	I
.	O

c	O
)	O
EU	B
Trade	B
Policy	I
and	O
Officially	O
Supported	O
Export	B
Credits	I

Recent	O
studies	O
examining	O
the	O
connection	O
between	O
the	O
openness	O
of	O
a	O
country	O
and	O
good	B
governance	I
on	O
the	O
one	O
hand	O
,	O
and	O
the	O
degree	O
of	O
corruption	B
on	O
the	O
other	O
hand	O
,	O
suggest	O
that	O
the	O
best	O
corruption	B
prevention	O
strategy	O
seems	O
to	O
be	O
a	O
high	O
investment	O
in	O
institution-building	O
(	O
good	B
governance	I
)	O
,	O
well-paid	B
civil	B
servants	I
and	O
participation	O
in	O
free	B
trade	I
and	O
provision	O
of	O
open	B
markets	I
:	O
the	O
more	O
open	O
a	O
country	O
is	O
,	O
the	O
less	O
prone	O
will	O
it	O
be	O
to	O
corruption	B
.	O

By	O
increasing	O
uncertainty	O
and	O
the	O
costs	B
of	I
transactions	I
,	O
corruption	B
hampers	O
international	O
trade	B
and	O
reduces	O
investment	B
and	O
therefore	O
growth	O
.	O

Open	O
,	O
transparent	B
and	O
competitive	O
market	B
conditions	I
locally	O
and	O
at	O
the	O
international	O
level	O
can	O
reduce	O
corruption	B
.	O

The	O
EU	B
,	O
through	O
the	O
Commission	B
,	O
has	O
consistently	O
sought	O
transparency	B
as	O
an	O
essential	O
element	O
in	O
international	O
trade	B
.	O

In	O
this	O
context	O
,	O
it	O
has	O
always	O
recognised	O
the	O
need	O
for	O
increased	O
transparency	B
in	O
government	B
procurement	I
as	O
one	O
of	O
its	O
highest	O
priorities	O
.	O

The	O
EC	B
promotes	O
the	O
extension	O
to	O
other	O
WTO	B
Parties	O
of	O
the	O
Agreement	B
on	I
Government	I
Procurement	I
,	O
which	O
contains	O
provisions	O
of	O
enhanced	O
transparency	B
and	O
ensures	O
fair	B
competition	I
in	O
international	O
procurement	B
.	O

The	O
EC	B
is	O
also	O
committed	O
to	O
engage	O
actively	O
in	O
the	O
envisaged	O
negotiations	O
for	O
a	O
multilateral	O
agreement	O
on	O
transparency	B
in	O
government	B
procurement	I
as	O
agreed	O
in	O
the	O
Doha	B
WTO	I
4th	I
Ministerial	I
Conference	I
.	O

Its	O
proposals	O
in	O
other	O
rule	B
making	O
areas	O
of	O
the	O
WTO	B
Doha	B
agenda	O
to	O
improve	O
the	O
transparency	B
and	O
predictability	O
of	O
the	O
multilateral	O
systems	O
will	O
,	O
if	O
implemented	O
,	O
also	O
improve	O
levels	O
of	O
integrity	B
.	O

Concerning	O
officially	O
supported	O
export	B
credits	I
,	O
the	O
Commission	B
invites	O
Member	O
States	O
to	O
monitor	O
concrete	O
implementation	O
of	O
anti-corruption	B
clauses	O
in	O
the	O
rules	B
applied	O
by	O
relevant	O
national	O
agencies	O
and	O
in	O
line	O
with	O
the	O
OECD	B
Action	B
Statement	I
of	O
December	O
2000	O
.	O

8	O
.	O

CONCLUSIONS	O

In	O
conclusion	O
,	O
the	O
future	O
EU	B
policy	B
on	O
corruption	B
should	O
consist	O
of	O
the	O
following	O
core	O
elements	O
:	O

*	O
A	O
strong	O
political	B
commitment	O
against	O
all	O
forms	O
of	O
corruption	B
should	O
come	O
from	O
the	O
highest	O
level	O
of	O
EU	B
institutions	O
.	O

*	O
The	O
implementation	O
of	O
existing	O
anti-corruption	B
instruments	I
should	O
be	O
closely	O
monitored	O
and	O
strengthened	O
for	O
the	O
time	O
being	O
through	O
the	O
adhesion	O
of	O
the	O
European	B
Community	I
to	O
one	O
or	O
both	O
Conventions	O
on	O
Corruption	B
of	O
the	O
Council	B
of	I
Europe	I
and	O
the	O
participation	O
in	O
its	O
monitoring	B
mechanism	I
GRECO	B
.	O

*	O
EU	B
Member	O
States	O
should	O
develop	O
and	O
improve	O
investigative	O
tools	O
and	O
allocate	O
more	O
specialised	O
staff	O
to	O
the	O
fight	B
against	I
corruption	I
.	O

*	O
Member	O
States	O
and	O
EU	B
institutions	O
and	O
bodies	O
should	O
enhance	O
efforts	O
to	O
combat	B
corruption	I
damaging	O
the	O
financial	B
interests	I
of	O
the	O
European	B
Community	I
.	O

*	O
Common	O
integrity	B
standards	I
in	O
public	B
administrations	I
across	O
the	O
EU	B
such	O
as	O
the	O
Common	B
Assessment	I
Framework	I
of	O
EU	B
Heads	O
of	O
Civil	B
Service	I
and	O
Public	B
Administration	I
should	O
be	O
further	O
developed	O
at	O
EU	B
level	O
.	O

*	O
Member	O
States	O
and	O
the	O
Commission	B
should	O
support	O
the	O
private	B
sector	I
in	O
its	O
efforts	O
to	O
raise	O
integrity	B
and	O
corporate	B
responsibility	O
.	O

*	O
The	O
fight	O
against	O
political	B
corruption	I
and	O
illicit	B
financing	I
of	O
social	O
partner	O
entities	O
and	O
other	O
interest	O
groups	O
needs	O
to	O
be	O
strengthened	O
at	O
EU	B
and	O
Member	O
States	O
level	O
.	O

*	O
In	O
their	O
permanent	O
dialogue	O
with	O
acceding	O
,	O
candidate	O
and	O
other	O
third	O
countries	O
,	O
the	O
Member	O
States	O
and	O
the	O
Commission	B
should	O
systematically	O
include	O
corruption-related	B
issues	O
and	O
further	O
assist	O
these	O
countries	O
in	O
their	O
efforts	O
to	O
set-up	O
and	O
implement	O
national	O
anti-corruption	B
policies	I
on	O
the	O
basis	O
of	O
the	O
attached	O
ten	O
general	O
principles	O
.	O

*	O
The	O
EU	B
should	O
continue	O
making	O
the	O
fight	B
against	I
corruption	I
an	O
integral	O
part	O
of	O
its	O
external	O
and	O
trade	B
police	B
.	O

ANNEX	O

TEN	O
PRINCIPLES	O
FOR	O
IMPROVING	O
THE	O
FIGHT	B
AGAINST	I
CORRUPTION	I
IN	O
ACCEDING	O
,	O
CANDIDATE	O
AND	O
OTHER	O
THIRD	O
COUNTRIES	O

1	O
To	O
ensure	O
credibility	O
,	O
a	O
clear	O
stance	O
against	O
corruption	B
is	O
essential	O
from	O
leaders	O
and	O
decision-makers	O
.	O

Bearing	O
in	O
mind	O
that	O
no	O
universally	O
applicable	O
recipes	O
exist	O
,	O
national	O
anti-corruption	B
strategies	O
or	O
programmes	O
,	O
covering	O
both	O
preventive	O
and	O
repressive	O
measures	O
,	O
should	O
be	O
drawn	O
up	O
and	O
implemented	O
.	O

These	O
strategies	O
should	O
be	O
subject	O
to	O
broad	O
consultation	O
at	O
all	O
levels	O
.	O

2	O
Current	O
and	O
future	O
EU	B
Members	O
shall	O
fully	O
align	O
with	O
the	O
EU	B
acquis	B
and	O
ratify	O
and	O
implement	O
all	O
main	O
international	O
anti-corruption	B
instruments	I
they	O
are	O
party	O
to	O
(	O
UN	B
,	O
Council	B
of	I
Europe	I
and	O
OECD	B
Conventions	O
)	O
.	O

Third	O
countries	O
should	O
sign	O
and	O
ratify	O
as	O
well	O
as	O
implement	O
relevant	O
international	O
anti-corruption	B
instruments	I
.	O

3	O
Anti-corruption	B
laws	I
are	O
important	O
,	O
but	O
more	O
important	O
is	O
their	O
implementation	O
by	O
competent	O
and	O
visible	O
anti-corruption	B
bodies	O
(	O
i.e.	O
well	O
trained	O
and	O
specialised	O
services	O
such	O
as	O
anti-corruption	B
prosecutors	B
)	O
.	O

Targeted	O
investigative	O
techniques	O
,	O
statistics	O
and	O
indicators	O
should	O
be	O
developed	O
.	O

The	O
role	O
of	O
law	B
enforcement	I
bodies	O
should	O
be	O
strengthened	O
concerning	O
not	O
only	O
corruption	B
but	O
also	O
fraud	B
,	O
tax	B
offences	I
and	O
money	B
laundering	I
.	O

4	O
Access	O
to	O
public	B
office	I
must	O
be	O
open	O
to	O
every	O
citizen	O
.	O

Recruitment	O
and	O
promotion	O
should	O
be	O
regulated	O
by	O
objective	O
and	O
merit-based	O
criteria	O
.	O

Salaries	O
and	O
social	O
rights	B
must	O
be	O
adequate	O
.	O

Civil	B
servants	I
should	O
be	O
required	O
to	O
disclose	O
their	O
assets	B
.	O

Sensitive	O
posts	O
should	O
be	O
subject	O
to	O
rotation	O
.	O

5	O
Integrity	B
,	O
accountability	B
and	O
transparency	B
in	O
public	B
administration	I
(	O
judiciary	B
,	O
police	B
,	O
customs	B
,	O
tax	B
administration	I
,	O
health	O
sector	O
,	O
public	B
procurement	I
)	O
should	O
be	O
raised	O
through	O
employing	O
quality	O
management	O
tools	O
and	O
auditing	B
and	O
monitoring	B
standards	I
,	O
such	O
as	O
the	O
Common	B
Assessment	I
Framework	I
of	O
EU	B
Heads	O
of	O
Public	B
Administrations	I
and	O
the	O
Strasbourg	B
Resolution	B
.	O

Increased	O
transparency	B
is	O
important	O
in	O
view	O
of	O
developing	O
confidence	O
between	O
the	O
citizens	O
and	O
public	B
administration	I
.	O

6	O
Codes	B
of	I
conduct	I
in	O
the	O
public	B
sector	I
should	O
be	O
established	O
and	O
monitored	O
.	O

7	O
Clear	O
rules	B
should	O
be	O
established	O
in	O
both	O
the	O
public	B
and	O
private	B
sector	I
on	O
whistle	B
blowing	I
(	O
given	O
that	O
corruption	B
is	O
an	O
offence	B
without	O
direct	O
victims	B
who	O
could	O
witness	B
and	O
report	B
it	O
)	O
and	O
reporting	B
.	O

8	O
Public	B
intolerance	O
of	O
corruption	B
should	O
be	O
increased	O
,	O
through	O
awareness-raising	O
campaigns	O
in	O
the	O
media	O
and	O
training	O
.	O

The	O
central	O
message	O
must	O
be	O
that	O
corruption	B
is	O
not	O
a	O
tolerable	O
phenomenon	O
,	O
but	O
a	O
criminal	B
offence	I
.	O

Civil	B
society	I
has	O
an	O
important	O
role	O
to	O
play	O
in	O
preventing	O
and	O
fighting	O
the	O
problem	O
.	O

9	O
Clear	O
and	O
transparent	B
rules	B
on	O
party	B
financing	I
,	O
and	O
external	B
financial	I
control	I
of	O
political	B
parties	I
,	O
should	O
be	O
introduced	O
to	O
avoid	O
covert	O
links	O
between	O
politicians	B
and	O
(	O
illicit	B
)	O
business	B
interests	I
.	O

Political	B
parties	I
evidently	O
have	O
strong	O
influence	O
on	O
decision-makers	O
,	O
but	O
are	O
often	O
immune	O
to	O
anti-bribery	B
laws	I
.	O

10	O
Incentives	O
should	O
be	O
developed	O
for	O
the	O
private	B
sector	I
to	O
refrain	O
from	O
corrupt	B
practices	I
such	O
as	O
codes	B
of	I
conduct	I
or	O
white	B
lists	I
for	O
integer	B
companies	B
.	O

