Protecting	O
the	O
EU	B
's	O
financial	B
interests	I
-	O
fight	B
against	I
fraud	I

Since	O
1995	O
,	O
a	O
convention	O
has	O
been	O
in	O
place	O
which	O
seeks	O
to	O
protect	O
,	O
under	O
criminal	B
law	I
,	O
the	O
financial	B
interests	I
of	O
the	O
EU	B
and	O
its	O
taxpayers	B
.	O

Over	O
the	O
years	O
,	O
the	O
Convention	B
on	I
the	I
Protection	I
of	I
the	I
European	I
Communities	I
'	I
Financial	I
Interests	I
has	O
been	O
supplemented	O
by	O
a	O
series	O
of	O
protocols	O
.	O

ACT	O

Council	B
Act	O
of	O
26	O
July	O
1995	O
drawing	O
up	O
the	O
Convention	B
on	I
the	I
protection	I
of	I
the	I
European	I
Communities	I
'	I
financial	I
interests	I

SUMMARY	O

Since	O
1995	O
,	O
a	O
convention	O
has	O
been	O
in	O
place	O
which	O
seeks	O
to	O
protect	O
,	O
under	O
criminal	B
law	I
,	O
the	O
financial	B
interests	I
of	O
the	O
EU	B
and	O
its	O
taxpayers	B
.	O

Over	O
the	O
years	O
,	O
the	O
Convention	B
on	I
the	I
Protection	I
of	I
the	I
European	I
Communities	I
'	I
Financial	I
Interests	I
has	O
been	O
supplemented	O
by	O
a	O
series	O
of	O
protocols	O
.	O

WHAT	O
DOES	O
THE	O
CONVENTION	O
DO	O
?	O

The	O
Convention	O
and	O
its	O
protocols	O

provide	O
a	O
harmonised	O
legal	B
definition	I
of	O
fraud	B

require	O
their	O
signatories	O
to	O
adopt	O
criminal	B
penalties	I
for	O
fraud	B
.	O

KEY	O
POINTS	O

EU	B
countries	O
must	O
introduce	O
effective	O
,	O
proportionate	O
and	O
dissuasive	O
criminal	B
penalties	I
to	O
deal	O
with	O
fraud	B
affecting	O
the	O
EU	B
's	O
financial	B
interests	I
.	O

The	O
Convention	O
differentiates	O
between	O
fraud	B
in	O
regard	O
to	O
expenditure	B
and	O
revenue	B
.	O

Examples	O
of	O
fraud	B
in	O
respect	O
to	O
expenditure	B
include	O
any	O
intentional	O
act	O
or	O
omission	O
such	O
as	O
:	O
the	O
use	O
or	O
presentation	O
of	O
false	O
,	O
incorrect	O
or	O
incomplete	O
statements	O
or	O
documents	O
which	O
has	O
as	O
its	O
effect	O
;	O
the	O
misappropriation	B
or	O
wrongful	B
retention	I
of	O
funds	B
from	O
the	O
EU	B
's	O
budget	B
non-disclosure	O
of	O
information	O
in	O
violation	O
of	O
a	O
specific	O
obligation	O
with	O
the	O
same	O
effect	O
;	O
or	O
the	O
misapplication	O
of	O
such	O
funds	B
for	O
purposes	O
other	O
than	O
those	O
for	O
which	O
they	O
were	O
intended	O
.	O

Examples	O
of	O
fraud	B
in	O
respect	O
of	O
revenue	B
include	O
any	O
intentional	O
act	O
or	O
omission	O
such	O
as	O
:	O
the	O
use	O
or	O
presentation	O
of	O
false	O
,	O
incorrect	O
or	O
incomplete	O
statements	O
or	O
documents	O
,	O
which	O
has	O
as	O
its	O
effect	O
the	O
illegal	B
reduction	O
of	O
EU	B
budget	B
resources	O
;	O
non-disclosure	O
of	O
information	O
in	O
violation	O
of	O
a	O
specific	O
obligation	O
with	O
the	O
same	O
effect	O
;	O
or	O
the	O
misapplication	O
of	O
a	O
legally	B
obtained	O
benefit	O
(	O
for	O
example	O
,	O
the	O
misuse	O
of	O
legally	B
obtained	O
tax	B
payments	I
)	O
with	O
the	O
same	O
effect	O
.	O

In	O
cases	O
of	O
serious	O
fraud	B
,	O
these	O
penalties	B
must	O
include	O
custodial	B
sentences	I
that	O
may	O
give	O
rise	O
to	O
extradition	B
in	O
certain	O
cases	O
.	O

The	O
first	O
Protocol	O
to	O
the	O
Convention	O
,	O
adopted	O
in	O
1996	O
,	O
differentiates	O
between	O
'	O
active	B
'	O
*	O
and	O
'	O
passive	B
'	O
*	O
corruption	B
of	O
public	B
officials	I
.	O

It	O
also	O
defines	O
an	O
'	O
official	B
'	O
(	O
both	O
at	O
national	O
and	O
EU	B
levels	O
)	O
and	O
harmonises	O
the	O
penalties	B
for	O
corruption	B
offences	I
.	O

Liability	B
of	O
legal	B
persons	I

Each	O
EU	B
country	O
must	O
enact	O
legislation	B
to	O
allow	O
heads	O
of	O
businesses	B
or	O
any	O
persons	O
having	O
power	O
to	O
take	O
decisions	O
or	O
exercise	O
control	O
within	O
a	O
business	B
(	O
i.e.	O
legal	B
persons	I
)	O
to	O
be	O
declared	O
criminally	B
liable	I
.	O

The	O
Second	O
Protocol	O
,	O
adopted	O
in	O
1997	O
,	O
further	O
clarified	O
the	O
Convention	O
regarding	O
the	O
issues	O
of	O
the	O
liability	B
of	O
legal	B
persons	I
,	O
confiscation	B
and	O
money	B
laundering	I
.	O

National	O
courts	B

In	O
1996	O
,	O
a	O
Protocol	O
conferring	O
an	O
interpretative	B
jurisdiction	I
on	O
the	O
European	B
Court	I
of	I
Justice	I
(	O
ECJ	B
)	O
was	O
adopted	O
.	O

This	O
protocol	O
allows	O
national	O
courts	B
,	O
when	O
in	O
doubt	O
as	O
to	O
how	O
to	O
interpret	O
the	O
Convention	O
and	O
its	O
Protocols	O
,	O
to	O
petition	O
the	O
Court	B
of	I
Justice	I
of	I
the	I
European	I
Union	I
for	O
preliminary	B
rulings	I
.	O

Each	O
EU	B
country	O
must	O
take	O
the	O
necessary	O
measures	O
to	O
establish	O
its	O
jurisdiction	B
over	O
the	O
offences	B
it	O
has	O
established	O
in	O
accordance	O
with	O
its	O
obligations	O
under	O
the	O
convention	O
.	O

Cases	O
of	O
fraud	B
involving	O
two	O
or	O
more	O
countries	O

If	O
a	O
fraud	B
constitutes	O
a	O
criminal	B
offence	I
and	O
concerns	O
at	O
least	O
two	O
EU	B
countries	O
,	O
those	O
countries	O
must	O
cooperate	O
effectively	O
in	O
the	O
investigation	O
,	O
the	O
prosecution	B
and	O
the	O
enforcement	B
of	O
the	O
penalties	B
imposed	O
by	O
means	O
,	O
for	O
example	O
,	O
of	O
mutual	B
legal	I
assistance	I
,	O
extradition	B
,	O
transfer	B
of	I
proceedings	I
or	O
enforcement	B
of	O
sentences	B
passed	O
in	O
another	O
EU	B
country	O
.	O

Disputes	B
between	O
EU	B
countries	O

Where	O
disputes	B
arise	O
as	O
to	O
the	O
interpretation	O
or	O
application	O
of	O
the	O
Convention	O
,	O
the	O
case	O
must	O
first	O
be	O
examined	O
by	O
the	O
Council	B
.	O

If	O
the	O
Council	B
does	O
not	O
find	O
a	O
solution	O
within	O
6	O
months	O
,	O
a	O
party	O
to	O
the	O
dispute	B
may	O
petition	O
the	O
Court	B
of	I
Justice	I
of	I
the	I
European	I
Union	I
.	O

The	O
Court	B
of	I
Justice	I
also	O
has	O
jurisdiction	B
over	O
disputes	B
between	O
EU	B
countries	O
and	O
the	O
European	B
Commission	I
.	O

SINCE	O
WHEN	O
HAS	O
THE	O
CONVENTION	O
APPLIED	O
?	O

The	O
Convention	O
entered	O
into	O
force	O
on	O
17	O
October	O
2002	O
,	O
along	O
with	O
its	O
first	O
protocol	O
and	O
the	O
protocol	O
on	O
its	O
interpretation	O
by	O
the	O
Court	B
of	I
Justice	I
.	O

The	O
second	O
protocol	O
entered	O
into	O
force	O
on	O
19	O
May	O
2009	O
.	O

The	O
convention	O
and	O
its	O
protocols	O
are	O
open	O
for	O
signature	O
by	O
any	O
country	O
that	O
joins	O
the	O
EU	B
.	O

For	O
more	O
information	O
,	O
see	O
the	O
European	B
Anti-Fraud	I
Office	I
.	O

KEY	O
TERMS	O

Active	B
corruption	I
:	O
an	O
offence	B
committed	O
by	O
a	O
public	B
official	I
who	O
gives	O
or	O
promises	O
a	O
bribe	B
.	O

Passive	B
corruption	I
:	O
an	O
offence	B
committed	O
by	O
an	O
official	B
who	O
receives	O
a	O
bribe	B
.	O

RELATED	O
ACTS	O

Council	B
Act	O
of	O
27	O
September	O
1996	O
drawing	O
up	O
a	O
Protocol	O
to	O
the	O
Convention	B
on	I
the	I
protection	I
of	I
the	I
European	I
Communities	I
'	I
financial	I
interests	I
OJ	B
C	O
313	O
,	O
23.10.1996	O
,	O
pp	O
.	O

1	O
-	O
10	O
.	O

Council	B
Act	O
of	O
29	O
November	O
1996	O
drawing	O
up	O
,	O
on	O
the	O
basis	O
of	O
Article	O
K.3	O
of	O
the	O
Treaty	B
on	I
European	I
Union	I
,	O
the	O
Protocol	O
on	O
the	O
interpretation	O
,	O
by	O
way	O
of	O
preliminary	B
rulings	I
,	O
by	O
the	O
Court	B
of	I
Justice	I
of	O
the	O
European	B
Communities	I
of	O
the	O
Convention	B
on	I
the	I
protection	I
of	I
the	I
European	I
Communities	I
'	I
financial	I
interests	I
OJ	B
C	O
151	O
,	O
20.5.1997	O
,	O
pp	O
.	O

1	O
-	O
14	O

Council	B
Act	O
of	O
19	O
June	O
1997	O
drawing	O
up	O
the	O
Second	O
Protocol	O
of	O
the	O
Convention	B
on	I
the	I
protection	I
of	I
the	I
European	I
Communities	I
'	I
financial	I
interests	I
OJ	B
C	O
221	O
,	O
19.7.1997	O
,	O
pp	O
.	O

11	O
-	O
22	O

Council	B
Decision	B
2008	O
/	O
40	O
/	O
JHA	O
of	O
6	O
December	O
2007	O
concerning	O
the	O
accession	O
of	O
Bulgaria	B
and	O
Romania	B
to	O
the	O
Convention	O
,	O
drawn	O
up	O
on	O
the	O
basis	O
of	O
Article	O
K.3	O
of	O
the	O
Treaty	B
on	I
European	I
Union	I
,	O
on	O
the	O
protection	O
of	O
the	O
European	B
Communities	I
'	O
financial	B
interests	I
,	O
the	O
Protocol	O
of	O
27	O
September	O
1996	O
,	O
the	O
Protocol	O
of	O
29	O
November	O
1996	O
and	O
the	O
Second	O
Protocol	O
of	O
19	O
June	O
1997	O
OJ	B
L	O
9	O
,	O
12.1.2008	O
,	O
pp	O
.	O

23	O
-	O
24	O
.	O

last	O
update	O
24.08.2015	O

